fixIdx,legIdx,tickLead,togo,area
436,2,974.25144015493,25.156,2355.0385212577985
437,2,978.25144015493,25.114,2065.4213956566136
438,2,983.25144015493,25.064,2466.879538204739
439,2,988.25144015493,25.025,1930.5205290509643
440,2,993.25144015493,24.984,2036.5319620988657
441,2,998.25144015493,24.929,2740.4148272850794
442,2,1003.25144015493,24.878,2548.4161684695455
443,2,1007.25144015493,24.836,2103.128920026292
444,2,1012.25144015493,24.772,3213.8092443651717
445,2,1017.25144015493,24.707,3271.6179604825616
446,2,1022.25144015493,24.668,1968.4729294484118
447,2,1026.25144015493,24.63,1922.5014528768068
448,2,1031.25144015493,24.593,1878.1677166335571
449,2,1036.25144015493,24.54,2698.449526484047
450,2,1040.25144015493,24.498,2142.497705137233
451,2,1044.25144015493,24.456,2147.051970056548
452,2,1049.25144015493,24.406,2563.426193442546
453,3,1054.25144015493,24.355,2621.7240781430382
454,3,1059.25144015493,24.289,3400.730985623109
455,3,1063.25144015493,24.228,3146.731977441798
456,3,1068.25144015493,24.185,2223.842049805632
457,3,1072.25144015493,24.163,1140.5066778293526
458,3,1077.25144015493,24.144,988.7369210718189
459,3,1081.25144015493,24.13,730.7486483085131
460,3,1085.25144015493,24.122,418.9244199227993
461,3,1089.25144015493,24.114,420.3290597384593
462,3,1094.25144015493,24.108,316.60195768291817
463,3,1098.25144015493,24.105,158.84999005257492
464,3,1103.25144015493,24.097,425.4314073467366
465,3,1108.25144015493,24.066,1654.6781374777645
466,3,1113.25144015493,24.01,2997.157869265611
467,3,1118.25144015493,23.946,3432.119428100472
468,3,1123.25144015493,23.89,3008.983929910119
469,3,1127.25144015493,23.857,1776.1548589316228
470,3,1131.25144015493,23.839,971.2110364133684
476,3,1158.25144015493,23.822,938.4581721167801
477,3,1162.25144015493,23.784,2102.5453982806066
478,3,1167.25144015493,23.744,2219.085057907293
479,3,1171.25144015493,23.727,945.2081109650795
480,3,1175.25144015493,23.69,2061.8952088995197
481,3,1180.25144015493,23.631,3295.1900255747737
482,3,1184.25144015493,23.584,2627.978292105039
483,3,1189.25144015493,23.523,3417.3461230740722
484,3,1193.25144015493,23.492,1739.122210225338
497,3,1255.25144015493,23.452,2357.0609442652712
498,3,1260.25144015493,23.407,2657.4355005399943
499,3,1265.25144015493,23.364,2544.614229621864
500,3,1269.25144015493,23.326,2251.931290151695
501,3,1274.25144015493,23.269,3384.3035136792087
502,3,1279.25144015493,23.221,2854.675173734426
503,3,1284.25144015493,23.179,2502.749206574022
504,3,1289.25144015493,23.152,1612.7723287929364
505,3,1293.25144015493,23.127,1496.2595849733775
506,3,1297.25144015493,23.096,1858.8484528666495
507,3,1301.25144015493,23.063,1982.1273524617516
508,3,1306.25144015493,23.028,2107.2252294863392
509,3,1311.25144015493,22.996,1931.1691610140974
510,3,1316.25144015493,22.971,1512.6032487399555
511,3,1320.25144015493,22.957,848.911114008059
512,3,1325.25144015493,22.948,547.5210062428292
513,3,1330.25144015493,22.943,305.2328442006887
514,3,1335.25144015493,22.894,2998.992092856881
515,3,1339.25144015493,22.856,2328.2886287091437
516,3,1343.25144015493,22.821,2147.4493611184944
517,3,1348.25144015493,22.769,3196.2727241466832
518,3,1352.25144015493,22.735,2092.1168841154713
519,3,1356.25144015493,22.702,2033.5918906484035
520,3,1360.25144015493,22.689,802.6612505610451
522,3,1370.25144015493,22.65,2422.9073717622823
523,3,1374.25144015493,22.634,995.7056354555039
524,3,1379.25144015493,22.62,873.833025418756
525,4,1384.25144015493,22.35,16807.442561217118
531,4,1410.25144015493,22.318,2015.779562522895
532,4,1414.25144015493,22.286,2018.6006795734577
533,4,1419.25144015493,22.247,2464.9374509924537
534,4,1424.25144015493,22.213,2152.9554469957297
535,4,1429.25144015493,22.17,2727.6820667409925
536,4,1434.25144015493,22.125,2858.8575393749265
537,4,1439.25144015493,22.083,2672.309961987605
538,4,1443.25144015493,22.045,2420.1363829437464
539,4,1448.25144015493,22.006,2488.0800434204225
540,4,1453.25144015493,21.959,3002.933379621378
541,4,1457.25144015493,21.927,2046.493974484458
542,4,1461.25144015493,21.893,2177.089295657958
543,4,1466.25144015493,21.864,1860.6041637389135
547,4,1485.25144015493,21.846,1168.56612808514
548,4,1489.25144015493,21.811,2275.5687542995415
553,4,1512.25144015493,21.768,2833.803436951954
554,4,1517.25144015493,21.741,1782.3805085619904
560,4,1546.25144015493,21.701,2686.8902025283614
561,4,1550.25144015493,21.657,2957.4952854584803
562,4,1555.25144015493,21.603,3633.129574259421
563,4,1560.25144015493,21.555,3232.191919402033
564,4,1565.25144015493,21.506,3302.663320961026
565,4,1570.25144015493,21.462,2968.704810745422
566,4,1574.25144015493,21.429,2228.2002111496927
567,4,1579.25144015493,21.378,3447.753836334207
568,4,1584.25144015493,21.344,2301.20126089409
571,4,1598.25144015493,21.337,477.50478802086684
576,4,1620.25144015493,21.324,898.5801069497135
577,4,1624.25144015493,21.296,1938.3166986234426
578,4,1629.25144015493,21.263,2288.1972973711113
579,4,1633.25144015493,21.228,2428.9470430268193
580,4,1638.25144015493,21.184,3057.186883513473
581,4,1643.25144015493,21.131,3685.311788578318
582,4,1648.25144015493,21.08,3548.2914185595014
583,4,1652.25144015493,21.043,2575.118134304839
584,4,1657.25144015493,20.994,3413.628060699811
585,4,1661.25144015493,20.949,3135.5041119486914
586,4,1666.25144015493,20.896,3695.387450204059
587,4,1670.25144015493,20.85,3207.410564552511
588,4,1675.25144015493,20.802,3349.323503296118
589,4,1680.25144015493,20.764,2653.9705917362508
590,4,1684.25144015493,20.734,2096.7919879063097
591,4,1689.25144015493,20.709,1750.1911858586684
592,4,1693.25144015493,20.696,911.4179864348619
593,4,1697.25144015493,20.679,1193.8042317191855
594,4,1702.25144015493,20.664,1055.642719354669
595,4,1706.25144015493,20.66,282.0365380519435
603,4,1742.25144015493,20.65,719.7240699281141
604,4,1747.25144015493,20.616,2451.4706496006556
605,4,1751.25144015493,20.59,1876.2137379186108
606,4,1756.25144015493,20.557,2384.727774265902
607,4,1760.25144015493,20.53,1952.7331748842485
608,4,1765.25144015493,20.499,2245.221541481786
609,4,1769.25144015493,20.473,1884.734020156708
610,4,1774.25144015493,20.435,2758.0809607266174
611,4,1778.25144015493,20.403,2323.8474340175067
612,4,1782.25144015493,20.375,2034.9461783457614
613,4,1787.25144015493,20.337,2764.9780640003437
614,4,1791.25144015493,20.314,1674.7717327559526
615,4,1795.25144015493,20.282,2332.1608788649473
616,4,1800.25144015493,20.247,2553.683671631381
617,4,1804.25144015493,20.237,730.4331530324359
619,4,1814.25144015493,20.219,1321.1524127321304
653,4,1971.25144015493,20.2,1513.844227232972
654,4,1976.25144015493,20.176,1915.0350755447632
655,4,1981.25144015493,20.156,1598.1566616865384
656,4,1985.25144015493,20.138,1439.8869875326197
657,4,1990.25144015493,20.113,2002.740267942073
658,4,1994.25144015493,20.09,1844.0224849165938
659,4,1998.25144015493,20.074,1284.1243334779804
660,4,2002.25144015493,20.049,2008.4083633335777
661,4,2007.25144015493,20.018,2493.160847033219
662,4,2011.25144015493,19.987,2494.263529765527
663,4,2015.25144015493,19.953,2736.6308456727015
664,4,2020.25144015493,19.915,3060.648607811697
665,4,2025.25144015493,19.864,4108.68632893394
666,4,2030.25144015493,19.819,3625.4910554852013
667,4,2035.25144015493,19.779,3223.675461090128
668,4,2040.25144015493,19.74,3144.5191698759436
669,4,2045.25144015493,19.692,3871.1210298329415
670,4,2050.25144015493,19.649,3468.33450200675
671,4,2054.25144015493,19.62,2339.383594299868
672,4,2059.25144015493,19.582,3067.6174483642567
673,4,2063.25144015493,19.549,2664.324039455286
674,4,2068.25144015493,19.511,3069.86424759318
675,4,2072.25144015493,19.475,2908.3966072515072
676,4,2077.25144015493,19.428,3798.131700488369
677,4,2082.25144015493,19.388,3232.9868760420823
678,4,2086.25144015493,19.348,3232.521431433873
679,4,2091.25144015493,19.299,3960.2091259756703
680,4,2095.25144015493,19.261,3070.1300302302366
681,4,2100.25144015493,19.212,3959.3457091969094
682,4,2105.25144015493,19.161,4120.025489166191
683,4,2109.25144015493,19.119,3391.170095423619
684,4,2114.25144015493,19.071,3875.676599976666
685,4,2118.25144015493,19.028,3470.2402495941224
686,4,2122.25144015493,18.988,3227.180429957124
687,4,2126.25144015493,18.946,3387.603329495001
688,4,2131.25144015493,18.896,4032.540849917201
689,4,2136.25144015493,18.849,3789.7420986064967
690,4,2140.25144015493,18.826,1854.5813791802257
691,4,2144.25144015493,18.807,1533.1976744998128
692,4,2149.25144015493,18.764,3472.229611896558
693,4,2153.25144015493,18.726,3067.5650666735373
694,4,2158.25144015493,18.679,3794.2815705928206
695,4,2163.25144015493,18.631,3874.123739144521
696,4,2168.25144015493,18.589,3389.4973813079214
697,4,2173.25144015493,18.538,4115.001617150106
698,4,2178.25144015493,18.5,3065.7669199374363
699,4,2183.25144015493,18.456,3550.1065697841254
700,4,2188.25144015493,18.412,3549.763980207845
701,4,2192.25144015493,18.379,2661.6190502462355
702,4,2197.25144015493,18.332,3791.1749881178475
703,4,2202.25144015493,18.296,2903.9063669999223
704,4,2206.25144015493,18.27,2097.5185441783183
705,4,2210.25144015493,18.24,2420.8884024017866
706,4,2215.25144015493,18.197,3470.8360191717234
707,4,2220.25144015493,18.155,3389.8443748053464
708,4,2224.25144015493,18.123,2582.1245998701
709,4,2229.25144015493,18.094,2341.3671828346355
710,4,2233.25144015493,18.075,1534.7149554404634
711,4,2237.25144015493,18.048,2182.038311863429
712,4,2242.25144015493,18.017,2506.8707438647175
713,4,2247.25144015493,17.983,2750.635762749547
714,4,2252.25144015493,17.95,2670.6949829699756
763,4,2497.25144015493,17.905,4029.2527674038106
764,4,2501.25144015493,17.861,3936.229396377618
765,4,2506.25144015493,17.808,4737.960578801042
766,4,2510.25144015493,17.769,3482.981403969418
767,4,2515.25144015493,17.712,5086.887271843689
768,4,2520.25144015493,17.66,4635.609364940295
769,4,2525.25144015493,17.605,4897.914562038473
770,4,2530.25144015493,17.558,4181.647875337941
771,4,2534.25144015493,17.52,3378.065936674699
772,4,2538.25144015493,17.489,2754.710984719796
773,4,2543.25144015493,17.448,3642.9965981524374
774,4,2547.25144015493,17.41,3374.099446635004
775,4,2552.25144015493,17.369,3639.3548663231136
780,4,2575.25144015493,17.347,1966.853437921071
781,4,2579.25144015493,17.31,3307.3973349738594
782,4,2583.25144015493,17.264,4108.4134234281055
783,4,2588.25144015493,17.209,4907.363554305324
784,4,2592.25144015493,17.176,2941.440670401111
785,4,2597.25144015493,17.145,2763.3482670041717
786,4,2602.25144015493,17.123,1961.8269517269043
787,4,2607.25144015493,17.083,3567.345710477822
788,4,2612.25144015493,17.027,4989.818210926108
789,4,2616.25144015493,16.986,3648.448969593608
790,4,2620.25144015493,16.943,3822.8079778596493
791,4,2624.25144015493,16.905,3375.375184361858
792,4,2629.25144015493,16.873,2841.947364657706
793,4,2633.25144015493,16.841,2840.878049708269
794,4,2638.25144015493,16.795,4082.0503702883016
795,4,2643.25144015493,16.747,4255.677110672642
796,4,2648.25144015493,16.695,4605.266882406346
797,4,2652.25144015493,16.657,3361.3998212178176
798,4,2657.25144015493,16.611,4066.4662819093587
799,4,2662.25144015493,16.573,3357.0777680238684
800,4,2667.25144015493,16.551,1943.7008074814003
803,4,2680.25144015493,16.532,1684.7444094981192
804,4,2685.25144015493,16.486,4078.435074347577
805,4,2689.25144015493,16.455,2746.185582394659
806,4,2694.25144015493,16.418,3277.0207209117957
807,4,2699.25144015493,16.374,3894.609541924703
808,4,2704.25144015493,16.327,4156.291138191538
809,4,2708.25144015493,16.295,2827.154511383495
810,4,2713.25144015493,16.253,3709.058130714973
811,4,2717.25144015493,16.217,3176.249553426021
812,4,2722.25144015493,16.173,3879.6438624512425
813,4,2727.25144015493,16.125,4228.068816677795
814,4,2732.25144015493,16.073,4574.597657245604
815,4,2737.25144015493,16.026,4129.562596944108
816,4,2741.25144015493,16.001,2194.851496845924
817,4,2746.25144015493,15.985,1405.4655770368868
818,4,2751.25144015493,15.966,1670.1994605234245
819,4,2755.25144015493,15.932,2988.1583548940116
820,4,2759.25144015493,15.894,3337.005580706113
821,4,2763.25144015493,15.855,3421.48832896565
822,4,2767.25144015493,15.819,3155.3971961567854
823,4,2772.25144015493,15.772,4116.175176558969
824,4,2776.25144015493,15.73,3673.2138604459296
825,4,2780.25144015493,15.689,3581.4615199273703
826,4,2784.25144015493,15.655,2967.1656227674093
827,4,2789.25144015493,15.607,4185.483769061928
828,4,2793.25144015493,15.577,2613.1425872936843
829,4,2798.25144015493,15.532,3917.2861823300814
830,4,2802.25144015493,15.498,2956.431314392315
831,4,2806.25144015493,15.467,2693.762851176216
832,4,2811.25144015493,15.435,2779.9453441173673
833,4,2815.25144015493,15.406,2517.9299203087203
834,4,2820.25144015493,15.376,2604.3893949255703
835,4,2825.25144015493,15.356,1736.5125451767892
836,4,2829.25144015493,15.341,1302.7429718765877
837,4,2834.25144015493,15.319,1911.7592814131701
838,4,2838.25144015493,15.313,521.6479086889747
839,4,2842.25144015493,15.28,2869.4489441858814
840,4,2846.25144015493,15.273,608.7306417573466
852,4,2899.25144015493,15.263,885.3154197656905
853,4,2903.25144015493,15.242,1859.8373888203623
854,4,2907.25144015493,15.231,974.5194044943424
858,4,2926.25144015493,15.23,89.13654511850993
859,5,2930.25144015493,15.227,267.74000433840627
860,5,2934.25144015493,15.219,714.689754775736
861,5,2939.25144015493,15.18,3484.661876641492
862,5,2943.25144015493,15.149,2767.242060782277
863,5,2947.25144015493,15.118,2765.3382395141407
864,5,2952.25144015493,15.079,3476.816332795952
865,5,2957.25144015493,15.046,2939.8775879441314
866,5,2962.25144015493,15.016,2671.536083818068
867,5,2966.25144015493,14.979,3291.9903420556157
868,5,2970.25144015493,14.953,2311.544718774634
869,5,2975.25144015493,14.92,2933.0296469676446
870,5,2979.25144015493,14.893,2398.1514260040844
871,5,2984.25144015493,14.868,2220.3576777613034
872,5,2989.25144015493,14.841,2397.807117960287
873,5,2994.25144015493,14.814,2397.452214360383
874,5,2998.25144015493,14.787,2396.2835037606374
875,5,3003.25144015493,14.753,3016.3456164340673
876,5,3007.25144015493,14.725,2482.1372226808785
877,5,3011.25144015493,14.701,2126.6180370718985
878,5,3016.25144015493,14.658,3807.8274193549614
879,5,3021.25144015493,14.617,3626.3325723318344
880,5,3025.25144015493,14.581,3179.926495787292
881,5,3029.25144015493,14.548,2911.889151608961
882,5,3033.25144015493,14.517,2733.0050463512457
883,5,3037.25144015493,14.488,2554.768862629111
884,5,3042.25144015493,14.452,3169.539240410976
885,5,3046.25144015493,14.411,3604.882168004894
886,5,3051.25144015493,14.364,4126.588728951428
887,5,3056.25144015493,14.315,4294.86151755807
888,5,3060.25144015493,14.275,3499.7035469611037
889,5,3064.25144015493,14.236,3407.2300396000055
890,5,3069.25144015493,14.188,4187.539340878263
891,5,3074.25144015493,14.147,3571.46549682842
892,5,3079.25144015493,14.098,4261.69938943158
893,5,3084.25144015493,14.045,4600.404678854922
894,5,3088.25144015493,14.001,3810.9763951857894
895,5,3093.25144015493,13.951,4323.128212760438
896,5,3097.25144015493,13.914,3193.281721057004
897,5,3102.25144015493,13.861,4566.746788765987
898,5,3106.25144015493,13.818,3697.0511453181666
899,5,3111.25144015493,13.793,2147.6190878529746
900,5,3116.25144015493,13.792,85.9617959766261
902,5,3125.25144015493,13.777,1292.400854304518
903,5,3130.25144015493,13.737,3445.0295249768365
904,5,3134.25144015493,13.704,2838.230794386572
905,5,3138.25144015493,13.672,2749.208685621806
906,5,3143.25144015493,13.627,3861.342947915519
907,5,3147.25144015493,13.584,3682.5139343364885
908,5,3151.25144015493,13.542,3590.195555756975
909,5,3155.25144015493,13.497,3839.167966065706
910,5,3159.25144015493,13.45,4001.220382219231
911,5,3164.25144015493,13.388,5265.175169354385
912,5,3169.25144015493,13.342,3896.848185785646
916,5,3189.25144015493,13.31,2719.9977402562968
921,5,3212.25144015493,13.294,1367.3397970221095
922,5,3216.25144015493,13.276,1538.2044137685552
964,5,3409.25144015493,13.251,2260.930323824778
965,5,3413.25144015493,13.206,4063.697700848048
966,5,3417.25144015493,13.172,3064.768788605732
967,5,3422.25144015493,13.12,4678.847412956902
968,5,3427.25144015493,13.071,4398.393980985745
969,5,3432.25144015493,13.021,4477.715228826027
970,5,3437.25144015493,12.966,4912.811924641973
971,5,3441.25144015493,12.924,3741.9479909956513
972,5,3446.25144015493,12.87,4800.2009209572625
973,5,3450.25144015493,12.844,2306.713903835723
974,5,3455.25144015493,12.811,2925.2676980067195
975,5,3459.25144015493,12.772,3451.423154145833
976,5,3464.25144015493,12.721,4504.022260157365
977,5,3468.25144015493,12.683,3348.0834642564646
978,5,3473.25144015493,12.627,4922.847661217918
979,5,3478.25144015493,12.574,4645.736970797325
980,5,3483.25144015493,12.523,4458.377231071996
981,5,3487.25144015493,12.484,3401.0221737941933
982,5,3492.25144015493,12.439,3916.6822189341533
983,5,3497.25144015493,12.407,2780.566697026863
1036,5,3750.25144015493,12.383,2231.2495968346616
1037,5,3755.25144015493,12.346,3435.953675952787
1038,5,3759.25144015493,12.315,2873.9138927355366
1039,5,3763.25144015493,12.279,3331.9226130900943
1040,5,3768.25144015493,12.233,4248.899447849514
1041,5,3772.25144015493,12.19,3961.5769676849613
1042,5,3777.25144015493,12.137,4870.127376586309
1043,5,3782.25144015493,12.081,5129.519661149723
1044,5,3786.25144015493,12.033,4382.480026939011
1045,5,3790.25144015493,11.984,4460.4929730718
1046,5,3794.25144015493,11.944,3631.5539384010094
1047,5,3799.25144015493,11.91,3081.3296910175573
1053,5,3826.25144015493,11.872,3457.844646491076
1054,5,3831.25144015493,11.87,181.92314338437745
1055,5,3835.25144015493,11.846,2182.963755713065
1056,5,3840.25144015493,11.833,1182.1330800685625
1059,5,3854.25144015493,11.831,182.41401215971345
1063,5,3873.25144015493,11.808,2105.8751882578863
1067,5,3893.25144015493,11.795,1194.6013786456895
1072,5,3914.25144015493,11.78,1384.1771655248397
1073,5,3919.25144015493,11.745,3227.0136545375785
1074,5,3924.25144015493,11.71,3221.5161135090357
1075,5,3928.25144015493,11.707,275.9635919223345
1081,5,3956.25144015493,11.706,92.62771496846058
1095,5,4022.25144015493,11.667,3666.471233518878
1096,5,4027.25144015493,11.598,6464.886328109019
1097,5,4031.25144015493,11.545,4944.6483602138715
1098,5,4035.25144015493,11.494,4741.376054416216
1099,5,4040.25144015493,11.43,5927.598336903149
1100,5,4045.25144015493,11.359,6545.293689948015
1101,5,4050.25144015493,11.291,6238.197268126588
1102,5,4055.25144015493,11.22,6481.431327022237
1103,5,4060.25144015493,11.148,6539.018703363841
1104,5,4064.25144015493,11.097,4610.872937598581
1105,5,4069.25144015493,11.04,5134.618090450486
1106,5,4074.25144015493,10.987,4756.407433031424
1107,5,4078.25144015493,10.948,3488.8013682521105
1108,5,4083.25144015493,10.889,5260.791740221223
1109,5,4088.25144015493,10.833,4973.079875850467
1110,5,4092.25144015493,10.798,3098.182181569708
1111,5,4096.25144015493,10.765,2914.806503533958
1112,5,4101.25144015493,10.713,4580.507278445795
1113,5,4105.25144015493,10.679,2985.86431946491
1114,5,4109.25144015493,10.632,4115.896099733713
1115,5,4114.25144015493,10.569,5495.253421311552
1116,5,4118.25144015493,10.527,3648.902560023491
1117,5,4122.25144015493,10.507,1734.1487358443387
1118,5,4126.25144015493,10.483,2078.6404254923723
1119,5,4131.25144015493,10.475,692.6621414622136
1121,5,4140.25144015493,10.452,1992.7899634267837
1122,5,4145.25144015493,10.421,2682.23883262102
1123,5,4149.25144015493,10.37,4399.621421305332
1124,5,4154.25144015493,10.315,4726.188007178235
1125,5,4158.25144015493,10.279,3082.861085707787
1126,5,4163.25144015493,10.226,4524.475951359891
1127,5,4167.25144015493,10.184,3572.2512795297444
1128,5,4172.25144015493,10.13,4576.776250786464
1129,5,4177.25144015493,10.066,5399.281285463619
1130,5,4182.25144015493,10.02,3864.216311639885
1131,5,4186.25144015493,9.981,3265.4393871269863
1132,5,4190.25144015493,9.946,2922.4699156788665
1133,5,4194.25144015493,9.904,3496.7474256571495
1134,5,4199.25144015493,9.849,4562.1297533558945
1135,5,4204.25144015493,9.791,4789.1469005092695
1136,5,4208.25144015493,9.751,3289.505985740381
1137,5,4213.25144015493,9.69,4996.499096131166
1138,5,4218.25144015493,9.628,5052.267241896552
1139,5,4222.25144015493,9.579,3973.7423871416895
1140,5,4226.25144015493,9.534,3634.935469905647
1141,5,4231.25144015493,9.478,4504.894933292705
1142,5,4236.25144015493,9.426,4164.269055683785
1143,5,4241.25144015493,9.375,4066.728184644007
1144,5,4246.25144015493,9.34,2781.400849587494
1145,5,4251.25144015493,9.33,793.7086438769085
1146,5,4255.25144015493,9.318,952.2231462721456
1147,5,4260.25144015493,9.297,1665.3961917280867
1148,5,4265.25144015493,9.28,1347.004792063986
1153,5,4289.25144015493,9.275,397.93530236029443
1154,5,4293.25144015493,9.23,3575.097805503008
1155,6,4298.25144015493,9.203,2139.201057502228
1158,6,4312.25144015493,9.197,476.07255899312224
1159,6,4317.25144015493,9.139,4591.345099587472
1160,6,4321.25144015493,9.093,3624.112587817566
1161,6,4325.25144015493,9.046,3687.4195860296495
1162,6,4330.25144015493,9.0,3594.611004495601
1163,6,4334.25144015493,8.958,3269.048469216679
1164,6,4339.25144015493,8.91,3721.619747169041
1165,6,4343.25144015493,8.87,3088.920424238257
1166,6,4347.25144015493,8.835,2693.8830361778805
1167,6,4352.25144015493,8.802,2533.1017354505084
1168,6,4356.25144015493,8.777,1914.4636016621148
1169,6,4361.25144015493,8.753,1834.8657059019156
1170,6,4366.25144015493,8.722,2365.307561417974
1171,6,4370.25144015493,8.686,2738.784134527781
1176,6,4393.25144015493,8.662,1829.1390236113193
1177,6,4398.25144015493,8.621,3116.614165248132
1178,6,4402.25144015493,8.576,3406.7483107354897
1179,6,4407.25144015493,8.526,3768.640706476534
1180,6,4411.25144015493,8.481,3375.9968959221646
1181,6,4416.25144015493,8.426,4106.605970428445
1182,6,4421.25144015493,8.374,3862.4052581193173
1183,6,4426.25144015493,8.33,3253.1885784793453
1184,6,4431.25144015493,8.279,3753.531413646206
1185,6,4435.25144015493,8.247,2345.502889600014
1186,6,4439.25144015493,8.202,3285.9561122598743
1187,6,4444.25144015493,8.15,3778.9647765694685
1188,6,4449.25144015493,8.11,2893.793136676833
1189,6,4453.25144015493,8.082,2018.9973249315872
1194,6,4476.25144015493,8.063,1373.1125105247347
1195,6,4480.25144015493,8.035,2019.4464551412275
1203,6,4517.25144015493,8.013,1594.8427244553563
1204,6,4522.25144015493,7.968,3252.154511930212
1205,6,4526.25144015493,7.925,3093.2357079504495
1206,6,4531.25144015493,7.868,4079.037077678872
1207,6,4535.25144015493,7.822,3273.2723744174377
1208,6,4540.25144015493,7.76,4386.264272310655
1209,6,4545.25144015493,7.697,4426.12494515989
1210,6,4550.25144015493,7.637,4186.413335000176
1211,6,4555.25144015493,7.586,3536.5742263473526
1212,6,4560.25144015493,7.536,3448.0061139011914
1213,6,4564.25144015493,7.498,2607.5203337489465
1214,6,4569.25144015493,7.454,3006.0556914606796
1215,6,4574.25144015493,7.414,2720.398816488942
1216,6,4578.25144015493,7.382,2167.673865873037
1217,6,4583.25144015493,7.353,1958.492089149798
1218,6,4588.25144015493,7.321,2154.4960522506717
1219,6,4593.25144015493,7.283,2549.034073216816
1220,6,4597.25144015493,7.258,1671.2158297823446
1221,6,4602.25144015493,7.234,1600.6998688974072
1222,6,4607.25144015493,7.198,2393.7067002353465
1223,6,4612.25144015493,7.175,1524.7134688350147
1224,6,4616.25144015493,7.149,1719.2028263482464
1225,6,4621.25144015493,7.12,1912.2784671875445
1226,6,4625.25144015493,7.095,1643.6987305450814
1227,6,4630.25144015493,7.064,2032.351634375743
1228,6,4634.25144015493,7.044,1307.600386354145
1229,6,4639.25144015493,7.014,1956.5579023708983
1230,6,4644.25144015493,6.986,1820.546564540763
1231,6,4648.25144015493,6.962,1556.0114660947443
1232,6,4653.25144015493,6.921,2648.6446794904728
1233,6,4658.25144015493,6.877,2828.0803483353707
1234,6,4662.25144015493,6.851,1664.088082031606
1235,6,4666.25144015493,6.837,894.2030959797844
1242,6,4697.25144015493,6.826,705.9640106952126
1243,6,4702.25144015493,6.821,320.85812701896475
1248,6,4724.25144015493,6.808,837.0286974123236
1249,6,4728.25144015493,6.774,2183.4497760462523
1250,6,4732.25144015493,6.746,1791.4411051850234
1251,6,4737.25144015493,6.745,63.9102591791515
1255,6,4756.25144015493,6.708,2367.476473102953
1256,6,4760.25144015493,6.661,2991.070670661307
1257,6,4764.25144015493,6.625,2278.722406820316
1258,6,4769.25144015493,6.584,2582.878733193288
1259,6,4773.25144015493,6.566,1129.8286158846588
1266,6,4806.25144015493,6.544,1386.2190403695
1267,6,4810.25144015493,6.536,503.3447106978123
1315,6,5029.25144015493,6.5,2360.2075838589208
1316,6,5034.25144015493,6.43,4556.500978484245
1317,6,5039.25144015493,6.36,4511.64181437067
1318,6,5044.25144015493,6.291,4403.222922888598
1319,6,5049.25144015493,6.219,4547.961757176353
1320,6,5054.25144015493,6.154,4064.856449487426
1321,6,5059.25144015493,6.086,4210.916158669727
1322,6,5063.25144015493,6.029,3496.453598256211
1323,6,5067.25144015493,5.973,3405.760499945413
1324,6,5071.25144015493,5.916,3436.6501772040815
1325,6,5076.25144015493,5.849,4001.3805789593343
1326,6,5080.25144015493,5.795,3194.3401795348723
1327,6,5085.25144015493,5.734,3576.2996950663137
1328,6,5089.25144015493,5.688,2673.953777674697
1329,6,5094.25144015493,5.631,3286.724426913449
1330,6,5098.25144015493,5.585,2630.3714550277887
1331,6,5102.25144015493,5.54,2554.3146272275576
1332,6,5107.25144015493,5.5,2255.362235972419
1333,6,5112.25144015493,5.445,3077.447560687248
1334,6,5116.25144015493,5.397,2662.5791094796705
1335,6,5121.25144015493,5.336,3352.9498941381516
1336,6,5126.25144015493,5.27,3588.3555031027295
1337,6,5130.25144015493,5.218,2797.916009425913
1338,6,5134.25144015493,5.162,2984.43767713326
1339,6,5138.25144015493,5.11,2744.566177250094
1340,6,5143.25144015493,5.053,2979.4392700188096
1341,6,5147.25144015493,5.007,2381.942076446109
1342,6,5152.25144015493,4.953,2771.0869145728957
1343,6,5156.25144015493,4.909,2237.441874923573
1344,6,5161.25144015493,4.853,2821.5116472923783
1345,6,5166.25144015493,4.801,2593.499552969276
1346,6,5171.25144015493,4.743,2862.5565772006335
1347,6,5176.25144015493,4.69,2587.861731254014
1348,6,5181.25144015493,4.633,2753.37400906419
1349,6,5185.25144015493,4.579,2579.392958402202
1350,6,5190.25144015493,4.521,2739.4147101137637
1351,6,5195.25144015493,4.464,2660.722048818123
1352,6,5199.25144015493,4.422,1940.4230284831342
1353,6,5204.25144015493,4.367,2515.7091249136793
1354,6,5208.25144015493,4.323,1991.4270206576207
1355,6,5212.25144015493,4.277,2061.966669725302
1356,6,5217.25144015493,4.22,2526.8661727588137
1357,6,5221.25144015493,4.174,2016.0504910783548
1358,6,5225.25144015493,4.127,2038.6161736221513
1359,6,5230.25144015493,4.067,2571.4008180377527
1360,6,5235.25144015493,4.007,2536.165207668675
1361,6,5239.25144015493,3.965,1754.2271241984263
1362,6,5244.25144015493,3.904,2517.287889537325
1363,6,5248.25144015493,3.86,1792.886663979968
1364,6,5252.25144015493,3.812,1934.1731063456955
1365,6,5257.25144015493,3.756,2228.0652183491825
1366,6,5262.25144015493,3.693,2469.5061915959755
1367,6,5266.25144015493,3.632,2353.0927997472245
1368,6,5271.25144015493,3.561,2692.0439242414495
1369,6,5276.25144015493,3.492,2567.724697111476
1370,6,5280.25144015493,3.449,1575.9596855829661
1371,6,5284.25144015493,3.402,1701.5131109755564
1372,6,5288.25144015493,3.36,1501.88456200977
1373,6,5292.25144015493,3.319,1449.2248421205832
1374,6,5296.25144015493,3.27,1709.9530362198584
1375,6,5301.25144015493,3.219,1754.3908503534376
1376,6,5305.25144015493,3.178,1391.445431969512
1377,6,5309.25144015493,3.137,1374.6448366277111
1378,6,5314.25144015493,3.088,1620.9795455332553
1379,6,5319.25144015493,3.038,1629.2867161194636
1380,6,5323.25144015493,3.003,1125.5216682491478
1381,6,5328.25144015493,2.972,986.9253730027012
1382,6,5332.25144015493,2.939,1040.1249626709384
1383,6,5337.25144015493,2.893,1431.8351183532513
1384,6,5342.25144015493,2.844,1501.7763290962705
1385,6,5347.25144015493,2.79,1626.8263891469699
1386,6,5352.25144015493,2.737,1567.8403666160218
1387,6,5356.25144015493,2.695,1221.9966285627138
1388,6,5361.25144015493,2.643,1488.154729752446
1389,6,5365.25144015493,2.599,1237.484514168843
1390,6,5370.25144015493,2.562,1025.4871042576751
1391,6,5374.25144015493,2.534,766.8411894928272
1392,6,5379.25144015493,2.491,1162.3217549314684
1393,6,5384.25144015493,2.455,958.698274428227
1394,6,5388.25144015493,2.424,814.9676420719966
1395,6,5393.25144015493,2.384,1037.230116970597
1396,6,5397.25144015493,2.356,716.3232111373628
1397,6,5401.25144015493,2.328,708.3849288792
1398,6,5406.25144015493,2.284,1097.0797922477605
1399,6,5411.25144015493,2.24,1077.1420666714698
1400,6,5415.25144015493,2.209,746.8660633747311
1401,6,5420.25144015493,2.167,996.198852688961
1402,6,5424.25144015493,2.136,723.5571723565794
1403,6,5428.25144015493,2.104,736.5051554002215
1404,6,5433.25144015493,2.062,950.6668709867943
1405,6,5437.25144015493,2.028,756.1041852679402
1406,6,5442.25144015493,1.992,787.6026284192221
1407,6,5447.25144015493,1.962,646.1529658311783
1408,6,5452.25144015493,1.929,700.0854416702117
1409,6,5457.25144015493,1.9,605.9786571662464
1410,6,5461.25144015493,1.871,597.2369962439012
1411,6,5466.25144015493,1.832,789.4196342328529
1412,6,5471.25144015493,1.788,871.460929387878
1413,6,5476.25144015493,1.748,774.5610036955139
1414,6,5481.25144015493,1.713,663.9713932031659
1415,6,5486.25144015493,1.683,558.9392967229847
1416,6,5490.25144015493,1.654,531.3081026181155
1417,6,5495.25144015493,1.606,859.8969453554402
1418,6,5499.25144015493,1.566,697.7450227268581
1419,6,5503.25144015493,1.518,814.6573171890153
1420,6,5507.25144015493,1.489,480.24884733582894
1421,6,5512.25144015493,1.447,679.7267495883854
1422,6,5517.25144015493,1.402,707.3392208850652
1423,6,5521.25144015493,1.373,444.32270964646665
1424,6,5525.25144015493,1.343,450.1974873438241
1425,6,5529.25144015493,1.314,426.04541121825656
1426,6,5533.25144015493,1.287,388.5836488877622
1427,6,5538.25144015493,1.25,519.870124435902
1428,6,5543.25144015493,1.214,491.7085757475033
1429,6,5548.25144015493,1.172,556.0013733208062
1430,6,5552.25144015493,1.135,473.9346306801836
1431,6,5557.25144015493,1.087,592.7142096011647
1432,6,5562.25144015493,1.041,544.4776689738862
1433,6,5567.25144015493,0.994,532.4797639936174
1434,6,5571.25144015493,0.963,337.9911111198794
1435,6,5576.25144015493,0.917,482.23422454459757
1436,6,5580.25144015493,0.878,390.6455020680462
1437,6,5585.25144015493,0.832,439.33587828258715
1438,6,5589.25144015493,0.794,345.3486679842921
1439,6,5594.25144015493,0.747,405.17484905610144
1440,6,5598.25144015493,0.709,309.7400556808922
1441,6,5603.25144015493,0.666,331.29224139915965
1442,6,5608.25144015493,0.622,317.83082561646046
1443,6,5612.25144015493,0.582,270.28602935786165
1444,6,5617.25144015493,0.53,324.81194727551826
1445,6,5621.25144015493,0.488,240.3422265752644
1446,6,5626.25144015493,0.442,240.69103660982782
1447,6,5631.25144015493,0.404,181.03347129810058
1448,6,5636.25144015493,0.371,144.14713058196247
1449,6,5640.25144015493,0.346,101.1015070647772
1450,6,5645.25144015493,0.305,150.67740618917514
1451,6,5649.25144015493,0.275,98.29697505869568
1452,6,5654.25144015493,0.228,133.67215829670275
1453,6,5659.25144015493,0.186,98.40306404141394
1454,6,5663.25144015493,0.156,58.10495977598958
1455,6,5668.25144015493,0.116,61.670575668885625
1456,6,5673.25144015493,7.2e-2,46.92913591296159
1457,6,5678.25144015493,3.6e-2,22.077041599322364
1458,6,5682.25144015493,2.4e-2,4.0912210369115485
0,7,5684.65440565774,0.0,3.2743609376588587
