fixIdx,time,lat,lng,alt,tickLead,tickRace,zoneIdx,legIdx,togo,area
460,,,,760.0,-432.500435001048,-500.544748953355,1,0,29.455,0.0
474,,,,760.0,-418.500435001048,-486.544748953355,15,0,29.454,0.0
475,,,,759.0,-417.500435001048,-485.544748953355,16,0,29.452,0.0
476,,,,758.0,-416.500435001048,-484.544748953355,17,0,29.449,0.0
477,,,,758.0,-415.500435001048,-483.544748953355,18,0,29.445,0.0
478,,,,757.0,-414.500435001048,-482.544748953355,19,0,29.442,0.0
479,,,,754.0,-413.500435001048,-481.544748953355,20,0,29.44,0.0
480,,,,754.0,-412.500435001048,-480.544748953355,21,0,29.438,0.0
481,,,,755.0,-411.500435001048,-479.544748953355,22,0,29.434,0.0
482,,,,754.0,-410.500435001048,-478.544748953355,23,0,29.428,0.0
483,,,,756.0,-409.500435001048,-477.544748953355,24,0,29.423,0.0
484,,,,755.0,-408.500435001048,-476.544748953355,25,0,29.418,0.0
485,,,,756.0,-407.500435001048,-475.544748953355,26,0,29.414,0.0
486,,,,755.0,-406.500435001048,-474.544748953355,27,0,29.409,0.0
487,,,,756.0,-405.500435001048,-473.544748953355,28,0,29.407,0.0
488,,,,758.0,-404.500435001048,-472.544748953355,29,0,29.404,0.0
497,,,,764.0,-395.500435001048,-463.544748953355,38,0,29.399,0.0
498,,,,763.0,-394.500435001048,-462.544748953355,39,0,29.39,0.0
499,,,,762.0,-393.500435001048,-461.544748953355,40,0,29.384,0.0
500,,,,762.0,-392.500435001048,-460.544748953355,41,0,29.383,0.0
501,,,,762.0,-391.500435001048,-459.544748953355,42,0,29.382,0.0
502,,,,762.0,-390.500435001048,-458.544748953355,43,0,29.381,0.0
515,,,,760.0,-377.500435001048,-445.544748953355,56,0,29.38,0.0
516,,,,758.0,-376.500435001048,-444.544748953355,57,0,29.378,0.0
517,,,,758.0,-375.500435001048,-443.544748953355,58,0,29.376,0.0
518,,,,757.0,-374.500435001048,-442.544748953355,59,0,29.373,0.0
519,,,,758.0,-373.500435001048,-441.544748953355,60,0,29.368,0.0
520,,,,758.0,-372.500435001048,-440.544748953355,61,0,29.364,0.0
521,,,,758.0,-371.500435001048,-439.544748953355,62,0,29.36,0.0
522,,,,758.0,-370.500435001048,-438.544748953355,63,0,29.355,0.0
523,,,,758.0,-369.500435001048,-437.544748953355,64,0,29.349,0.0
524,,,,758.0,-368.500435001048,-436.544748953355,65,0,29.343,0.0
525,,,,759.0,-367.500435001048,-435.544748953355,66,0,29.338,0.0
526,,,,760.0,-366.500435001048,-434.544748953355,67,0,29.332,0.0
527,,,,760.0,-365.500435001048,-433.544748953355,68,0,29.327,0.0
528,,,,759.0,-364.500435001048,-432.544748953355,69,0,29.322,0.0
529,,,,759.0,-363.500435001048,-431.544748953355,70,0,29.316,0.0
530,,,,759.0,-362.500435001048,-430.544748953355,71,0,29.31,0.0
531,,,,760.0,-361.500435001048,-429.544748953355,72,0,29.304,0.0
532,,,,760.0,-360.500435001048,-428.544748953355,73,0,29.299,0.0
533,,,,760.0,-359.500435001048,-427.544748953355,74,0,29.292,0.0
534,,,,759.0,-358.500435001048,-426.544748953355,75,0,29.285,0.0
535,,,,758.0,-357.500435001048,-425.544748953355,76,0,29.277,0.0
536,,,,757.0,-356.500435001048,-424.544748953355,77,0,29.271,0.0
537,,,,756.0,-355.500435001048,-423.544748953355,78,0,29.264,0.0
538,,,,756.0,-354.500435001048,-422.544748953355,79,0,29.255,0.0
539,,,,755.0,-353.500435001048,-421.544748953355,80,0,29.247,0.0
540,,,,755.0,-352.500435001048,-420.544748953355,81,0,29.24,0.0
541,,,,756.0,-351.500435001048,-419.544748953355,82,0,29.232,0.0
542,,,,756.0,-350.500435001048,-418.544748953355,83,0,29.223,0.0
543,,,,756.0,-349.500435001048,-417.544748953355,84,0,29.214,0.0
544,,,,755.0,-348.500435001048,-416.544748953355,85,0,29.206,0.0
545,,,,754.0,-347.500435001048,-415.544748953355,1,1,29.197,0.0
546,,,,754.0,-346.500435001048,-414.544748953355,2,1,29.188,0.0
547,,,,755.0,-345.500435001048,-413.544748953355,3,1,29.179,0.0
548,,,,756.0,-344.500435001048,-412.544748953355,4,1,29.168,0.0
549,,,,758.0,-343.500435001048,-411.544748953355,5,1,29.161,0.0
550,,,,760.0,-342.500435001048,-410.544748953355,6,1,29.153,0.0
551,,,,760.0,-341.500435001048,-409.544748953355,7,1,29.145,0.0
552,,,,758.0,-340.500435001048,-408.544748953355,8,1,29.137,0.0
553,,,,757.0,-339.500435001048,-407.544748953355,9,1,29.131,0.0
585,,,,755.0,-307.500435001048,-375.544748953355,41,1,29.127,0.0
586,,,,755.0,-306.500435001048,-374.544748953355,42,1,29.119,0.0
587,,,,754.0,-305.500435001048,-373.544748953355,43,1,29.11,0.0
588,,,,753.0,-304.500435001048,-372.544748953355,44,1,29.103,0.0
589,,,,752.0,-303.500435001048,-371.544748953355,45,1,29.094,0.0
590,,,,753.0,-302.500435001048,-370.544748953355,46,1,29.085,0.0
591,,,,754.0,-301.500435001048,-369.544748953355,47,1,29.076,0.0
592,,,,755.0,-300.500435001048,-368.544748953355,48,1,29.07,0.0
593,,,,754.0,-299.500435001048,-367.544748953355,49,1,29.062,0.0
594,,,,752.0,-298.500435001048,-366.544748953355,50,1,29.056,0.0
595,,,,750.0,-297.500435001048,-365.544748953355,51,1,29.048,0.0
596,,,,749.0,-296.500435001048,-364.544748953355,52,1,29.036,0.0
597,,,,748.0,-295.500435001048,-363.544748953355,53,1,29.027,0.0
598,,,,750.0,-294.500435001048,-362.544748953355,54,1,29.016,0.0
599,,,,752.0,-293.500435001048,-361.544748953355,55,1,29.008,0.0
600,,,,752.0,-292.500435001048,-360.544748953355,56,1,29.001,0.0
601,,,,752.0,-291.500435001048,-359.544748953355,57,1,28.993,0.0
602,,,,750.0,-290.500435001048,-358.544748953355,58,1,28.985,0.0
603,,,,749.0,-289.500435001048,-357.544748953355,59,1,28.979,0.0
604,,,,749.0,-288.500435001048,-356.544748953355,60,1,28.975,0.0
605,,,,750.0,-287.500435001048,-355.544748953355,61,1,28.97,0.0
606,,,,751.0,-286.500435001048,-354.544748953355,62,1,28.967,0.0
607,,,,751.0,-285.500435001048,-353.544748953355,63,1,28.962,0.0
608,,,,751.0,-284.500435001048,-352.544748953355,64,1,28.954,0.0
609,,,,751.0,-283.500435001048,-351.544748953355,65,1,28.948,0.0
610,,,,752.0,-282.500435001048,-350.544748953355,66,1,28.943,0.0
611,,,,751.0,-281.500435001048,-349.544748953355,67,1,28.938,0.0
680,,,,758.0,-212.500435001048,-280.544748953355,136,1,28.937,0.0
681,,,,758.0,-211.500435001048,-279.544748953355,137,1,28.928,0.0
682,,,,757.0,-210.500435001048,-278.544748953355,138,1,28.918,0.0
683,,,,757.0,-209.500435001048,-277.544748953355,139,1,28.908,0.0
684,,,,757.0,-208.500435001048,-276.544748953355,140,1,28.9,0.0
685,,,,755.0,-207.500435001048,-275.544748953355,141,1,28.891,0.0
686,,,,755.0,-206.500435001048,-274.544748953355,142,1,28.884,0.0
687,,,,753.0,-205.500435001048,-273.544748953355,143,1,28.874,0.0
688,,,,752.0,-204.500435001048,-272.544748953355,144,1,28.866,0.0
689,,,,751.0,-203.500435001048,-271.544748953355,145,1,28.858,0.0
690,,,,750.0,-202.500435001048,-270.544748953355,146,1,28.851,0.0
691,,,,749.0,-201.500435001048,-269.544748953355,147,1,28.843,0.0
692,,,,748.0,-200.500435001048,-268.544748953355,148,1,28.834,0.0
693,,,,747.0,-199.500435001048,-267.544748953355,149,1,28.825,0.0
694,,,,747.0,-198.500435001048,-266.544748953355,150,1,28.816,0.0
695,,,,748.0,-197.500435001048,-265.544748953355,151,1,28.806,0.0
696,,,,750.0,-196.500435001048,-264.544748953355,152,1,28.796,0.0
697,,,,751.0,-195.500435001048,-263.544748953355,153,1,28.788,0.0
698,,,,753.0,-194.500435001048,-262.544748953355,154,1,28.78,0.0
699,,,,754.0,-193.500435001048,-261.544748953355,155,1,28.774,0.0
700,,,,753.0,-192.500435001048,-260.544748953355,156,1,28.767,0.0
701,,,,753.0,-191.500435001048,-259.544748953355,157,1,28.765,0.0
716,,,,757.0,-176.500435001048,-244.544748953355,172,1,28.764,0.0
717,,,,756.0,-175.500435001048,-243.544748953355,173,1,28.757,0.0
718,,,,757.0,-174.500435001048,-242.544748953355,174,1,28.749,0.0
719,,,,758.0,-173.500435001048,-241.544748953355,175,1,28.742,0.0
720,,,,758.0,-172.500435001048,-240.544748953355,176,1,28.735,0.0
721,,,,758.0,-171.500435001048,-239.544748953355,177,1,28.73,0.0
722,,,,758.0,-170.500435001048,-238.544748953355,178,1,28.724,0.0
723,,,,757.0,-169.500435001048,-237.544748953355,179,1,28.717,0.0
724,,,,756.0,-168.500435001048,-236.544748953355,180,1,28.71,0.0
725,,,,754.0,-167.500435001048,-235.544748953355,181,1,28.704,0.0
726,,,,753.0,-166.500435001048,-234.544748953355,182,1,28.696,0.0
727,,,,753.0,-165.500435001048,-233.544748953355,183,1,28.689,0.0
728,,,,752.0,-164.500435001048,-232.544748953355,184,1,28.679,0.0
729,,,,751.0,-163.500435001048,-231.544748953355,185,1,28.669,0.0
730,,,,750.0,-162.500435001048,-230.544748953355,186,1,28.662,0.0
731,,,,750.0,-161.500435001048,-229.544748953355,187,1,28.655,0.0
732,,,,750.0,-160.500435001048,-228.544748953355,188,1,28.649,0.0
733,,,,750.0,-159.500435001048,-227.544748953355,189,1,28.643,0.0
734,,,,750.0,-158.500435001048,-226.544748953355,190,1,28.636,0.0
735,,,,749.0,-157.500435001048,-225.544748953355,191,1,28.629,0.0
736,,,,747.0,-156.500435001048,-224.544748953355,192,1,28.625,0.0
737,,,,746.0,-155.500435001048,-223.544748953355,193,1,28.62,0.0
738,,,,744.0,-154.500435001048,-222.544748953355,194,1,28.616,0.0
739,,,,742.0,-153.500435001048,-221.544748953355,195,1,28.611,0.0
740,,,,739.0,-152.500435001048,-220.544748953355,196,1,28.604,0.0
741,,,,737.0,-151.500435001048,-219.544748953355,197,1,28.598,0.0
742,,,,735.0,-150.500435001048,-218.544748953355,198,1,28.591,0.0
743,,,,735.0,-149.500435001048,-217.544748953355,199,1,28.584,0.0
744,,,,734.0,-148.500435001048,-216.544748953355,200,1,28.58,0.0
745,,,,734.0,-147.500435001048,-215.544748953355,201,1,28.575,0.0
746,,,,732.0,-146.500435001048,-214.544748953355,202,1,28.571,0.0
747,,,,731.0,-145.500435001048,-213.544748953355,203,1,28.567,0.0
748,,,,729.0,-144.500435001048,-212.544748953355,204,1,28.564,0.0
749,,,,728.0,-143.500435001048,-211.544748953355,205,1,28.559,0.0
750,,,,726.0,-142.500435001048,-210.544748953355,206,1,28.556,0.0
751,,,,725.0,-141.500435001048,-209.544748953355,207,1,28.55,0.0
752,,,,724.0,-140.500435001048,-208.544748953355,208,1,28.543,0.0
753,,,,724.0,-139.500435001048,-207.544748953355,209,1,28.535,0.0
754,,,,724.0,-138.500435001048,-206.544748953355,210,1,28.529,0.0
755,,,,724.0,-137.500435001048,-205.544748953355,211,1,28.523,0.0
756,,,,723.0,-136.500435001048,-204.544748953355,212,1,28.518,0.0
757,,,,721.0,-135.500435001048,-203.544748953355,213,1,28.513,0.0
758,,,,721.0,-134.500435001048,-202.544748953355,214,1,28.506,0.0
759,,,,719.0,-133.500435001048,-201.544748953355,215,1,28.499,0.0
760,,,,719.0,-132.500435001048,-200.544748953355,216,1,28.492,0.0
761,,,,719.0,-131.500435001048,-199.544748953355,217,1,28.484,0.0
762,,,,720.0,-130.500435001048,-198.544748953355,218,1,28.478,0.0
763,,,,722.0,-129.500435001048,-197.544748953355,219,1,28.475,0.0
764,,,,725.0,-128.500435001048,-196.544748953355,220,1,28.471,0.0
765,,,,728.0,-127.500435001048,-195.544748953355,221,1,28.465,0.0
766,,,,729.0,-126.500435001048,-194.544748953355,222,1,28.459,0.0
767,,,,729.0,-125.500435001048,-193.544748953355,223,1,28.453,0.0
768,,,,728.0,-124.500435001048,-192.544748953355,224,1,28.449,0.0
1132,,,,819.0,239.499564998952,171.455251046645,44,2,28.445,54.5043530042197
1133,,,,818.0,240.499564998952,172.455251046645,45,2,28.433,164.1496110961309
1134,,,,818.0,241.499564998952,173.455251046645,46,2,28.421,164.76259522141123
1135,,,,818.0,242.499564998952,174.455251046645,47,2,28.411,137.81735278017698
1136,,,,818.0,243.499564998952,175.455251046645,48,2,28.404,96.84099449792826
1137,,,,818.0,244.499564998952,176.455251046645,49,2,28.394,138.87086292812646
1138,,,,818.0,245.499564998952,177.455251046645,50,2,28.386,111.51572240511167
1139,,,,817.0,246.499564998952,178.455251046645,51,2,28.378,111.93841046079176
1140,,,,817.0,247.499564998952,179.455251046645,52,2,28.37,112.36084251647185
1141,,,,818.0,248.499564998952,180.455251046645,53,2,28.362,112.78301857220202
1142,,,,818.0,249.499564998952,181.455251046645,54,2,28.352,141.50118329347748
1143,,,,818.0,250.499564998952,182.455251046645,55,2,28.344,113.61858669743215
1144,,,,818.0,251.499564998952,183.455251046645,56,2,28.335,128.29269460118527
1145,,,,818.0,252.499564998952,184.455251046645,57,2,28.328,100.15167996077005
1146,,,,817.0,253.499564998952,185.455251046645,58,2,28.32,114.88194686447241
1147,,,,815.0,254.499564998952,186.455251046645,59,2,28.313,100.89151705212043
1148,,,,814.0,255.499564998952,187.455251046645,60,2,28.305,115.72699496887256
1149,,,,813.0,256.499564998952,188.455251046645,61,2,28.294,159.6938076731214
1150,,,,812.0,257.499564998952,189.455251046645,62,2,28.285,131.12161099268633
1151,,,,813.0,258.499564998952,190.455251046645,63,2,28.277,116.97001916375291
1152,,,,814.0,259.499564998952,191.455251046645,64,2,28.268,132.0606261257967
1153,,,,814.0,260.499564998952,192.455251046645,65,2,28.262,88.35624245634789
1154,,,,813.0,261.499564998952,193.455251046645,66,2,28.256,88.67659448766797
1155,,,,811.0,262.499564998952,194.455251046645,67,2,28.249,103.82776544188198
1156,,,,809.0,263.499564998952,195.455251046645,68,2,28.241,119.08072341431327
1157,,,,808.0,264.499564998952,196.455251046645,69,2,28.232,134.43375540767744
1158,,,,807.0,265.499564998952,197.455251046645,70,2,28.22,179.85577731985686
1159,,,,808.0,266.499564998952,198.455251046645,71,2,28.211,135.34953257210788
1160,,,,811.0,267.499564998952,199.455251046645,72,2,28.203,120.72576367879373
1161,,,,813.0,268.499564998952,200.455251046645,73,2,28.194,136.28312970521822
1162,,,,814.0,269.499564998952,201.455251046645,74,2,28.187,106.36258481940943
1163,,,,814.0,270.499564998952,202.455251046645,75,2,28.18,106.73074286209359
1164,,,,814.0,271.499564998952,203.455251046645,76,2,28.171,137.6934478853087
1165,,,,813.0,272.499564998952,204.455251046645,77,2,28.164,107.45884095947945
1166,,,,813.0,273.499564998952,205.455251046645,78,2,28.157,107.82638300216416
1167,,,,812.0,274.499564998952,206.455251046645,79,2,28.149,123.64778005463431
1168,,,,812.0,275.499564998952,207.455251046645,80,2,28.143,93.05052907752956
1169,,,,810.0,276.499564998952,208.455251046645,81,2,28.137,93.36837310884965
1170,,,,809.0,277.499564998952,209.455251046645,82,2,28.13,109.29847616659485
1171,,,,808.0,278.499564998952,210.455251046645,83,2,28.124,94.00028717670983
1172,,,,807.0,279.499564998952,211.455251046645,84,2,28.116,125.75244428431463
1173,,,,806.0,280.499564998952,212.455251046645,85,2,28.107,141.93474338643009
1174,,,,806.0,281.499564998952,213.455251046645,86,2,28.099,126.57571640263482
1175,,,,806.0,282.499564998952,214.455251046645,87,2,28.091,126.98920445831492
1176,,,,805.0,283.499564998952,215.455251046645,88,2,28.083,127.40243651405159
1177,,,,807.0,284.499564998952,216.455251046645,89,2,28.075,127.81541256967509
1178,,,,808.0,285.499564998952,217.455251046645,90,2,28.067,128.2281326253552
1179,,,,810.0,286.499564998952,218.455251046645,91,2,28.061,96.48388550557073
1180,,,,811.0,287.499564998952,219.455251046645,92,2,28.055,96.79995353689081
1181,,,,811.0,288.499564998952,220.455251046645,93,2,28.054,16.18742209254598
1196,,,,814.0,303.499564998952,235.455251046645,108,2,28.05,68.11015837876707
1197,,,,814.0,304.499564998952,236.455251046645,109,2,28.044,102.48359159431116
1198,,,,814.0,305.499564998952,237.455251046645,110,2,28.039,85.66666051916408
1199,,,,814.0,306.499564998952,238.455251046645,111,2,28.032,120.30015976341858
1200,,,,815.0,307.499564998952,239.455251046645,112,2,28.028,68.95370245538803
1201,,,,815.0,308.499564998952,240.455251046645,113,2,28.023,86.45854558876408
1202,,,,815.0,309.499564998952,241.455251046645,114,2,28.016,121.40832286085903
1203,,,,815.0,310.499564998952,242.455251046645,115,2,28.014,34.794581253763276
1204,,,,815.0,311.499564998952,243.455251046645,116,2,28.012,34.904149257243226
1227,,,,810.0,334.499564998952,266.455251046645,139,2,28.011,18.73966912995919
1228,,,,809.0,335.499564998952,267.455251046645,140,2,28.001,187.92001634717562
1229,,,,808.0,336.499564998952,268.455251046645,141,2,27.993,150.73565314046087
1230,,,,807.0,337.499564998952,269.455251046645,142,2,27.988,94.46781574101286
1231,,,,803.0,338.499564998952,270.455251046645,143,2,27.981,132.61837507394458
1232,,,,802.0,339.499564998952,271.455251046645,144,2,27.975,113.98222595449248
1233,,,,798.0,340.499564998952,272.455251046645,145,2,27.966,171.43097549046388
1234,,,,796.0,341.499564998952,273.455251046645,146,2,27.957,171.87912156093404
1235,,,,793.0,342.499564998952,274.455251046645,147,2,27.948,172.32694363140425
1236,,,,792.0,343.499564998952,275.455251046645,148,2,27.94,153.5800295092745
1237,,,,791.0,344.499564998952,276.455251046645,149,2,27.932,153.98303756502298
1238,,,,789.0,345.499564998952,277.455251046645,150,2,27.923,173.68090382715474
1239,,,,789.0,346.499564998952,278.455251046645,151,2,27.918,96.74441104551315
1240,,,,788.0,347.499564998952,279.455251046645,152,2,27.912,116.40540428335335
1241,,,,787.0,348.499564998952,280.455251046645,153,2,27.903,175.0635289837552
1242,,,,784.0,349.499564998952,281.455251046645,154,2,27.897,117.01245436165355
1243,,,,783.0,350.499564998952,282.455251046645,155,2,27.887,195.52267733897648
1244,,,,781.0,351.499564998952,283.455251046645,156,2,27.879,156.8137979338352
1245,,,,780.0,352.499564998952,284.455251046645,157,2,27.871,157.2148059895851
1246,,,,780.0,353.499564998952,285.455251046645,158,2,27.864,137.9160877864747
1247,,,,780.0,354.499564998952,286.455251046645,159,2,27.854,197.52006762614695
1248,,,,780.0,355.499564998952,287.455251046645,160,2,27.846,158.41060616351555
1249,,,,781.0,356.499564998952,288.455251046645,161,2,27.836,198.50608778274747
1250,,,,781.0,357.499564998952,289.455251046645,162,2,27.83,119.40342471139449
1251,,,,781.0,358.499564998952,290.455251046645,163,2,27.823,139.66103403616475
1252,,,,780.0,359.499564998952,291.455251046645,164,2,27.817,120.01533477925469
1253,,,,778.0,360.499564998952,292.455251046645,165,2,27.811,120.32321881057477
1254,,,,777.0,361.499564998952,293.455251046645,166,2,27.803,160.83549446279602
1255,,,,776.0,362.499564998952,294.455251046645,167,2,27.794,181.38499483722748
1256,,,,775.0,363.499564998952,295.455251046645,168,2,27.787,141.42568525547654
1257,,,,773.0,364.499564998952,296.455251046645,169,2,27.783,81.02096330792214
1258,,,,772.0,365.499564998952,297.455251046645,1,3,27.778,101.5376066545858
1526,,,,729.0,633.499564998952,565.455251046645,269,3,27.776,70.38686966786454
1531,,,,721.0,638.499564998952,570.455251046645,274,3,27.774,70.93730167134426
1532,,,,720.0,639.499564998952,571.455251046645,275,3,27.773,35.5222823370402
1533,,,,719.0,640.499564998952,572.455251046645,276,3,27.771,71.15181567656414
1534,,,,718.0,641.499564998952,573.455251046645,277,3,27.769,71.25777168017068
1535,,,,718.0,642.499564998952,574.455251046645,278,3,27.767,71.36371168352404
1536,,,,718.0,643.499564998952,575.455251046645,279,3,27.763,142.934123377488
1537,,,,719.0,644.499564998952,576.455251046645,280,3,27.759,143.13561939153504
1538,,,,719.0,645.499564998952,577.455251046645,281,3,27.756,107.50472505275454
1539,,,,720.0,646.499564998952,578.455251046645,282,3,27.754,71.77438170614387
1540,,,,719.0,647.499564998952,579.455251046645,283,3,27.751,107.81839006580458
1541,,,,719.0,648.499564998952,580.455251046645,284,3,27.749,71.98345171497165
1542,,,,720.0,649.499564998952,581.455251046645,285,3,27.746,108.13193507885461
1543,,,,720.0,650.499564998952,582.455251046645,286,3,27.743,108.28671108668463
1544,,,,721.0,651.499564998952,583.455251046645,287,3,27.738,180.72923682849833
1545,,,,721.0,652.499564998952,584.455251046645,288,3,27.732,217.16490522295942
1546,,,,720.0,653.499564998952,585.455251046645,289,3,27.727,181.21216187634835
1547,,,,718.0,654.499564998952,586.455251046645,290,3,27.722,181.45673189809835
1548,,,,716.0,655.499564998952,587.455251046645,291,3,27.719,109.02465414932483
1549,,,,717.0,656.499564998952,588.455251046645,292,3,27.713,218.34650332213974
1550,,,,718.0,657.499564998952,589.455251046645,293,3,27.71,109.3217951728149
1551,,,,719.0,658.499564998952,590.455251046645,294,3,27.705,182.45376697217796
1553,,,,718.0,660.499564998952,592.455251046645,296,3,27.702,109.78889819356495
1554,,,,717.0,661.499564998952,593.455251046645,297,3,27.699,109.94321220152499
1555,,,,717.0,662.499564998952,594.455251046645,298,3,27.696,110.09749020935502
1556,,,,717.0,663.499564998952,595.455251046645,299,3,27.691,183.74625203307878
1557,,,,719.0,664.499564998952,596.455251046645,300,3,27.688,110.39796423023506
1558,,,,720.0,665.499564998952,597.455251046645,301,3,27.684,147.4001676524062
1559,,,,721.0,666.499564998952,598.455251046645,302,3,27.68,147.60032766645722
1560,,,,722.0,667.499564998952,599.455251046645,303,3,27.677,110.85232025894516
1561,,,,723.0,668.499564998952,600.455251046645,304,3,27.676,37.00345642143221
1563,,,,724.0,670.499564998952,602.455251046645,306,3,27.675,37.1128214221705
1564,,,,725.0,671.499564998952,603.455251046645,307,3,27.673,74.33231584721483
1565,,,,725.0,672.499564998952,604.455251046645,308,3,27.672,37.21948842478025
1566,,,,726.0,673.499564998952,605.455251046645,309,3,27.669,111.81641827982524
1567,,,,726.0,674.499564998952,606.455251046645,310,3,27.667,74.64821585752264
1568,,,,727.0,675.499564998952,607.455251046645,311,3,27.664,112.1281992928753
1569,,,,727.0,676.499564998952,608.455251046645,312,3,27.662,74.85602986635553
1570,,,,726.0,677.499564998952,609.455251046645,313,3,27.659,112.43986030592532
1571,,,,725.0,678.499564998952,610.455251046645,314,3,27.657,75.06376387492246
1572,,,,725.0,679.499564998952,611.455251046645,315,3,27.654,112.75140131897537
1573,,,,725.0,680.499564998952,612.455251046645,316,3,27.652,75.27141788362236
1574,,,,724.0,681.499564998952,613.455251046645,317,3,27.649,113.06282233202542
1575,,,,721.0,682.499564998952,614.455251046645,318,3,27.648,37.74017844579317
1576,,,,718.0,683.499564998952,615.455251046645,319,3,27.642,226.74414569276092
1577,,,,714.0,684.499564998952,616.455251046645,320,3,27.634,302.6911836390232
1578,,,,711.0,685.499564998952,617.455251046645,321,3,27.626,303.04564769470335
1579,,,,711.0,686.499564998952,618.455251046645,322,3,27.616,379.23608969678037
1580,,,,709.0,687.499564998952,619.455251046645,323,3,27.605,417.60854826684925
1581,,,,709.0,688.499564998952,620.455251046645,324,3,27.595,380.0517598794809
1582,,,,710.0,689.499564998952,621.455251046645,325,3,27.585,380.465859966346
1583,,,,710.0,690.499564998952,622.455251046645,326,3,27.576,342.79781854417774
1584,,,,709.0,691.499564998952,623.455251046645,327,3,27.569,266.92920458312574
1585,,,,708.0,692.499564998952,624.455251046645,328,3,27.561,305.42000814710417
1586,,,,705.0,693.499564998952,625.455251046645,329,3,27.552,343.9875737320982
1587,,,,702.0,694.499564998952,626.455251046645,330,3,27.542,382.6275903404465
1588,,,,700.0,695.499564998952,627.455251046645,331,3,27.529,497.92413507280895
1589,,,,699.0,696.499564998952,628.455251046645,332,3,27.517,460.0741806592052
1590,,,,699.0,697.499564998952,629.455251046645,333,3,27.505,460.5338527844855
1591,,,,697.0,698.499564998952,630.455251046645,334,3,27.493,460.9929489097658
1592,,,,696.0,699.499564998952,631.455251046645,335,3,27.483,384.5568808537473
1593,,,,695.0,700.499564998952,632.455251046645,336,3,27.473,384.9665409408842
1594,,,,694.0,701.499564998952,633.455251046645,337,3,27.46,500.9611828530643
1595,,,,694.0,702.499564998952,634.455251046645,338,3,27.448,462.874153379567
1596,,,,695.0,703.499564998952,635.455251046645,339,3,27.437,424.7273098746127
1597,,,,695.0,704.499564998952,636.455251046645,340,3,27.426,425.1605559800202
1598,,,,695.0,705.499564998952,637.455251046645,341,3,27.417,348.22541378901343
1599,,,,696.0,706.499564998952,638.455251046645,342,3,27.41,271.14676155143894
1600,,,,697.0,707.499564998952,639.455251046645,343,3,27.403,271.4612155940691
1601,,,,697.0,708.499564998952,640.455251046645,344,3,27.396,271.77547363656134
1602,,,,696.0,709.499564998952,641.455251046645,345,3,27.387,349.81663202405156
1603,,,,696.0,710.499564998952,642.455251046645,346,3,27.38,272.38350773413964
1604,,,,694.0,711.499564998952,643.455251046645,347,3,27.373,272.6971497766314
1605,,,,693.0,712.499564998952,644.455251046645,348,3,27.365,312.00640951140525
1606,,,,694.0,713.499564998952,645.455251046645,349,3,27.356,351.39068726664345
1607,,,,694.0,714.499564998952,646.455251046645,350,3,27.347,351.7674273372524
1608,,,,695.0,715.499564998952,647.455251046645,351,3,27.34,273.8996729777405
1609,,,,695.0,716.499564998952,648.455251046645,352,3,27.334,235.0433833005251
1610,,,,695.0,717.499564998952,649.455251046645,353,3,27.328,235.31976733184518
1611,,,,694.0,718.499564998952,650.455251046645,354,3,27.322,235.59600736316528
1612,,,,692.0,719.499564998952,651.455251046645,355,3,27.315,275.1790841298515
1613,,,,691.0,720.499564998952,652.455251046645,356,3,27.306,354.18966065828323
1614,,,,691.0,721.499564998952,653.455251046645,357,3,27.298,315.17409797772746
1615,,,,691.0,722.499564998952,654.455251046645,358,3,27.287,433.8140263101155
1616,,,,692.0,723.499564998952,655.455251046645,359,3,27.281,236.87954557718584
1617,,,,692.0,724.499564998952,656.455251046645,360,3,27.272,355.71262292450393
1618,,,,693.0,725.499564998952,657.455251046645,361,3,27.265,276.9659884343517
1619,,,,693.0,726.499564998952,658.455251046645,362,3,27.26,198.0619439077999
1620,,,,693.0,727.499564998952,659.455251046645,363,3,27.254,237.95346771812623
1621,,,,693.0,728.499564998952,660.455251046645,364,3,27.248,238.22809974944633
1622,,,,692.0,729.499564998952,661.455251046645,365,3,27.243,198.75580398189115
1623,,,,692.0,730.499564998952,662.455251046645,366,3,27.238,198.99173400349991
1624,,,,692.0,731.499564998952,663.455251046645,367,3,27.233,199.22756402524993
1625,,,,691.0,732.499564998952,664.455251046645,368,3,27.226,279.2383566720033
1626,,,,690.0,733.499564998952,665.455251046645,369,3,27.22,239.61670389560672
1627,,,,690.0,734.499564998952,666.455251046645,370,3,27.215,199.91241910354998
1628,,,,690.0,735.499564998952,667.455251046645,371,3,27.208,280.19664978162376
1629,,,,689.0,736.499564998952,668.455251046645,372,3,27.203,200.36838915575
1630,,,,688.0,737.499564998952,669.455251046645,373,3,27.195,320.94801069446856
1631,,,,687.0,738.499564998952,670.455251046645,374,3,27.186,361.4431035978858
1632,,,,687.0,739.499564998952,671.455251046645,375,3,27.178,321.6172348127888
1633,,,,686.0,740.499564998952,672.455251046645,376,3,27.168,402.4318935943934
1634,,,,686.0,741.499564998952,673.455251046645,377,3,27.16,322.27350693806903
1635,,,,686.0,742.499564998952,674.455251046645,378,3,27.151,362.9330448719365
1636,,,,686.0,743.499564998952,675.455251046645,379,3,27.141,403.6607838292941
1637,,,,687.0,744.499564998952,676.455251046645,380,3,27.133,323.25575512598937
1638,,,,687.0,745.499564998952,677.455251046645,381,3,27.124,364.03712908334705
1639,,,,687.0,746.499564998952,678.455251046645,382,3,27.116,323.9210912443096
1640,,,,687.0,747.499564998952,679.455251046645,383,3,27.108,324.2593312999897
1641,,,,686.0,748.499564998952,680.455251046645,384,3,27.102,243.45696851156836
1642,,,,685.0,749.499564998952,681.455251046645,385,3,27.093,365.57216032607766
1643,,,,684.0,750.499564998952,682.455251046645,386,3,27.085,325.28452346007
1644,,,,683.0,751.499564998952,683.455251046645,387,3,27.075,407.012164403496
1645,,,,682.0,752.499564998952,684.455251046645,388,3,27.064,448.1353134442296
1646,,,,682.0,753.499564998952,685.455251046645,389,3,27.054,407.7788945861966
1647,,,,682.0,754.499564998952,686.455251046645,390,3,27.044,408.1691746730518
1648,,,,681.0,755.499564998952,687.455251046645,391,3,27.037,286.0072038230175
1649,,,,679.0,756.499564998952,688.455251046645,392,3,27.025,490.7745537956987
1650,,,,677.0,757.499564998952,689.455251046645,393,3,27.016,368.4243059289892
1651,,,,676.0,758.499564998952,690.455251046645,394,3,27.004,491.6897580147937
1652,,,,675.0,759.499564998952,691.455251046645,395,3,26.993,451.11767812384676
1653,,,,675.0,760.499564998952,692.455251046645,396,3,26.982,451.52760422897126
1654,,,,676.0,761.499564998952,693.455251046645,397,3,26.97,493.01309436990016
1655,,,,676.0,762.499564998952,694.455251046645,398,3,26.959,452.3292294490817
1656,,,,675.0,763.499564998952,695.455251046645,399,3,26.949,411.5873454995532
1657,,,,676.0,764.499564998952,696.455251046645,400,3,26.938,453.16246865019855
1658,,,,676.0,765.499564998952,697.455251046645,401,3,26.928,412.3439956822534
1659,,,,676.0,766.499564998952,698.455251046645,402,3,26.919,371.4633186885012
1660,,,,676.0,767.499564998952,699.455251046645,403,3,26.911,330.5160126711123
1661,,,,675.0,768.499564998952,700.455251046645,404,3,26.905,248.145435539911
1662,,,,675.0,769.499564998952,701.455251046645,405,3,26.897,331.2049247686995
1663,,,,675.0,770.499564998952,702.455251046645,406,3,26.888,372.9718719310846
1664,,,,676.0,771.499564998952,703.455251046645,407,3,26.88,331.85590888702006
1665,,,,677.0,772.499564998952,704.455251046645,408,3,26.872,332.18717294255276
1666,,,,678.0,773.499564998952,705.455251046645,409,3,26.865,290.958822870501
1667,,,,678.0,774.499564998952,706.455251046645,410,3,26.861,166.44305451644254
1668,,,,678.0,775.499564998952,707.455251046645,411,3,26.858,124.97718339654085
1669,,,,678.0,776.499564998952,708.455251046645,412,3,26.851,291.93510595576146
1670,,,,677.0,777.499564998952,709.455251046645,413,3,26.846,208.7469707087021
1671,,,,677.0,778.499564998952,710.455251046645,414,3,26.84,250.76716587921192
1672,,,,675.0,779.499564998952,711.455251046645,415,3,26.832,334.69840522095313
1673,,,,675.0,780.499564998952,712.455251046645,416,3,26.825,293.1548561141021
1674,,,,674.0,781.499564998952,713.455251046645,417,3,26.817,335.3695973253533
1675,,,,674.0,782.499564998952,714.455251046645,418,3,26.809,335.69857338103344
1676,,,,674.0,783.499564998952,715.455251046645,419,3,26.804,210.0288108915515
1677,,,,674.0,784.499564998952,716.455251046645,420,3,26.799,210.25765091315228
1678,,,,675.0,785.499564998952,717.455251046645,421,3,26.795,168.392254746122
1679,,,,674.0,786.499564998952,718.455251046645,422,3,26.788,295.001043339433
1680,,,,675.0,787.499564998952,719.455251046645,423,3,26.78,337.4782135828737
1681,,,,676.0,788.499564998952,720.455251046645,424,3,26.774,253.36383422373285
1682,,,,677.0,789.499564998952,721.455251046645,425,3,26.768,253.62831425505294
1683,,,,677.0,790.499564998952,722.455251046645,426,3,26.762,253.89265028637303
1684,,,,677.0,791.499564998952,723.455251046645,427,3,26.759,127.08554465493155
1685,,,,676.0,792.499564998952,724.455251046645,428,3,26.755,169.63928688547233
1686,,,,675.0,793.499564998952,725.455251046645,429,3,26.752,127.37334367320159
1687,,,,675.0,794.499564998952,726.455251046645,430,3,26.747,212.5246611393524
1688,,,,675.0,795.499564998952,727.455251046645,431,3,26.745,85.10572546180072
1689,,,,674.0,796.499564998952,728.455251046645,432,3,26.744,42.60396523228101
1690,,,,673.0,797.499564998952,729.455251046645,433,3,26.742,85.31012346702062
1691,,,,671.0,798.499564998952,730.455251046645,434,3,26.737,213.514791183004
1692,,,,671.0,799.499564998952,731.455251046645,435,3,26.733,170.99696696188107
1693,,,,671.0,800.499564998952,732.455251046645,436,3,26.725,342.3448459656741
1694,,,,671.0,801.499564998952,733.455251046645,437,3,26.719,257.0120565108337
1695,,,,671.0,802.499564998952,734.455251046645,438,3,26.713,257.2749405421538
1696,,,,669.0,803.499564998952,735.455251046645,439,3,26.707,257.53768057347384
1697,,,,666.0,804.499564998952,736.455251046645,440,3,26.701,257.80027660479396
1698,,,,664.0,805.499564998952,737.455251046645,441,3,26.695,258.062728636114
1699,,,,663.0,806.499564998952,738.455251046645,442,3,26.685,430.50946779650786
1700,,,,663.0,807.499564998952,739.455251046645,443,3,26.677,344.71833429975464
1701,,,,662.0,808.499564998952,740.455251046645,444,3,26.668,388.16468365383656
1702,,,,661.0,809.499564998952,741.455251046645,445,3,26.66,345.3519424180749
1703,,,,660.0,810.499564998952,742.455251046645,446,3,26.654,259.26584285013456
1704,,,,656.0,811.499564998952,743.455251046645,447,3,26.646,346.023414515515
1705,,,,653.0,812.499564998952,744.455251046645,448,3,26.637,389.6317288965672
1706,,,,648.0,813.499564998952,745.455251046645,449,3,26.628,389.9794889670374
1707,,,,647.0,814.499564998952,746.455251046645,450,3,26.617,477.04832272202793
1708,,,,647.0,815.499564998952,747.455251046645,451,3,26.607,434.04148847511004
1709,,,,647.0,816.499564998952,748.455251046645,452,3,26.598,390.976734201938
1710,,,,645.0,817.499564998952,749.455251046645,453,3,26.588,434.7953186402561
1711,,,,645.0,818.499564998952,750.455251046645,454,3,26.577,478.67082310482874
1712,,,,646.0,819.499564998952,751.455251046645,455,3,26.568,391.9707394368386
1713,,,,647.0,820.499564998952,752.455251046645,456,3,26.56,348.732007114231
1714,,,,648.0,821.499564998952,753.455251046645,457,3,26.554,261.7987673721359
1715,,,,647.0,822.499564998952,754.455251046645,458,3,26.55,174.71206759872055
1716,,,,645.0,823.499564998952,755.455251046645,459,3,26.545,218.6185470180533
1717,,,,644.0,824.499564998952,756.455251046645,460,3,26.537,350.1286872743119
1718,,,,643.0,825.499564998952,757.455251046645,461,3,26.529,350.4476793298365
1719,,,,643.0,826.499564998952,758.455251046645,462,3,26.52,394.60477881267957
1720,,,,643.0,827.499564998952,759.455251046645,463,3,26.514,263.3136715809365
1721,,,,643.0,828.499564998952,760.455251046645,464,3,26.51,175.72144373792034
1722,,,,643.0,829.499564998952,761.455251046645,465,3,26.502,351.78744751791305
1723,,,,642.0,830.499564998952,762.455251046645,466,3,26.496,264.0888956748967
1724,,,,642.0,831.499564998952,763.455251046645,467,3,26.486,440.5450995276571
1725,,,,643.0,832.499564998952,764.455251046645,468,3,26.478,352.74005568479714
1726,,,,644.0,833.499564998952,765.455251046645,469,3,26.471,308.93077926997057
1727,,,,643.0,834.499564998952,766.455251046645,470,3,26.465,265.05041383671715
1728,,,,642.0,835.499564998952,767.455251046645,471,3,26.459,265.3078738680373
1729,,,,640.0,836.499564998952,768.455251046645,472,3,26.453,265.56518989935734
1730,,,,637.0,837.499564998952,769.455251046645,473,3,26.445,354.41641591447745
1731,,,,633.0,838.499564998952,770.455251046645,474,3,26.437,354.73227197015757
1732,,,,632.0,839.499564998952,771.455251046645,475,3,26.426,488.1631205500592
1733,,,,631.0,840.499564998952,772.455251046645,476,3,26.415,488.54121265517176
1734,,,,631.0,841.499564998952,773.455251046645,477,3,26.405,444.480070232358
1735,,,,631.0,842.499564998952,774.455251046645,478,3,26.396,400.3633757836022
1736,,,,630.0,843.499564998952,775.455251046645,479,3,26.388,356.18624831119826
1737,,,,629.0,844.499564998952,776.455251046645,480,3,26.379,401.05537691671253
1738,,,,629.0,845.499564998952,777.455251046645,481,3,26.368,490.57322110512115
1739,,,,630.0,846.499564998952,778.455251046645,482,3,26.358,446.3253606412586
1740,,,,631.0,847.499564998952,779.455251046645,483,3,26.347,491.34211030593315
1741,,,,631.0,848.499564998952,780.455251046645,484,3,26.34,312.9342760677633
1742,,,,630.0,849.499564998952,781.455251046645,485,3,26.33,447.4314208850179
1743,,,,627.0,850.499564998952,782.455251046645,486,3,26.324,268.69322457258
1744,,,,625.0,851.499564998952,783.455251046645,487,3,26.315,403.3987704178338
1745,,,,623.0,852.499564998952,784.455251046645,488,3,26.306,403.734416488304
1746,,,,622.0,853.499564998952,785.455251046645,489,3,26.294,538.728925427359
1747,,,,621.0,854.499564998952,786.455251046645,490,3,26.283,494.19725991841443
1748,,,,620.0,855.499564998952,787.455251046645,491,3,26.274,404.66241573886464
1749,,,,618.0,856.499564998952,788.455251046645,492,3,26.262,539.9647337614398
1750,,,,617.0,857.499564998952,789.455251046645,493,3,26.253,405.28430690329503
1751,,,,615.0,858.499564998952,790.455251046645,494,3,26.242,495.7362813107853
1752,,,,614.0,859.499564998952,791.455251046645,495,3,26.232,451.01380173762055
1753,,,,614.0,860.499564998952,792.455251046645,496,3,26.223,406.23754213819564
1754,,,,613.0,861.499564998952,793.455251046645,497,3,26.211,542.0624182938811
1755,,,,612.0,862.499564998952,794.455251046645,498,3,26.202,406.8557073024655
1756,,,,610.0,863.499564998952,795.455251046645,499,3,26.192,452.42196208562166
1757,,,,609.0,864.499564998952,796.455251046645,500,3,26.183,407.50348245139645
1758,,,,609.0,865.499564998952,797.455251046645,501,3,26.172,498.4455269806867
1759,,,,609.0,866.499564998952,798.455251046645,502,3,26.16,544.1478628263225
1760,,,,609.0,867.499564998952,799.455251046645,503,3,26.151,408.41792770195707
1761,,,,609.0,868.499564998952,800.455251046645,504,3,26.142,408.74802977242723
1762,,,,609.0,869.499564998952,801.455251046645,505,3,26.134,363.63167407904166
1763,,,,610.0,870.499564998952,802.455251046645,506,3,26.125,409.4229309055376
1764,,,,612.0,871.499564998952,803.455251046645,507,3,26.115,455.27137275552366
1765,,,,613.0,872.499564998952,804.455251046645,508,3,26.108,318.95181348048607
1766,,,,614.0,873.499564998952,805.455251046645,509,3,26.1,364.82932231568213
1767,,,,614.0,874.499564998952,806.455251046645,510,3,26.093,319.4992905719983
1768,,,,613.0,875.499564998952,807.455251046645,511,3,26.088,228.42221400600613
1769,,,,613.0,876.499564998952,808.455251046645,512,3,26.084,182.91494122056238
1770,,,,612.0,877.499564998952,809.455251046645,513,3,26.083,45.77651980735627
1783,,,,613.0,890.499564998952,822.455251046645,526,3,26.079,185.80095323779835
1784,,,,615.0,891.499564998952,823.455251046645,527,3,26.076,139.48847943756633
1801,,,,614.0,908.499564998952,840.455251046645,544,3,26.074,94.75650462933818
1802,,,,613.0,909.499564998952,841.455251046645,545,3,26.068,284.53875790906295
1803,,,,612.0,910.499564998952,842.455251046645,546,3,26.063,237.32626411492325
1804,,,,611.0,911.499564998952,843.455251046645,547,3,26.057,285.04414396648303
1805,,,,612.0,912.499564998952,844.455251046645,548,3,26.053,190.20140932827613
1806,,,,613.0,913.499564998952,845.455251046645,549,3,26.047,285.5599640186832
1807,,,,614.0,914.499564998952,846.455251046645,550,3,26.043,190.54512936324528
1808,,,,614.0,915.499564998952,847.455251046645,551,3,26.039,190.72419337699597
1809,,,,615.0,916.499564998952,848.455251046645,552,3,26.034,238.6244092410742
1810,,,,616.0,917.499564998952,849.455251046645,553,3,26.028,286.6011741178635
1811,,,,617.0,918.499564998952,850.455251046645,554,3,26.024,191.2389574291958
1812,,,,616.0,919.499564998952,851.455251046645,555,3,26.018,287.11557817006366
1813,,,,614.0,920.499564998952,852.455251046645,556,3,26.013,239.47256433225473
1814,,,,613.0,921.499564998952,853.455251046645,557,3,26.005,383.4765149770519
1815,,,,610.0,922.499564998952,854.455251046645,558,3,25.998,335.8092141503826
1816,,,,609.0,923.499564998952,855.455251046645,559,3,25.991,336.08273219318323
1817,,,,610.0,924.499564998952,856.455251046645,560,3,25.983,384.3995231300019
1818,,,,608.0,925.499564998952,857.455251046645,561,3,25.976,336.61622328453353
1819,,,,606.0,926.499564998952,858.455251046645,562,3,25.967,433.1265021426815
1820,,,,606.0,927.499564998952,859.455251046645,563,3,25.957,481.59487412996003
1821,,,,606.0,928.499564998952,860.455251046645,564,3,25.95,337.3693884428741
1822,,,,607.0,929.499564998952,861.455251046645,565,3,25.944,289.41270255634464
1823,,,,607.0,930.499564998952,862.455251046645,566,3,25.939,241.3855446541551
1824,,,,604.0,931.499564998952,863.455251046645,567,3,25.933,289.9124726137648
1825,,,,603.0,932.499564998952,864.455251046645,568,3,25.926,338.5094645890346
1826,,,,600.0,933.499564998952,865.455251046645,569,3,25.916,483.9448444866604
1827,,,,600.0,934.499564998952,866.455251046645,570,3,25.907,435.85713861248274
1828,,,,600.0,935.499564998952,867.455251046645,571,3,25.9,339.2579817473752
1829,,,,600.0,936.499564998952,868.455251046645,572,3,25.892,388.025483763363
1830,,,,599.0,937.499564998952,869.455251046645,573,3,25.885,339.7864048385531
1831,,,,597.0,938.499564998952,870.455251046645,574,3,25.877,388.6289158679358
1832,,,,596.0,939.499564998952,871.455251046645,575,3,25.872,243.09081494560547
1833,,,,595.0,940.499564998952,872.455251046645,576,3,25.863,437.91070495700365
1834,,,,596.0,941.499564998952,873.455251046645,577,3,25.855,389.5397960208835
1835,,,,597.0,942.499564998952,874.455251046645,578,3,25.846,438.55353009011395
1836,,,,597.0,943.499564998952,875.455251046645,579,3,25.839,341.35342511886654
1837,,,,595.0,944.499564998952,876.455251046645,580,3,25.833,292.8250891357662
1838,,,,594.0,945.499564998952,877.455251046645,581,3,25.828,244.2272651370057
1839,,,,592.0,946.499564998952,878.455251046645,582,3,25.818,488.8291653392615
1840,,,,592.0,947.499564998952,879.455251046645,583,3,25.809,440.24904037982475
1841,,,,593.0,948.499564998952,880.455251046645,584,3,25.802,342.67107734419733
1842,,,,594.0,949.499564998952,881.455251046645,585,3,25.795,342.9393033866535
1843,,,,595.0,950.499564998952,882.455251046645,586,3,25.789,294.1834173654468
1844,,,,595.0,951.499564998952,883.455251046645,587,3,25.784,245.35843532858027
1845,,,,595.0,952.499564998952,884.455251046645,588,3,25.777,343.78281049627344
1846,,,,595.0,953.499564998952,885.455251046645,589,3,25.769,393.19270861961917
1847,,,,595.0,954.499564998952,886.455251046645,590,3,25.764,245.94113041540604
1848,,,,595.0,955.499564998952,887.455251046645,591,3,25.759,246.15102043715603
1849,,,,593.0,956.499564998952,888.455251046645,592,3,25.751,394.1543407447247
1850,,,,592.0,957.499564998952,889.455251046645,593,3,25.744,345.14508069741873
1851,,,,589.0,958.499564998952,890.455251046645,594,3,25.737,345.41161274004884
1852,,,,588.0,959.499564998952,891.455251046645,595,3,25.73,345.67794878250356
1853,,,,587.0,960.499564998952,892.455251046645,596,3,25.721,444.7679680688666
1854,,,,587.0,961.499564998952,893.455251046645,597,3,25.712,445.07526413933675
1855,,,,586.0,962.499564998952,894.455251046645,598,3,25.703,445.38223620980693
1856,,,,585.0,963.499564998952,895.455251046645,599,3,25.695,396.17560513448547
1857,,,,584.0,964.499564998952,896.455251046645,600,3,25.686,446.0125693429173
1858,,,,582.0,965.499564998952,897.455251046645,601,3,25.679,347.15019609327004
1859,,,,581.0,966.499564998952,898.455251046645,602,3,25.672,347.4150341357239
1860,,,,580.0,967.499564998952,899.455251046645,603,3,25.663,446.99931152300775
1861,,,,579.0,968.499564998952,900.455251046645,604,3,25.656,347.91700423334055
1862,,,,578.0,969.499564998952,901.455251046645,605,3,25.645,547.0992690240854
1863,,,,578.0,970.499564998952,902.455251046645,606,3,25.636,447.9136937344183
1864,,,,577.0,971.499564998952,903.455251046645,607,3,25.628,398.4236296008063
1865,,,,576.0,972.499564998952,904.455251046645,608,3,25.621,348.8774114464913
1866,,,,573.0,973.499564998952,905.455251046645,609,3,25.612,448.87772892233875
1867,,,,572.0,974.499564998952,906.455251046645,610,3,25.603,449.18095699263165
1868,,,,570.0,975.499564998952,907.455251046645,611,3,25.594,449.48386106327916
1869,,,,570.0,976.499564998952,908.455251046645,612,3,25.585,449.78644113374935
1870,,,,569.0,977.499564998952,909.455251046645,613,3,25.578,350.08267170836217
1871,,,,570.0,978.499564998952,910.455251046645,614,3,25.571,350.3449197508145
1872,,,,571.0,979.499564998952,911.455251046645,615,3,25.562,450.7627613138398
1873,,,,571.0,980.499564998952,912.455251046645,616,3,25.555,350.8413738484327
1874,,,,570.0,981.499564998952,913.455251046645,617,3,25.548,351.1030058910628
1875,,,,568.0,982.499564998952,914.455251046645,618,3,25.541,351.3644419335146
1876,,,,566.0,983.499564998952,915.455251046645,619,3,25.534,351.6256819763231
1877,,,,565.0,984.499564998952,916.455251046645,620,3,25.527,351.8867260187747
1878,,,,564.0,985.499564998952,917.455251046645,621,3,25.52,352.14757406158344
1879,,,,564.0,986.499564998952,918.455251046645,622,3,25.511,453.0785337131708
1880,,,,563.0,987.499564998952,919.455251046645,623,3,25.504,352.6410321588448
1881,,,,563.0,988.499564998952,920.455251046645,624,3,25.497,352.90126420165393
1882,,,,562.0,989.499564998952,921.455251046645,625,3,25.489,403.6049985682481
1883,,,,561.0,990.499564998952,922.455251046645,626,3,25.482,353.40727329300427
1884,,,,560.0,991.499564998952,923.455251046645,627,3,25.475,353.66690333545495
1885,,,,559.0,992.499564998952,924.455251046645,628,3,25.468,353.9263373782646
1886,,,,559.0,993.499564998952,925.455251046645,629,3,25.459,455.3635711203319
1887,,,,558.0,994.499564998952,926.455251046645,630,3,25.45,455.6608051908021
1888,,,,557.0,995.499564998952,927.455251046645,631,3,25.444,303.9897291663515
1889,,,,556.0,996.499564998952,928.455251046645,632,3,25.435,456.30811230825236
1890,,,,555.0,997.499564998952,929.455251046645,633,3,25.428,355.15074262168514
1891,,,,554.0,998.499564998952,930.455251046645,634,3,25.419,456.9363664335327
1892,,,,553.0,999.499564998952,931.455251046645,635,3,25.411,406.43650311112907
1893,,,,552.0,1000.499564998952,932.455251046645,636,3,25.402,457.5454595666431
1894,,,,550.0,1001.499564998952,933.455251046645,637,3,25.394,406.97737522963
1895,,,,549.0,1002.499564998952,934.455251046645,638,3,25.385,458.15332869957257
1896,,,,548.0,1003.499564998952,935.455251046645,639,3,25.375,509.3763791935477
1897,,,,548.0,1004.499564998952,936.455251046645,640,3,25.364,560.6403377132609
1898,,,,549.0,1005.499564998952,937.455251046645,641,3,25.352,611.9389912618653
1899,,,,551.0,1006.499564998952,938.455251046645,642,3,25.343,459.22045902861424
1900,,,,553.0,1007.499564998952,939.455251046645,643,3,25.333,510.5604795589487
1901,,,,554.0,1008.499564998952,940.455251046645,644,3,25.326,357.6270562428659
1902,,,,554.0,1009.499564998952,941.455251046645,645,3,25.318,409.00076775841035
1903,,,,554.0,1010.499564998952,942.455251046645,646,3,25.314,204.6544559001761
1904,,,,553.0,1011.499564998952,943.455251046645,647,3,25.31,204.82461591409617
1905,,,,553.0,1012.499564998952,944.455251046645,648,3,25.309,51.2517154805625
1919,,,,547.0,1026.499564998952,958.455251046645,662,3,25.305,207.82099593149727
1920,,,,545.0,1027.499564998952,959.455251046645,663,3,25.298,363.9619234135692
1921,,,,545.0,1028.499564998952,960.455251046645,664,3,25.292,312.1907579596089
1922,,,,545.0,1029.499564998952,961.455251046645,665,3,25.285,364.4829964927395
1923,,,,546.0,1030.499564998952,962.455251046645,666,3,25.281,208.43296401501766
1924,,,,546.0,1031.499564998952,963.455251046645,667,3,25.279,104.30523601263623
1925,,,,547.0,1032.499564998952,964.455251046645,668,3,25.273,313.16950805897403
1926,,,,548.0,1033.499564998952,965.455251046645,669,3,25.268,261.17050757300825
1927,,,,548.0,1034.499564998952,966.455251046645,670,3,25.264,209.101328074178
1928,,,,548.0,1035.499564998952,967.455251046645,671,3,25.259,261.58272261215825
1929,,,,548.0,1036.499564998952,968.455251046645,672,3,25.253,314.1339961633743
1930,,,,547.0,1037.499564998952,969.455251046645,673,3,25.248,261.9738276600083
1931,,,,548.0,1038.499564998952,970.455251046645,674,3,25.242,314.6030582207945
1932,,,,547.0,1039.499564998952,971.455251046645,675,3,25.236,314.8311542521146
1933,,,,548.0,1040.499564998952,972.455251046645,676,3,25.23,315.05910628343463
1934,,,,548.0,1041.499564998952,973.455251046645,677,3,25.223,367.8274428703211
1935,,,,550.0,1042.499564998952,974.455251046645,678,3,25.219,210.34305223059198
1936,,,,550.0,1043.499564998952,975.455251046645,679,3,25.215,210.51142824469892
1937,,,,551.0,1044.499564998952,976.455251046645,680,3,25.21,263.3444528253084
1938,,,,551.0,1045.499564998952,977.455251046645,681,3,25.204,316.246890419155
1939,,,,551.0,1046.499564998952,978.455251046645,682,3,25.199,263.73358787315846
1940,,,,550.0,1047.499564998952,979.455251046645,683,3,25.192,369.4918540591119
1941,,,,549.0,1048.499564998952,980.455251046645,684,3,25.184,422.55371269105115
1942,,,,548.0,1049.499564998952,981.455251046645,685,3,25.178,317.1293825548754
1943,,,,547.0,1050.499564998952,982.455251046645,686,3,25.175,158.68741378918273
1967,,,,541.0,1074.499564998952,1006.455251046645,710,3,25.166,486.8224434145287
1968,,,,541.0,1075.499564998952,1007.455251046645,711,3,25.157,487.1012814849989
1969,,,,541.0,1076.499564998952,1008.455251046645,712,3,25.148,487.37979555546906
1970,,,,540.0,1077.499564998952,1009.455251046645,713,3,25.141,379.3046293697046
1971,,,,540.0,1078.499564998952,1010.455251046645,714,3,25.133,433.76389704601075
1972,,,,539.0,1079.499564998952,1011.455251046645,715,3,25.124,488.2716867433895
1973,,,,539.0,1080.499564998952,1012.455251046645,716,3,25.115,488.54895881385966
1974,,,,539.0,1081.499564998952,1013.455251046645,717,3,25.108,380.21306857048233
1975,,,,538.0,1082.499564998952,1014.455251046645,718,3,25.101,380.4585446133055
1976,,,,536.0,1083.499564998952,1015.455251046645,719,3,25.092,489.45684299395015
1977,,,,537.0,1084.499564998952,1016.455251046645,720,3,25.082,544.136811742466
1978,,,,537.0,1085.499564998952,1017.455251046645,721,3,25.073,489.9890761427206
1979,,,,538.0,1086.499564998952,1018.455251046645,722,3,25.065,435.7993215192917
1980,,,,538.0,1087.499564998952,1019.455251046645,723,3,25.057,436.06122557516545
1981,,,,537.0,1088.499564998952,1020.455251046645,724,3,25.05,381.79013392370274
1982,,,,535.0,1089.499564998952,1021.455251046645,725,3,25.042,436.601697679372
1983,,,,535.0,1090.499564998952,1022.455251046645,726,3,25.031,600.65043190027
1984,,,,536.0,1091.499564998952,1023.455251046645,727,3,25.02,600.9370920053461
1985,,,,537.0,1092.499564998952,1024.455251046645,728,3,25.011,491.92961162818176
1986,,,,537.0,1093.499564998952,1025.455251046645,729,3,25.004,382.8396652038431
1987,,,,537.0,1094.499564998952,1026.455251046645,730,3,24.996,437.79982599972703
1988,,,,536.0,1095.499564998952,1027.455251046645,731,3,24.988,438.05960205521274
1989,,,,534.0,1096.499564998952,1028.455251046645,732,3,24.985,164.38611828508414
2003,,,,521.0,1110.499564998952,1042.455251046645,746,3,24.981,221.94888505882756
2004,,,,518.0,1111.499564998952,1043.455251046645,747,3,24.972,499.70463993355287
2005,,,,516.0,1112.499564998952,1044.455251046645,748,3,24.96,666.5919393543575
2006,,,,514.0,1113.499564998952,1045.455251046645,749,3,24.949,611.3101476848171
2007,,,,514.0,1114.499564998952,1046.455251046645,750,3,24.938,611.5894377902848
2008,,,,514.0,1115.499564998952,1047.455251046645,751,3,24.929,500.63955127024366
2009,,,,513.0,1116.499564998952,1048.455251046645,752,3,24.92,500.90748134051614
2010,,,,510.0,1117.499564998952,1049.455251046645,753,3,24.913,389.8184907582302
2011,,,,509.0,1118.499564998952,1050.455251046645,754,3,24.901,668.603247970319
2012,,,,507.0,1119.499564998952,1051.455251046645,755,3,24.89,613.1510312494484
2013,,,,506.0,1120.499564998952,1052.455251046645,756,3,24.879,613.4275713547186
2014,,,,505.0,1121.499564998952,1053.455251046645,757,3,24.87,502.1413367322149
2015,,,,504.0,1122.499564998952,1054.455251046645,758,3,24.862,446.59318693237225
2016,,,,503.0,1123.499564998952,1055.455251046645,759,3,24.854,446.847234987854
2017,,,,501.0,1124.499564998952,1056.455251046645,760,3,24.845,502.9785349279653
2018,,,,500.0,1125.499564998952,1057.455251046645,761,3,24.835,559.1481838913681
2019,,,,499.0,1126.499564998952,1058.455251046645,762,3,24.827,447.5537711757744
2020,,,,498.0,1127.499564998952,1059.455251046645,763,3,24.819,447.8067472316534
2021,,,,497.0,1128.499564998952,1060.455251046645,764,3,24.812,392.05993337312316
2022,,,,496.0,1129.499564998952,1061.455251046645,765,3,24.806,336.2610564967208
2023,,,,495.0,1130.499564998952,1062.455251046645,766,3,24.798,448.618403377814
2024,,,,494.0,1131.499564998952,1063.455251046645,767,3,24.791,392.7695235010132
2025,,,,493.0,1132.499564998952,1064.455251046645,768,3,24.783,449.14026748201496
2026,,,,493.0,1133.499564998952,1065.455251046645,769,3,24.777,337.05743064810116
2027,,,,492.0,1134.499564998952,1066.455251046645,770,3,24.771,337.2731066794213
2028,,,,491.0,1135.499564998952,1067.455251046645,771,3,24.764,393.7287966656432
2029,,,,489.0,1136.499564998952,1068.455251046645,772,3,24.76,225.13601782790764
2030,,,,488.0,1137.499564998952,1069.455251046645,773,3,24.755,281.61645480475966
2031,,,,486.0,1138.499564998952,1070.455251046645,774,3,24.749,338.16169479426156
2032,,,,485.0,1139.499564998952,1071.455251046645,775,3,24.745,225.59356588010752
2033,,,,483.0,1140.499564998952,1072.455251046645,776,3,24.742,169.31970591931585
2034,,,,482.0,1141.499564998952,1073.455251046645,777,3,24.739,169.44761992714587
2035,,,,481.0,1142.499564998952,1074.455251046645,778,3,24.736,169.57549793497589
2036,,,,481.0,1143.499564998952,1075.455251046645,779,3,24.734,113.13784696093363
2037,,,,480.0,1144.499564998952,1076.455251046645,780,3,24.731,169.83801294802595
2038,,,,479.0,1145.499564998952,1077.455251046645,781,3,24.727,226.61646994294838
2039,,,,477.0,1146.499564998952,1078.455251046645,782,3,24.723,226.77761395686846
2040,,,,475.0,1147.499564998952,1079.455251046645,783,3,24.719,226.938693970587
2041,,,,474.0,1148.499564998952,1080.455251046645,784,3,24.714,283.8688949831112
2042,,,,474.0,1149.499564998952,1081.455251046645,785,3,24.712,113.63033099921343
2043,,,,473.0,1150.499564998952,1082.455251046645,786,3,24.71,113.71997900269339
2044,,,,473.0,1151.499564998952,1083.455251046645,787,3,24.709,56.905957002752764
2051,,,,469.0,1158.499564998952,1090.455251046645,794,3,24.708,57.24957300362318
2052,,,,469.0,1159.499564998952,1091.455251046645,795,3,24.706,114.59102300965293
2053,,,,469.0,1160.499564998952,1092.455251046645,796,3,24.701,286.6840100394591
2054,,,,469.0,1161.499564998952,1093.455251046645,797,3,24.695,344.2405950761425
2055,,,,470.0,1162.499564998952,1094.455251046645,798,3,24.689,344.45327110746257
2056,,,,470.0,1163.499564998952,1095.455251046645,799,3,24.684,287.2273201134092
2057,,,,469.0,1164.499564998952,1096.455251046645,800,3,24.678,344.8921651648827
2058,,,,469.0,1165.499564998952,1097.455251046645,801,3,24.676,115.04413106205716
2074,,,,467.0,1181.499564998952,1113.455251046645,817,3,24.673,174.91746609940648
2075,,,,467.0,1182.499564998952,1114.455251046645,818,3,24.665,466.737308303295
2076,,,,467.0,1183.499564998952,1115.455251046645,819,3,24.662,175.13544912811656
2077,,,,467.0,1184.499564998952,1116.455251046645,820,3,24.658,233.67807418286375
2078,,,,465.0,1185.499564998952,1117.455251046645,821,3,24.656,116.92345109685955
2101,,,,456.0,1208.499564998952,1140.455251046645,844,3,24.654,119.1822271001306
2102,,,,456.0,1209.499564998952,1141.455251046645,845,3,24.647,417.4067663781798
2103,,,,456.0,1210.499564998952,1142.455251046645,846,3,24.639,477.2854524842542
2104,,,,457.0,1211.499564998952,1143.455251046645,847,3,24.634,298.47109033090743
2105,,,,458.0,1212.499564998952,1144.455251046645,848,3,24.626,477.8218285747344
2106,,,,458.0,1213.499564998952,1145.455251046645,849,3,24.623,179.290920229907
2120,,,,457.0,1227.499564998952,1159.455251046645,863,3,24.617,362.65247148330417
2121,,,,456.0,1228.499564998952,1160.455251046645,864,3,24.613,241.91613433967444
2156,,,,448.0,1263.499564998952,1195.455251046645,899,3,24.608,310.95356044400523
2157,,,,448.0,1264.499564998952,1196.455251046645,900,3,24.604,248.91421037099684
2158,,,,447.0,1265.499564998952,1197.455251046645,901,3,24.601,186.80671828732739
2176,,,,442.0,1283.499564998952,1215.455251046645,919,3,24.599,126.29635719582689
2177,,,,440.0,1284.499564998952,1216.455251046645,920,3,24.59,568.6492419246226
2178,,,,439.0,1285.499564998952,1217.455251046645,921,3,24.582,505.6846768809721
2179,,,,438.0,1286.499564998952,1218.455251046645,922,3,24.573,569.140975057733
2180,,,,437.0,1287.499564998952,1219.455251046645,923,3,24.566,442.86508787147625
2181,,,,436.0,1288.499564998952,1220.455251046645,924,3,24.557,569.6546771830133
2182,,,,435.0,1289.499564998952,1221.455251046645,925,3,24.55,443.2641859686916
2183,,,,434.0,1290.499564998952,1222.455251046645,926,3,24.541,570.1672273082936
2184,,,,434.0,1291.499564998952,1223.455251046645,927,3,24.531,633.7646665363849
2185,,,,433.0,1292.499564998952,1224.455251046645,928,3,24.522,570.608830457064
2186,,,,432.0,1293.499564998952,1225.455251046645,929,3,24.513,570.8407605273088
2187,,,,430.0,1294.499564998952,1226.455251046645,930,3,24.508,317.2883158792305
2188,,,,428.0,1295.499564998952,1227.455251046645,931,3,24.501,444.43796726710195
2189,,,,426.0,1296.499564998952,1228.455251046645,932,3,24.496,317.62294593143076
2190,,,,425.0,1297.499564998952,1229.455251046645,933,3,24.493,190.68961856920822
2191,,,,424.0,1298.499564998952,1230.455251046645,934,3,24.492,63.60700119132543
2191,,,,424.0,1298.499564998952,1230.455251046645,934,3,24.492,3714620.800381114
