fixIdx,legIdx,zoneIdx,tickLead,tickRace,time,lat,lng,alt,togo
1,1,1,-969.66782311728,-1061.40497135794,,,,784.0,41.404
2,1,2,-968.66782311728,-1060.40497135794,,,,781.0,41.399
3,1,3,-967.66782311728,-1059.40497135794,,,,777.0,41.394
4,1,4,-966.66782311728,-1058.40497135794,,,,774.0,41.389
5,1,5,-965.66782311728,-1057.40497135794,,,,775.0,41.388
159,1,159,-811.66782311728,-903.40497135794,,,,774.0,41.385
160,1,160,-810.66782311728,-902.40497135794,,,,772.0,41.376
161,1,161,-809.66782311728,-901.40497135794,,,,773.0,41.369
162,1,162,-808.66782311728,-900.40497135794,,,,774.0,41.365
163,1,163,-807.66782311728,-899.40497135794,,,,775.0,41.362
1193,1,1193,222.33217688272,130.59502864206,,,,903.0,41.361
1194,1,1194,223.33217688272,131.59502864206,,,,903.0,41.354
1195,1,1195,224.33217688272,132.59502864206,,,,901.0,41.347
1196,1,1196,225.33217688272,133.59502864206,,,,900.0,41.34
1197,1,1197,226.33217688272,134.59502864206,,,,899.0,41.336
1198,1,1198,227.33217688272,135.59502864206,,,,900.0,41.334
1220,1,1220,249.33217688272,157.59502864206,,,,910.0,41.333
1228,1,1228,257.33217688272,165.59502864206,,,,920.0,41.331
1229,1,1229,258.33217688272,166.59502864206,,,,920.0,41.321
1230,1,1230,259.33217688272,167.59502864206,,,,919.0,41.315
1231,1,1231,260.33217688272,168.59502864206,,,,919.0,41.313
1232,1,1232,261.33217688272,169.59502864206,,,,920.0,41.312
1233,1,1233,262.33217688272,170.59502864206,,,,921.0,41.311
1309,1,1309,338.33217688272,246.59502864206,,,,894.0,41.308
1310,1,1310,339.33217688272,247.59502864206,,,,896.0,41.302
1311,1,1311,340.33217688272,248.59502864206,,,,898.0,41.297
1312,1,1312,341.33217688272,249.59502864206,,,,897.0,41.292
1313,1,1313,342.33217688272,250.59502864206,,,,896.0,41.286
1314,1,1314,343.33217688272,251.59502864206,,,,894.0,41.281
1315,1,1315,344.33217688272,252.59502864206,,,,893.0,41.273
1316,1,1316,345.33217688272,253.59502864206,,,,892.0,41.266
1317,1,1317,346.33217688272,254.59502864206,,,,891.0,41.26
1318,1,1318,347.33217688272,255.59502864206,,,,891.0,41.252
1319,1,1319,348.33217688272,256.59502864206,,,,891.0,41.245
1320,1,1320,349.33217688272,257.59502864206,,,,889.0,41.236
1321,1,1321,350.33217688272,258.59502864206,,,,889.0,41.226
1322,1,1322,351.33217688272,259.59502864206,,,,890.0,41.218
1323,1,1323,352.33217688272,260.59502864206,,,,891.0,41.21
1324,1,1324,353.33217688272,261.59502864206,,,,892.0,41.203
1325,1,1325,354.33217688272,262.59502864206,,,,893.0,41.198
1326,1,1326,355.33217688272,263.59502864206,,,,892.0,41.191
1327,1,1327,356.33217688272,264.59502864206,,,,891.0,41.184
1328,1,1328,357.33217688272,265.59502864206,,,,889.0,41.175
1329,1,1329,358.33217688272,266.59502864206,,,,887.0,41.166
1330,1,1330,359.33217688272,267.59502864206,,,,886.0,41.157
1331,1,1331,360.33217688272,268.59502864206,,,,886.0,41.148
1332,1,1332,361.33217688272,269.59502864206,,,,886.0,41.141
1333,1,1333,362.33217688272,270.59502864206,,,,885.0,41.134
1334,1,1334,363.33217688272,271.59502864206,,,,884.0,41.128
1335,1,1335,364.33217688272,272.59502864206,,,,883.0,41.121
1336,1,1336,365.33217688272,273.59502864206,,,,883.0,41.114
1337,1,1337,366.33217688272,274.59502864206,,,,883.0,41.108
1338,1,1338,367.33217688272,275.59502864206,,,,883.0,41.102
1339,1,1339,368.33217688272,276.59502864206,,,,883.0,41.096
1340,1,1340,369.33217688272,277.59502864206,,,,882.0,41.09
1341,1,1341,370.33217688272,278.59502864206,,,,881.0,41.083
1342,1,1342,371.33217688272,279.59502864206,,,,881.0,41.076
1343,1,1343,372.33217688272,280.59502864206,,,,881.0,41.068
1344,1,1344,373.33217688272,281.59502864206,,,,884.0,41.062
1345,1,1345,374.33217688272,282.59502864206,,,,885.0,41.057
1346,1,1346,375.33217688272,283.59502864206,,,,887.0,41.054
1347,1,1347,376.33217688272,284.59502864206,,,,887.0,41.048
1348,1,1348,377.33217688272,285.59502864206,,,,886.0,41.043
1349,1,1349,378.33217688272,286.59502864206,,,,886.0,41.037
1372,1,1372,401.33217688272,309.59502864206,,,,902.0,41.034
1373,1,1373,402.33217688272,310.59502864206,,,,901.0,41.029
1374,1,1374,403.33217688272,311.59502864206,,,,901.0,41.02
1375,1,1375,404.33217688272,312.59502864206,,,,901.0,41.017
1601,1,1601,630.33217688272,538.59502864206,,,,973.0,41.011
1602,1,1602,631.33217688272,539.59502864206,,,,974.0,41.006
1603,1,1603,632.33217688272,540.59502864206,,,,975.0,41.0
1604,1,1604,633.33217688272,541.59502864206,,,,975.0,40.994
1605,1,1605,634.33217688272,542.59502864206,,,,975.0,40.988
1606,1,1606,635.33217688272,543.59502864206,,,,976.0,40.983
1607,1,1607,636.33217688272,544.59502864206,,,,977.0,40.977
1608,1,1608,637.33217688272,545.59502864206,,,,978.0,40.974
1609,1,1609,638.33217688272,546.59502864206,,,,978.0,40.973
1610,1,1610,639.33217688272,547.59502864206,,,,978.0,40.971
1987,1,1987,1016.33217688272,924.59502864206,,,,1193.0,40.97
1988,1,1988,1017.33217688272,925.59502864206,,,,1193.0,40.961
1989,1,1989,1018.33217688272,926.59502864206,,,,1193.0,40.953
1990,1,1990,1019.33217688272,927.59502864206,,,,1195.0,40.947
1991,1,1991,1020.33217688272,928.59502864206,,,,1196.0,40.941
1992,1,1992,1021.33217688272,929.59502864206,,,,1197.0,40.936
1993,1,1993,1022.33217688272,930.59502864206,,,,1197.0,40.93
1994,1,1994,1023.33217688272,931.59502864206,,,,1197.0,40.923
1995,1,1995,1024.33217688272,932.59502864206,,,,1197.0,40.916
1996,1,1996,1025.33217688272,933.59502864206,,,,1198.0,40.908
1997,1,1997,1026.33217688272,934.59502864206,,,,1199.0,40.901
1998,1,1998,1027.33217688272,935.59502864206,,,,1201.0,40.895
1999,1,1999,1028.33217688272,936.59502864206,,,,1202.0,40.885
2000,1,2000,1029.33217688272,937.59502864206,,,,1203.0,40.878
2001,1,2001,1030.33217688272,938.59502864206,,,,1205.0,40.87
2002,1,2002,1031.33217688272,939.59502864206,,,,1206.0,40.865
2003,1,2003,1032.33217688272,940.59502864206,,,,1208.0,40.86
2004,1,2004,1033.33217688272,941.59502864206,,,,1208.0,40.855
2005,1,2005,1034.33217688272,942.59502864206,,,,1208.0,40.851
2006,1,2006,1035.33217688272,943.59502864206,,,,1206.0,40.844
2007,1,2007,1036.33217688272,944.59502864206,,,,1204.0,40.837
2008,1,2008,1037.33217688272,945.59502864206,,,,1204.0,40.828
2009,1,2009,1038.33217688272,946.59502864206,,,,1206.0,40.822
2010,1,2010,1039.33217688272,947.59502864206,,,,1207.0,40.815
2011,1,2011,1040.33217688272,948.59502864206,,,,1208.0,40.808
2012,1,2012,1041.33217688272,949.59502864206,,,,1211.0,40.802
2013,1,2013,1042.33217688272,950.59502864206,,,,1212.0,40.796
2014,1,2014,1043.33217688272,951.59502864206,,,,1213.0,40.792
2015,1,2015,1044.33217688272,952.59502864206,,,,1213.0,40.79
2051,1,2051,1080.33217688272,988.59502864206,,,,1226.0,40.787
2052,1,2052,1081.33217688272,989.59502864206,,,,1226.0,40.781
2053,1,2053,1082.33217688272,990.59502864206,,,,1226.0,40.776
2054,1,2054,1083.33217688272,991.59502864206,,,,1224.0,40.769
2055,1,2055,1084.33217688272,992.59502864206,,,,1224.0,40.762
2056,1,2056,1085.33217688272,993.59502864206,,,,1224.0,40.756
2057,1,2057,1086.33217688272,994.59502864206,,,,1225.0,40.751
2058,1,2058,1087.33217688272,995.59502864206,,,,1223.0,40.743
2059,1,2059,1088.33217688272,996.59502864206,,,,1222.0,40.737
2060,1,2060,1089.33217688272,997.59502864206,,,,1222.0,40.731
2061,1,2061,1090.33217688272,998.59502864206,,,,1221.0,40.724
2062,1,2062,1091.33217688272,999.59502864206,,,,1220.0,40.717
2063,1,2063,1092.33217688272,1000.59502864206,,,,1219.0,40.71
2064,1,2064,1093.33217688272,1001.59502864206,,,,1218.0,40.704
2065,1,2065,1094.33217688272,1002.59502864206,,,,1216.0,40.695
2066,1,2066,1095.33217688272,1003.59502864206,,,,1213.0,40.689
2067,1,2067,1096.33217688272,1004.59502864206,,,,1210.0,40.681
2068,1,2068,1097.33217688272,1005.59502864206,,,,1209.0,40.674
2069,2,1,1098.33217688272,1006.59502864206,,,,1207.0,40.667
2070,2,2,1099.33217688272,1007.59502864206,,,,1206.0,40.66
2071,2,3,1100.33217688272,1008.59502864206,,,,1205.0,40.653
2072,2,4,1101.33217688272,1009.59502864206,,,,1205.0,40.646
2073,2,5,1102.33217688272,1010.59502864206,,,,1203.0,40.64
2074,2,6,1103.33217688272,1011.59502864206,,,,1200.0,40.632
2075,2,7,1104.33217688272,1012.59502864206,,,,1197.0,40.623
2076,2,8,1105.33217688272,1013.59502864206,,,,1194.0,40.614
2077,2,9,1106.33217688272,1014.59502864206,,,,1192.0,40.606
2078,2,10,1107.33217688272,1015.59502864206,,,,1189.0,40.599
2079,2,11,1108.33217688272,1016.59502864206,,,,1187.0,40.592
2080,2,12,1109.33217688272,1017.59502864206,,,,1185.0,40.586
2081,2,13,1110.33217688272,1018.59502864206,,,,1182.0,40.58
2082,2,14,1111.33217688272,1019.59502864206,,,,1180.0,40.575
2083,2,15,1112.33217688272,1020.59502864206,,,,1179.0,40.569
2084,2,16,1113.33217688272,1021.59502864206,,,,1176.0,40.56
2085,2,17,1114.33217688272,1022.59502864206,,,,1174.0,40.552
2086,2,18,1115.33217688272,1023.59502864206,,,,1173.0,40.544
2087,2,19,1116.33217688272,1024.59502864206,,,,1172.0,40.535
2088,2,20,1117.33217688272,1025.59502864206,,,,1171.0,40.529
2089,2,21,1118.33217688272,1026.59502864206,,,,1170.0,40.522
2090,2,22,1119.33217688272,1027.59502864206,,,,1169.0,40.517
2091,2,23,1120.33217688272,1028.59502864206,,,,1165.0,40.51
2092,2,24,1121.33217688272,1029.59502864206,,,,1164.0,40.505
2093,2,25,1122.33217688272,1030.59502864206,,,,1161.0,40.498
2094,2,26,1123.33217688272,1031.59502864206,,,,1159.0,40.489
2095,2,27,1124.33217688272,1032.59502864206,,,,1156.0,40.481
2096,2,28,1125.33217688272,1033.59502864206,,,,1155.0,40.474
2097,2,29,1126.33217688272,1034.59502864206,,,,1152.0,40.467
2098,2,30,1127.33217688272,1035.59502864206,,,,1151.0,40.461
2099,2,31,1128.33217688272,1036.59502864206,,,,1149.0,40.454
2100,2,32,1129.33217688272,1037.59502864206,,,,1147.0,40.447
2101,2,33,1130.33217688272,1038.59502864206,,,,1144.0,40.438
2102,2,34,1131.33217688272,1039.59502864206,,,,1142.0,40.429
2103,2,35,1132.33217688272,1040.59502864206,,,,1141.0,40.422
2104,2,36,1133.33217688272,1041.59502864206,,,,1140.0,40.413
2105,2,37,1134.33217688272,1042.59502864206,,,,1138.0,40.407
2106,2,38,1135.33217688272,1043.59502864206,,,,1138.0,40.397
2107,2,39,1136.33217688272,1044.59502864206,,,,1136.0,40.389
2108,2,40,1137.33217688272,1045.59502864206,,,,1136.0,40.378
2109,2,41,1138.33217688272,1046.59502864206,,,,1137.0,40.37
2110,2,42,1139.33217688272,1047.59502864206,,,,1137.0,40.361
2111,2,43,1140.33217688272,1048.59502864206,,,,1136.0,40.353
2112,2,44,1141.33217688272,1049.59502864206,,,,1136.0,40.345
2113,2,45,1142.33217688272,1050.59502864206,,,,1137.0,40.334
2114,2,46,1143.33217688272,1051.59502864206,,,,1138.0,40.324
2115,2,47,1144.33217688272,1052.59502864206,,,,1138.0,40.314
2116,2,48,1145.33217688272,1053.59502864206,,,,1140.0,40.305
2117,2,49,1146.33217688272,1054.59502864206,,,,1140.0,40.297
2118,2,50,1147.33217688272,1055.59502864206,,,,1140.0,40.289
2119,2,51,1148.33217688272,1056.59502864206,,,,1141.0,40.281
2120,2,52,1149.33217688272,1057.59502864206,,,,1142.0,40.273
2121,2,53,1150.33217688272,1058.59502864206,,,,1143.0,40.265
2122,2,54,1151.33217688272,1059.59502864206,,,,1144.0,40.259
2123,2,55,1152.33217688272,1060.59502864206,,,,1144.0,40.252
2124,2,56,1153.33217688272,1061.59502864206,,,,1144.0,40.244
2125,2,57,1154.33217688272,1062.59502864206,,,,1143.0,40.236
2126,2,58,1155.33217688272,1063.59502864206,,,,1143.0,40.225
2127,2,59,1156.33217688272,1064.59502864206,,,,1144.0,40.216
2128,2,60,1157.33217688272,1065.59502864206,,,,1146.0,40.208
2129,2,61,1158.33217688272,1066.59502864206,,,,1147.0,40.201
2130,2,62,1159.33217688272,1067.59502864206,,,,1146.0,40.193
2131,2,63,1160.33217688272,1068.59502864206,,,,1146.0,40.187
2132,2,64,1161.33217688272,1069.59502864206,,,,1146.0,40.178
2133,2,65,1162.33217688272,1070.59502864206,,,,1145.0,40.171
2134,2,66,1163.33217688272,1071.59502864206,,,,1146.0,40.163
2135,2,67,1164.33217688272,1072.59502864206,,,,1147.0,40.153
2136,2,68,1165.33217688272,1073.59502864206,,,,1149.0,40.145
2137,2,69,1166.33217688272,1074.59502864206,,,,1150.0,40.137
2138,2,70,1167.33217688272,1075.59502864206,,,,1151.0,40.129
2139,2,71,1168.33217688272,1076.59502864206,,,,1152.0,40.122
2140,2,72,1169.33217688272,1077.59502864206,,,,1152.0,40.114
2141,2,73,1170.33217688272,1078.59502864206,,,,1152.0,40.105
2142,2,74,1171.33217688272,1079.59502864206,,,,1152.0,40.097
2143,2,75,1172.33217688272,1080.59502864206,,,,1153.0,40.087
2144,2,76,1173.33217688272,1081.59502864206,,,,1154.0,40.079
2145,2,77,1174.33217688272,1082.59502864206,,,,1155.0,40.073
2146,2,78,1175.33217688272,1083.59502864206,,,,1156.0,40.065
2147,2,79,1176.33217688272,1084.59502864206,,,,1156.0,40.058
2148,2,80,1177.33217688272,1085.59502864206,,,,1156.0,40.05
2149,2,81,1178.33217688272,1086.59502864206,,,,1157.0,40.044
2150,2,82,1179.33217688272,1087.59502864206,,,,1155.0,40.036
2151,2,83,1180.33217688272,1088.59502864206,,,,1155.0,40.029
2152,2,84,1181.33217688272,1089.59502864206,,,,1155.0,40.021
2153,2,85,1182.33217688272,1090.59502864206,,,,1155.0,40.016
2154,2,86,1183.33217688272,1091.59502864206,,,,1156.0,40.009
2155,2,87,1184.33217688272,1092.59502864206,,,,1155.0,40.002
2156,2,88,1185.33217688272,1093.59502864206,,,,1155.0,39.997
2157,2,89,1186.33217688272,1094.59502864206,,,,1154.0,39.99
2158,2,90,1187.33217688272,1095.59502864206,,,,1153.0,39.984
2159,2,91,1188.33217688272,1096.59502864206,,,,1153.0,39.979
2160,2,92,1189.33217688272,1097.59502864206,,,,1152.0,39.974
2161,2,93,1190.33217688272,1098.59502864206,,,,1152.0,39.97
2162,2,94,1191.33217688272,1099.59502864206,,,,1152.0,39.967
2163,2,95,1192.33217688272,1100.59502864206,,,,1151.0,39.964
2164,2,96,1193.33217688272,1101.59502864206,,,,1149.0,39.961
2165,2,97,1194.33217688272,1102.59502864206,,,,1148.0,39.957
2166,2,98,1195.33217688272,1103.59502864206,,,,1147.0,39.955
2167,2,99,1196.33217688272,1104.59502864206,,,,1145.0,39.953
2168,2,100,1197.33217688272,1105.59502864206,,,,1145.0,39.949
2169,2,101,1198.33217688272,1106.59502864206,,,,1144.0,39.947
2170,2,102,1199.33217688272,1107.59502864206,,,,1142.0,39.946
2171,2,103,1200.33217688272,1108.59502864206,,,,1141.0,39.945
2172,2,104,1201.33217688272,1109.59502864206,,,,1139.0,39.944
2175,3,3,1204.33217688272,1112.59502864206,,,,1130.0,39.943
2177,3,5,1206.33217688272,1114.59502864206,,,,1126.0,39.94
2178,3,6,1207.33217688272,1115.59502864206,,,,1125.0,39.938
2179,3,7,1208.33217688272,1116.59502864206,,,,1123.0,39.933
2180,3,8,1209.33217688272,1117.59502864206,,,,1121.0,39.928
2181,3,9,1210.33217688272,1118.59502864206,,,,1118.0,39.92
2182,3,10,1211.33217688272,1119.59502864206,,,,1115.0,39.911
2183,3,11,1212.33217688272,1120.59502864206,,,,1113.0,39.902
2184,3,12,1213.33217688272,1121.59502864206,,,,1112.0,39.895
2185,3,13,1214.33217688272,1122.59502864206,,,,1110.0,39.886
2186,3,14,1215.33217688272,1123.59502864206,,,,1108.0,39.878
2187,3,15,1216.33217688272,1124.59502864206,,,,1106.0,39.869
2188,3,16,1217.33217688272,1125.59502864206,,,,1105.0,39.862
2189,3,17,1218.33217688272,1126.59502864206,,,,1104.0,39.855
2190,3,18,1219.33217688272,1127.59502864206,,,,1102.0,39.85
2191,3,19,1220.33217688272,1128.59502864206,,,,1100.0,39.846
2192,3,20,1221.33217688272,1129.59502864206,,,,1100.0,39.843
2193,3,21,1222.33217688272,1130.59502864206,,,,1098.0,39.839
2194,3,22,1223.33217688272,1131.59502864206,,,,1095.0,39.835
2195,3,23,1224.33217688272,1132.59502864206,,,,1093.0,39.832
2196,3,24,1225.33217688272,1133.59502864206,,,,1092.0,39.829
2197,3,25,1226.33217688272,1134.59502864206,,,,1092.0,39.827
2198,3,26,1227.33217688272,1135.59502864206,,,,1089.0,39.823
2200,3,28,1229.33217688272,1137.59502864206,,,,1086.0,39.821
2201,3,29,1230.33217688272,1138.59502864206,,,,1084.0,39.819
2203,3,31,1232.33217688272,1140.59502864206,,,,1079.0,39.818
2204,3,32,1233.33217688272,1141.59502864206,,,,1078.0,39.817
2205,3,33,1234.33217688272,1142.59502864206,,,,1075.0,39.816
2206,3,34,1235.33217688272,1143.59502864206,,,,1074.0,39.813
2207,3,35,1236.33217688272,1144.59502864206,,,,1072.0,39.812
2208,3,36,1237.33217688272,1145.59502864206,,,,1071.0,39.809
2209,3,37,1238.33217688272,1146.59502864206,,,,1070.0,39.807
2210,3,38,1239.33217688272,1147.59502864206,,,,1069.0,39.804
2211,3,39,1240.33217688272,1148.59502864206,,,,1068.0,39.802
2212,3,40,1241.33217688272,1149.59502864206,,,,1067.0,39.799
2225,3,53,1254.33217688272,1162.59502864206,,,,1070.0,39.792
2226,3,54,1255.33217688272,1163.59502864206,,,,1070.0,39.785
2227,3,55,1256.33217688272,1164.59502864206,,,,1072.0,39.782
2228,3,56,1257.33217688272,1165.59502864206,,,,1072.0,39.781
2812,3,640,1841.33217688272,1749.59502864206,,,,1011.0,39.78
2813,3,641,1842.33217688272,1750.59502864206,,,,1011.0,39.776
2814,3,642,1843.33217688272,1751.59502864206,,,,1011.0,39.773
2856,3,684,1885.33217688272,1793.59502864206,,,,1022.0,39.77
2857,3,685,1886.33217688272,1794.59502864206,,,,1023.0,39.764
2858,3,686,1887.33217688272,1795.59502864206,,,,1022.0,39.76
2861,3,689,1890.33217688272,1798.59502864206,,,,1018.0,39.759
2863,3,691,1892.33217688272,1800.59502864206,,,,1015.0,39.756
2864,3,692,1893.33217688272,1801.59502864206,,,,1013.0,39.749
2865,3,693,1894.33217688272,1802.59502864206,,,,1012.0,39.741
2866,3,694,1895.33217688272,1803.59502864206,,,,1011.0,39.733
2867,3,695,1896.33217688272,1804.59502864206,,,,1010.0,39.726
2868,3,696,1897.33217688272,1805.59502864206,,,,1009.0,39.72
2869,3,697,1898.33217688272,1806.59502864206,,,,1006.0,39.713
2870,3,698,1899.33217688272,1807.59502864206,,,,1005.0,39.704
2871,3,699,1900.33217688272,1808.59502864206,,,,1002.0,39.696
2872,3,700,1901.33217688272,1809.59502864206,,,,1000.0,39.686
2873,3,701,1902.33217688272,1810.59502864206,,,,999.0,39.675
2874,3,702,1903.33217688272,1811.59502864206,,,,1000.0,39.666
2875,3,703,1904.33217688272,1812.59502864206,,,,999.0,39.657
2876,3,704,1905.33217688272,1813.59502864206,,,,998.0,39.649
2877,3,705,1906.33217688272,1814.59502864206,,,,999.0,39.64
2878,3,706,1907.33217688272,1815.59502864206,,,,997.0,39.631
2879,3,707,1908.33217688272,1816.59502864206,,,,997.0,39.621
2880,3,708,1909.33217688272,1817.59502864206,,,,998.0,39.612
2881,3,709,1910.33217688272,1818.59502864206,,,,1001.0,39.603
2882,3,710,1911.33217688272,1819.59502864206,,,,1002.0,39.597
2883,3,711,1912.33217688272,1820.59502864206,,,,1002.0,39.589
2884,3,712,1913.33217688272,1821.59502864206,,,,1001.0,39.582
2885,3,713,1914.33217688272,1822.59502864206,,,,999.0,39.574
2886,3,714,1915.33217688272,1823.59502864206,,,,997.0,39.566
2887,3,715,1916.33217688272,1824.59502864206,,,,996.0,39.558
2888,3,716,1917.33217688272,1825.59502864206,,,,996.0,39.552
2889,3,717,1918.33217688272,1826.59502864206,,,,997.0,39.548
2890,3,718,1919.33217688272,1827.59502864206,,,,998.0,39.546
2892,3,720,1921.33217688272,1829.59502864206,,,,997.0,39.545
2930,3,758,1959.33217688272,1867.59502864206,,,,996.0,39.539
2931,3,759,1960.33217688272,1868.59502864206,,,,997.0,39.531
2932,3,760,1961.33217688272,1869.59502864206,,,,997.0,39.523
2933,3,761,1962.33217688272,1870.59502864206,,,,998.0,39.514
2934,3,762,1963.33217688272,1871.59502864206,,,,1000.0,39.506
2935,3,763,1964.33217688272,1872.59502864206,,,,1001.0,39.498
2936,3,764,1965.33217688272,1873.59502864206,,,,1002.0,39.492
2937,3,765,1966.33217688272,1874.59502864206,,,,1002.0,39.485
2938,3,766,1967.33217688272,1875.59502864206,,,,1000.0,39.476
2939,3,767,1968.33217688272,1876.59502864206,,,,999.0,39.467
2940,3,768,1969.33217688272,1877.59502864206,,,,998.0,39.458
2941,3,769,1970.33217688272,1878.59502864206,,,,999.0,39.449
2942,3,770,1971.33217688272,1879.59502864206,,,,1001.0,39.441
2943,3,771,1972.33217688272,1880.59502864206,,,,1004.0,39.435
2944,3,772,1973.33217688272,1881.59502864206,,,,1006.0,39.429
2945,3,773,1974.33217688272,1882.59502864206,,,,1006.0,39.422
2946,3,774,1975.33217688272,1883.59502864206,,,,1006.0,39.415
2947,3,775,1976.33217688272,1884.59502864206,,,,1007.0,39.408
2948,3,776,1977.33217688272,1885.59502864206,,,,1007.0,39.4
2949,3,777,1978.33217688272,1886.59502864206,,,,1008.0,39.39
2950,3,778,1979.33217688272,1887.59502864206,,,,1010.0,39.384
2951,3,779,1980.33217688272,1888.59502864206,,,,1012.0,39.378
2952,3,780,1981.33217688272,1889.59502864206,,,,1013.0,39.375
2953,3,781,1982.33217688272,1890.59502864206,,,,1015.0,39.373
3052,3,880,2081.33217688272,1989.59502864206,,,,1037.0,39.369
3053,3,881,2082.33217688272,1990.59502864206,,,,1037.0,39.366
3054,3,882,2083.33217688272,1991.59502864206,,,,1035.0,39.365
3055,3,883,2084.33217688272,1992.59502864206,,,,1034.0,39.364
3056,3,884,2085.33217688272,1993.59502864206,,,,1034.0,39.362
3123,3,951,2152.33217688272,2060.59502864206,,,,961.0,39.354
3124,3,952,2153.33217688272,2061.59502864206,,,,961.0,39.344
3125,3,953,2154.33217688272,2062.59502864206,,,,958.0,39.335
3126,3,954,2155.33217688272,2063.59502864206,,,,956.0,39.326
3127,3,955,2156.33217688272,2064.59502864206,,,,954.0,39.317
3128,3,956,2157.33217688272,2065.59502864206,,,,953.0,39.308
3129,3,957,2158.33217688272,2066.59502864206,,,,954.0,39.302
3130,3,958,2159.33217688272,2067.59502864206,,,,955.0,39.294
3131,3,959,2160.33217688272,2068.59502864206,,,,955.0,39.288
3132,3,960,2161.33217688272,2069.59502864206,,,,954.0,39.28
3133,3,961,2162.33217688272,2070.59502864206,,,,953.0,39.273
3134,3,962,2163.33217688272,2071.59502864206,,,,952.0,39.265
3135,3,963,2164.33217688272,2072.59502864206,,,,951.0,39.257
3136,3,964,2168.33217688272,2076.59502864206,,,,946.0,39.227
3137,3,965,2169.33217688272,2077.59502864206,,,,944.0,39.219
3138,3,966,2170.33217688272,2078.59502864206,,,,942.0,39.211
3139,3,967,2172.33217688272,2080.59502864206,,,,940.0,39.196
3140,3,968,2174.33217688272,2082.59502864206,,,,936.0,39.181
3141,3,969,2175.33217688272,2083.59502864206,,,,934.0,39.172
3142,3,970,2176.33217688272,2084.59502864206,,,,933.0,39.163
3143,3,971,2177.33217688272,2085.59502864206,,,,932.0,39.154
3144,3,972,2178.33217688272,2086.59502864206,,,,931.0,39.143
3145,3,973,2179.33217688272,2087.59502864206,,,,931.0,39.134
3146,3,974,2180.33217688272,2088.59502864206,,,,931.0,39.123
3147,3,975,2181.33217688272,2089.59502864206,,,,930.0,39.113
3148,3,976,2182.33217688272,2090.59502864206,,,,930.0,39.104
3149,3,977,2183.33217688272,2091.59502864206,,,,929.0,39.093
3150,3,978,2184.33217688272,2092.59502864206,,,,928.0,39.084
3151,3,979,2185.33217688272,2093.59502864206,,,,927.0,39.075
3152,3,980,2186.33217688272,2094.59502864206,,,,925.0,39.064
3153,3,981,2187.33217688272,2095.59502864206,,,,924.0,39.055
3154,3,982,2188.33217688272,2096.59502864206,,,,923.0,39.046
3155,3,983,2189.33217688272,2097.59502864206,,,,921.0,39.037
3156,3,984,2190.33217688272,2098.59502864206,,,,921.0,39.027
3157,3,985,2191.33217688272,2099.59502864206,,,,919.0,39.017
3158,3,986,2192.33217688272,2100.59502864206,,,,917.0,39.008
3159,3,987,2193.33217688272,2101.59502864206,,,,916.0,38.997
3160,3,988,2194.33217688272,2102.59502864206,,,,914.0,38.987
3161,3,989,2195.33217688272,2103.59502864206,,,,912.0,38.978
3162,3,990,2196.33217688272,2104.59502864206,,,,911.0,38.968
3163,3,991,2197.33217688272,2105.59502864206,,,,909.0,38.958
3164,3,992,2198.33217688272,2106.59502864206,,,,907.0,38.948
3165,3,993,2199.33217688272,2107.59502864206,,,,905.0,38.939
3166,3,994,2200.33217688272,2108.59502864206,,,,903.0,38.93
3167,3,995,2201.33217688272,2109.59502864206,,,,902.0,38.919
3168,3,996,2202.33217688272,2110.59502864206,,,,901.0,38.909
3169,3,997,2203.33217688272,2111.59502864206,,,,901.0,38.899
3170,3,998,2204.33217688272,2112.59502864206,,,,901.0,38.891
3171,3,999,2205.33217688272,2113.59502864206,,,,900.0,38.882
3172,3,1000,2206.33217688272,2114.59502864206,,,,898.0,38.87
3173,3,1001,2207.33217688272,2115.59502864206,,,,896.0,38.86
3174,3,1002,2208.33217688272,2116.59502864206,,,,895.0,38.852
3175,3,1003,2209.33217688272,2117.59502864206,,,,893.0,38.841
3176,3,1004,2210.33217688272,2118.59502864206,,,,892.0,38.832
3177,3,1005,2211.33217688272,2119.59502864206,,,,891.0,38.822
3178,3,1006,2212.33217688272,2120.59502864206,,,,889.0,38.814
3179,3,1007,2213.33217688272,2121.59502864206,,,,886.0,38.804
3180,3,1008,2214.33217688272,2122.59502864206,,,,883.0,38.793
3181,3,1009,2215.33217688272,2123.59502864206,,,,881.0,38.781
3182,3,1010,2216.33217688272,2124.59502864206,,,,880.0,38.769
3183,3,1011,2217.33217688272,2125.59502864206,,,,880.0,38.759
3184,3,1012,2218.33217688272,2126.59502864206,,,,878.0,38.75
3185,3,1013,2219.33217688272,2127.59502864206,,,,876.0,38.741
3186,3,1014,2220.33217688272,2128.59502864206,,,,874.0,38.731
3187,3,1015,2221.33217688272,2129.59502864206,,,,872.0,38.72
3188,3,1016,2222.33217688272,2130.59502864206,,,,869.0,38.708
3189,3,1017,2223.33217688272,2131.59502864206,,,,867.0,38.698
3190,3,1018,2224.33217688272,2132.59502864206,,,,866.0,38.687
3191,3,1019,2225.33217688272,2133.59502864206,,,,865.0,38.677
3192,3,1020,2226.33217688272,2134.59502864206,,,,865.0,38.667
3193,3,1021,2227.33217688272,2135.59502864206,,,,864.0,38.656
3194,3,1022,2228.33217688272,2136.59502864206,,,,863.0,38.645
3195,3,1023,2229.33217688272,2137.59502864206,,,,862.0,38.635
3196,3,1024,2230.33217688272,2138.59502864206,,,,861.0,38.624
3197,3,1025,2231.33217688272,2139.59502864206,,,,860.0,38.613
3198,3,1026,2232.33217688272,2140.59502864206,,,,861.0,38.603
3199,3,1027,2233.33217688272,2141.59502864206,,,,861.0,38.591
3200,3,1028,2234.33217688272,2142.59502864206,,,,861.0,38.581
3201,3,1029,2235.33217688272,2143.59502864206,,,,861.0,38.572
3202,3,1030,2236.33217688272,2144.59502864206,,,,861.0,38.56
3203,3,1031,2237.33217688272,2145.59502864206,,,,862.0,38.551
3204,3,1032,2238.33217688272,2146.59502864206,,,,862.0,38.541
3205,3,1033,2239.33217688272,2147.59502864206,,,,862.0,38.531
3206,3,1034,2240.33217688272,2148.59502864206,,,,862.0,38.52
3207,3,1035,2241.33217688272,2149.59502864206,,,,861.0,38.509
3208,3,1036,2242.33217688272,2150.59502864206,,,,862.0,38.498
3209,3,1037,2243.33217688272,2151.59502864206,,,,861.0,38.489
3210,3,1038,2244.33217688272,2152.59502864206,,,,860.0,38.478
3211,3,1039,2245.33217688272,2153.59502864206,,,,859.0,38.469
3212,3,1040,2246.33217688272,2154.59502864206,,,,858.0,38.458
3213,3,1041,2247.33217688272,2155.59502864206,,,,857.0,38.448
3214,3,1042,2248.33217688272,2156.59502864206,,,,856.0,38.438
3215,3,1043,2249.33217688272,2157.59502864206,,,,856.0,38.427
3216,3,1044,2250.33217688272,2158.59502864206,,,,854.0,38.418
3217,3,1045,2251.33217688272,2159.59502864206,,,,853.0,38.407
3218,3,1046,2252.33217688272,2160.59502864206,,,,853.0,38.396
3219,3,1047,2253.33217688272,2161.59502864206,,,,852.0,38.385
3220,3,1048,2254.33217688272,2162.59502864206,,,,852.0,38.375
3221,3,1049,2255.33217688272,2163.59502864206,,,,851.0,38.365
3222,3,1050,2256.33217688272,2164.59502864206,,,,851.0,38.354
3223,3,1051,2257.33217688272,2165.59502864206,,,,850.0,38.342
3224,3,1052,2258.33217688272,2166.59502864206,,,,851.0,38.332
3225,3,1053,2259.33217688272,2167.59502864206,,,,852.0,38.323
3226,3,1054,2260.33217688272,2168.59502864206,,,,852.0,38.313
3227,3,1055,2261.33217688272,2169.59502864206,,,,851.0,38.305
3228,3,1056,2262.33217688272,2170.59502864206,,,,851.0,38.294
3229,3,1057,2263.33217688272,2171.59502864206,,,,850.0,38.286
3230,3,1058,2264.33217688272,2172.59502864206,,,,850.0,38.277
3231,3,1059,2265.33217688272,2173.59502864206,,,,848.0,38.267
3232,3,1060,2266.33217688272,2174.59502864206,,,,847.0,38.256
3233,3,1061,2267.33217688272,2175.59502864206,,,,846.0,38.246
3234,3,1062,2268.33217688272,2176.59502864206,,,,847.0,38.236
3235,3,1063,2269.33217688272,2177.59502864206,,,,847.0,38.228
3236,3,1064,2270.33217688272,2178.59502864206,,,,849.0,38.219
3237,3,1065,2271.33217688272,2179.59502864206,,,,850.0,38.211
3238,3,1066,2272.33217688272,2180.59502864206,,,,849.0,38.204
3239,3,1067,2273.33217688272,2181.59502864206,,,,849.0,38.196
3240,3,1068,2274.33217688272,2182.59502864206,,,,849.0,38.189
3241,3,1069,2275.33217688272,2183.59502864206,,,,848.0,38.184
3242,3,1070,2276.33217688272,2184.59502864206,,,,847.0,38.179
3246,3,1074,2280.33217688272,2188.59502864206,,,,843.0,38.178
3247,3,1075,2281.33217688272,2189.59502864206,,,,843.0,38.177
3248,3,1076,2282.33217688272,2190.59502864206,,,,843.0,38.174
3249,3,1077,2283.33217688272,2191.59502864206,,,,843.0,38.171
3250,3,1078,2284.33217688272,2192.59502864206,,,,842.0,38.167
3251,3,1079,2285.33217688272,2193.59502864206,,,,841.0,38.164
3252,3,1080,2286.33217688272,2194.59502864206,,,,841.0,38.159
3253,3,1081,2287.33217688272,2195.59502864206,,,,841.0,38.154
3254,3,1082,2288.33217688272,2196.59502864206,,,,839.0,38.146
3255,3,1083,2289.33217688272,2197.59502864206,,,,838.0,38.139
3256,3,1084,2290.33217688272,2198.59502864206,,,,837.0,38.132
3257,3,1085,2291.33217688272,2199.59502864206,,,,836.0,38.124
3258,3,1086,2292.33217688272,2200.59502864206,,,,834.0,38.116
3259,3,1087,2293.33217688272,2201.59502864206,,,,834.0,38.108
3260,3,1088,2294.33217688272,2202.59502864206,,,,832.0,38.099
3261,3,1089,2295.33217688272,2203.59502864206,,,,832.0,38.09
3262,3,1090,2296.33217688272,2204.59502864206,,,,831.0,38.082
3263,3,1091,2297.33217688272,2205.59502864206,,,,830.0,38.073
3264,3,1092,2298.33217688272,2206.59502864206,,,,828.0,38.065
3265,3,1093,2299.33217688272,2207.59502864206,,,,828.0,38.057
3266,3,1094,2300.33217688272,2208.59502864206,,,,827.0,38.049
3267,3,1095,2301.33217688272,2209.59502864206,,,,826.0,38.039
3268,3,1096,2302.33217688272,2210.59502864206,,,,826.0,38.031
3269,3,1097,2303.33217688272,2211.59502864206,,,,827.0,38.023
3270,3,1098,2304.33217688272,2212.59502864206,,,,826.0,38.016
3271,3,1099,2305.33217688272,2213.59502864206,,,,827.0,38.009
3272,3,1100,2306.33217688272,2214.59502864206,,,,825.0,38.0
3273,3,1101,2307.33217688272,2215.59502864206,,,,825.0,37.993
3274,3,1102,2308.33217688272,2216.59502864206,,,,822.0,37.985
3275,3,1103,2309.33217688272,2217.59502864206,,,,822.0,37.974
3276,3,1104,2310.33217688272,2218.59502864206,,,,821.0,37.965
3277,3,1105,2311.33217688272,2219.59502864206,,,,820.0,37.954
3278,3,1106,2312.33217688272,2220.59502864206,,,,820.0,37.945
3279,3,1107,2313.33217688272,2221.59502864206,,,,819.0,37.938
3280,3,1108,2314.33217688272,2222.59502864206,,,,817.0,37.931
3281,3,1109,2315.33217688272,2223.59502864206,,,,816.0,37.922
3282,3,1110,2316.33217688272,2224.59502864206,,,,814.0,37.913
3283,3,1111,2317.33217688272,2225.59502864206,,,,812.0,37.902
3284,3,1112,2318.33217688272,2226.59502864206,,,,811.0,37.895
3285,3,1113,2319.33217688272,2227.59502864206,,,,810.0,37.886
3286,3,1114,2320.33217688272,2228.59502864206,,,,810.0,37.879
3287,3,1115,2321.33217688272,2229.59502864206,,,,808.0,37.871
3288,3,1116,2322.33217688272,2230.59502864206,,,,807.0,37.861
3289,3,1117,2323.33217688272,2231.59502864206,,,,807.0,37.851
3290,3,1118,2324.33217688272,2232.59502864206,,,,805.0,37.842
3291,3,1119,2325.33217688272,2233.59502864206,,,,805.0,37.834
3292,3,1120,2326.33217688272,2234.59502864206,,,,805.0,37.824
3293,3,1121,2327.33217688272,2235.59502864206,,,,804.0,37.814
3294,3,1122,2328.33217688272,2236.59502864206,,,,803.0,37.805
3295,3,1123,2329.33217688272,2237.59502864206,,,,801.0,37.794
3296,3,1124,2330.33217688272,2238.59502864206,,,,800.0,37.784
3297,3,1125,2331.33217688272,2239.59502864206,,,,800.0,37.776
3298,3,1126,2332.33217688272,2240.59502864206,,,,799.0,37.765
3299,3,1127,2333.33217688272,2241.59502864206,,,,798.0,37.755
3300,3,1128,2334.33217688272,2242.59502864206,,,,798.0,37.747
3301,3,1129,2335.33217688272,2243.59502864206,,,,797.0,37.736
3302,3,1130,2336.33217688272,2244.59502864206,,,,795.0,37.726
3303,3,1131,2337.33217688272,2245.59502864206,,,,793.0,37.715
3304,3,1132,2338.33217688272,2246.59502864206,,,,794.0,37.705
3305,3,1133,2339.33217688272,2247.59502864206,,,,794.0,37.693
3306,3,1134,2340.33217688272,2248.59502864206,,,,794.0,37.683
3307,3,1135,2341.33217688272,2249.59502864206,,,,794.0,37.674
3308,3,1136,2342.33217688272,2250.59502864206,,,,794.0,37.663
3309,3,1137,2343.33217688272,2251.59502864206,,,,794.0,37.653
3310,3,1138,2344.33217688272,2252.59502864206,,,,793.0,37.643
3311,3,1139,2345.33217688272,2253.59502864206,,,,793.0,37.633
3312,3,1140,2346.33217688272,2254.59502864206,,,,793.0,37.623
3313,3,1141,2347.33217688272,2255.59502864206,,,,794.0,37.614
3314,3,1142,2348.33217688272,2256.59502864206,,,,794.0,37.605
3315,3,1143,2349.33217688272,2257.59502864206,,,,793.0,37.597
3316,3,1144,2350.33217688272,2258.59502864206,,,,792.0,37.589
3317,3,1145,2351.33217688272,2259.59502864206,,,,791.0,37.58
3318,3,1146,2352.33217688272,2260.59502864206,,,,792.0,37.568
3319,3,1147,2353.33217688272,2261.59502864206,,,,793.0,37.557
3320,3,1148,2354.33217688272,2262.59502864206,,,,793.0,37.547
3321,3,1149,2355.33217688272,2263.59502864206,,,,792.0,37.54
3322,3,1150,2356.33217688272,2264.59502864206,,,,792.0,37.531
3323,3,1151,2357.33217688272,2265.59502864206,,,,793.0,37.52
3324,3,1152,2358.33217688272,2266.59502864206,,,,793.0,37.509
3325,3,1153,2359.33217688272,2267.59502864206,,,,795.0,37.499
3326,3,1154,2360.33217688272,2268.59502864206,,,,797.0,37.491
3327,3,1155,2361.33217688272,2269.59502864206,,,,798.0,37.485
3328,3,1156,2362.33217688272,2270.59502864206,,,,797.0,37.478
3329,3,1157,2363.33217688272,2271.59502864206,,,,796.0,37.47
3330,3,1158,2364.33217688272,2272.59502864206,,,,794.0,37.461
3331,3,1159,2365.33217688272,2273.59502864206,,,,791.0,37.452
3332,3,1160,2366.33217688272,2274.59502864206,,,,790.0,37.441
3333,3,1161,2368.33217688272,2276.59502864206,,,,787.0,37.423
3334,3,1162,2370.33217688272,2278.59502864206,,,,783.0,37.404
3335,3,1163,2371.33217688272,2279.59502864206,,,,783.0,37.393
3336,3,1164,2372.33217688272,2280.59502864206,,,,781.0,37.384
3337,3,1165,2373.33217688272,2281.59502864206,,,,781.0,37.376
3338,3,1166,2374.33217688272,2282.59502864206,,,,782.0,37.368
3339,3,1167,2375.33217688272,2283.59502864206,,,,781.0,37.36
3340,3,1168,2376.33217688272,2284.59502864206,,,,780.0,37.351
3341,3,1169,2377.33217688272,2285.59502864206,,,,780.0,37.341
3342,3,1170,2378.33217688272,2286.59502864206,,,,780.0,37.33
3343,3,1171,2379.33217688272,2287.59502864206,,,,780.0,37.321
3344,3,1172,2380.33217688272,2288.59502864206,,,,780.0,37.31
3345,3,1173,2381.33217688272,2289.59502864206,,,,780.0,37.301
3346,3,1174,2382.33217688272,2290.59502864206,,,,781.0,37.293
3347,3,1175,2383.33217688272,2291.59502864206,,,,781.0,37.284
3348,3,1176,2384.33217688272,2292.59502864206,,,,780.0,37.273
3349,3,1177,2385.33217688272,2293.59502864206,,,,780.0,37.262
3350,3,1178,2386.33217688272,2294.59502864206,,,,779.0,37.251
3351,3,1179,2387.33217688272,2295.59502864206,,,,779.0,37.241
3352,3,1180,2388.33217688272,2296.59502864206,,,,780.0,37.234
3353,3,1181,2389.33217688272,2297.59502864206,,,,780.0,37.224
3354,3,1182,2390.33217688272,2298.59502864206,,,,779.0,37.215
3355,3,1183,2391.33217688272,2299.59502864206,,,,778.0,37.205
3356,3,1184,2392.33217688272,2300.59502864206,,,,778.0,37.196
3357,3,1185,2393.33217688272,2301.59502864206,,,,777.0,37.185
3358,3,1186,2394.33217688272,2302.59502864206,,,,776.0,37.176
3359,3,1187,2395.33217688272,2303.59502864206,,,,775.0,37.166
3360,3,1188,2396.33217688272,2304.59502864206,,,,775.0,37.157
3361,3,1189,2397.33217688272,2305.59502864206,,,,775.0,37.149
3362,3,1190,2398.33217688272,2306.59502864206,,,,774.0,37.139
3363,3,1191,2399.33217688272,2307.59502864206,,,,773.0,37.13
3364,3,1192,2400.33217688272,2308.59502864206,,,,773.0,37.121
3365,3,1193,2401.33217688272,2309.59502864206,,,,772.0,37.111
3366,3,1194,2402.33217688272,2310.59502864206,,,,772.0,37.101
3367,3,1195,2404.33217688272,2312.59502864206,,,,773.0,37.084
3368,3,1196,2405.33217688272,2313.59502864206,,,,773.0,37.078
3369,3,1197,2407.33217688272,2315.59502864206,,,,772.0,37.06
3370,3,1198,2408.33217688272,2316.59502864206,,,,772.0,37.05
3371,3,1199,2409.33217688272,2317.59502864206,,,,772.0,37.042
3372,3,1200,2410.33217688272,2318.59502864206,,,,773.0,37.032
3373,3,1201,2411.33217688272,2319.59502864206,,,,773.0,37.024
3374,3,1202,2412.33217688272,2320.59502864206,,,,772.0,37.015
3375,3,1203,2413.33217688272,2321.59502864206,,,,772.0,37.007
3376,3,1204,2414.33217688272,2322.59502864206,,,,772.0,36.997
3377,3,1205,2415.33217688272,2323.59502864206,,,,772.0,36.989
3378,3,1206,2416.33217688272,2324.59502864206,,,,772.0,36.981
3379,3,1207,2417.33217688272,2325.59502864206,,,,772.0,36.974
3380,3,1208,2418.33217688272,2326.59502864206,,,,771.0,36.966
3381,3,1209,2419.33217688272,2327.59502864206,,,,770.0,36.957
3382,3,1210,2420.33217688272,2328.59502864206,,,,769.0,36.949
3383,3,1211,2421.33217688272,2329.59502864206,,,,767.0,36.94
3384,3,1212,2423.33217688272,2331.59502864206,,,,766.0,36.921
3385,3,1213,2424.33217688272,2332.59502864206,,,,766.0,36.912
3386,3,1214,2425.33217688272,2333.59502864206,,,,766.0,36.906
3387,3,1215,2426.33217688272,2334.59502864206,,,,765.0,36.899
3388,3,1216,2427.33217688272,2335.59502864206,,,,764.0,36.89
3389,3,1217,2428.33217688272,2336.59502864206,,,,763.0,36.882
3390,3,1218,2429.33217688272,2337.59502864206,,,,762.0,36.873
3391,3,1219,2430.33217688272,2338.59502864206,,,,760.0,36.864
3392,3,1220,2431.33217688272,2339.59502864206,,,,759.0,36.856
3393,3,1221,2432.33217688272,2340.59502864206,,,,759.0,36.849
3394,3,1222,2433.33217688272,2341.59502864206,,,,758.0,36.838
3395,3,1223,2434.33217688272,2342.59502864206,,,,757.0,36.83
3396,3,1224,2436.33217688272,2344.59502864206,,,,758.0,36.81
3397,3,1225,2437.33217688272,2345.59502864206,,,,758.0,36.801
3398,3,1226,2438.33217688272,2346.59502864206,,,,758.0,36.793
3399,3,1227,2439.33217688272,2347.59502864206,,,,756.0,36.784
3400,3,1228,2440.33217688272,2348.59502864206,,,,755.0,36.775
3401,3,1229,2441.33217688272,2349.59502864206,,,,754.0,36.765
3402,3,1230,2442.33217688272,2350.59502864206,,,,754.0,36.756
3403,3,1231,2444.33217688272,2352.59502864206,,,,754.0,36.738
3404,3,1232,2446.33217688272,2354.59502864206,,,,754.0,36.721
3405,3,1233,2447.33217688272,2355.59502864206,,,,754.0,36.713
3406,3,1234,2448.33217688272,2356.59502864206,,,,755.0,36.706
3407,3,1235,2449.33217688272,2357.59502864206,,,,755.0,36.7
3408,3,1236,2451.33217688272,2359.59502864206,,,,754.0,36.687
3409,3,1237,2452.33217688272,2360.59502864206,,,,753.0,36.68
3410,3,1238,2453.33217688272,2361.59502864206,,,,751.0,36.672
3411,3,1239,2454.33217688272,2362.59502864206,,,,750.0,36.663
3412,3,1240,2455.33217688272,2363.59502864206,,,,749.0,36.655
3413,3,1241,2456.33217688272,2364.59502864206,,,,750.0,36.646
3414,3,1242,2457.33217688272,2365.59502864206,,,,750.0,36.638
3415,3,1243,2459.33217688272,2367.59502864206,,,,749.0,36.623
3416,3,1244,2460.33217688272,2368.59502864206,,,,748.0,36.613
3417,3,1245,2461.33217688272,2369.59502864206,,,,750.0,36.605
3418,3,1246,2462.33217688272,2370.59502864206,,,,750.0,36.599
3419,3,1247,2463.33217688272,2371.59502864206,,,,751.0,36.591
3420,3,1248,2464.33217688272,2372.59502864206,,,,751.0,36.584
3421,3,1249,2465.33217688272,2373.59502864206,,,,750.0,36.576
3422,3,1250,2466.33217688272,2374.59502864206,,,,749.0,36.568
3423,3,1251,2467.33217688272,2375.59502864206,,,,750.0,36.559
3424,3,1252,2469.33217688272,2377.59502864206,,,,749.0,36.542
3425,3,1253,2470.33217688272,2378.59502864206,,,,747.0,36.533
3426,3,1254,2471.33217688272,2379.59502864206,,,,747.0,36.524
3427,3,1255,2472.33217688272,2380.59502864206,,,,747.0,36.517
3428,3,1256,2473.33217688272,2381.59502864206,,,,747.0,36.509
3429,3,1257,2474.33217688272,2382.59502864206,,,,748.0,36.5
3430,3,1258,2475.33217688272,2383.59502864206,,,,747.0,36.492
3431,3,1259,2476.33217688272,2384.59502864206,,,,748.0,36.485
3432,3,1260,2477.33217688272,2385.59502864206,,,,749.0,36.479
3433,3,1261,2478.33217688272,2386.59502864206,,,,748.0,36.472
3434,3,1262,2479.33217688272,2387.59502864206,,,,748.0,36.465
3435,3,1263,2480.33217688272,2388.59502864206,,,,747.0,36.46
3436,3,1264,2482.33217688272,2390.59502864206,,,,745.0,36.447
3437,3,1265,2483.33217688272,2391.59502864206,,,,743.0,36.439
3438,3,1266,2484.33217688272,2392.59502864206,,,,742.0,36.431
3439,3,1267,2485.33217688272,2393.59502864206,,,,740.0,36.424
3440,3,1268,2486.33217688272,2394.59502864206,,,,738.0,36.416
3441,3,1269,2487.33217688272,2395.59502864206,,,,737.0,36.408
3442,3,1270,2488.33217688272,2396.59502864206,,,,736.0,36.4
3443,3,1271,2489.33217688272,2397.59502864206,,,,735.0,36.392
3444,3,1272,2490.33217688272,2398.59502864206,,,,734.0,36.382
3445,3,1273,2491.33217688272,2399.59502864206,,,,733.0,36.375
3446,3,1274,2492.33217688272,2400.59502864206,,,,733.0,36.367
3447,3,1275,2493.33217688272,2401.59502864206,,,,731.0,36.36
3448,3,1276,2494.33217688272,2402.59502864206,,,,729.0,36.354
3449,3,1277,2495.33217688272,2403.59502864206,,,,729.0,36.347
3450,3,1278,2496.33217688272,2404.59502864206,,,,728.0,36.34
3451,3,1279,2497.33217688272,2405.59502864206,,,,727.0,36.336
3452,3,1280,2498.33217688272,2406.59502864206,,,,725.0,36.33
3453,3,1281,2499.33217688272,2407.59502864206,,,,725.0,36.324
3454,3,1282,2500.33217688272,2408.59502864206,,,,723.0,36.319
3455,3,1283,2501.33217688272,2409.59502864206,,,,722.0,36.314
3456,3,1284,2502.33217688272,2410.59502864206,,,,721.0,36.309
3457,3,1285,2503.33217688272,2411.59502864206,,,,720.0,36.303
3458,3,1286,2504.33217688272,2412.59502864206,,,,718.0,36.297
3459,3,1287,2505.33217688272,2413.59502864206,,,,717.0,36.291
3460,3,1288,2506.33217688272,2414.59502864206,,,,717.0,36.287
3461,3,1289,2507.33217688272,2415.59502864206,,,,715.0,36.28
3462,3,1290,2508.33217688272,2416.59502864206,,,,714.0,36.273
3463,3,1291,2509.33217688272,2417.59502864206,,,,713.0,36.267
3464,3,1292,2510.33217688272,2418.59502864206,,,,711.0,36.259
3465,3,1293,2511.33217688272,2419.59502864206,,,,711.0,36.254
3466,3,1294,2512.33217688272,2420.59502864206,,,,711.0,36.248
3467,3,1295,2513.33217688272,2421.59502864206,,,,712.0,36.244
3468,3,1296,2514.33217688272,2422.59502864206,,,,712.0,36.237
3469,3,1297,2515.33217688272,2423.59502864206,,,,710.0,36.233
3470,3,1298,2516.33217688272,2424.59502864206,,,,708.0,36.225
3471,3,1299,2517.33217688272,2425.59502864206,,,,705.0,36.219
3472,3,1300,2518.33217688272,2426.59502864206,,,,704.0,36.211
3473,3,1301,2519.33217688272,2427.59502864206,,,,704.0,36.205
3474,3,1302,2520.33217688272,2428.59502864206,,,,704.0,36.199
3475,3,1303,2521.33217688272,2429.59502864206,,,,704.0,36.194
3476,3,1304,2522.33217688272,2430.59502864206,,,,704.0,36.188
3477,3,1305,2523.33217688272,2431.59502864206,,,,703.0,36.182
3478,3,1306,2524.33217688272,2432.59502864206,,,,703.0,36.174
3479,3,1307,2525.33217688272,2433.59502864206,,,,704.0,36.166
3480,3,1308,2526.33217688272,2434.59502864206,,,,704.0,36.158
3481,3,1309,2527.33217688272,2435.59502864206,,,,704.0,36.15
3482,3,1310,2528.33217688272,2436.59502864206,,,,706.0,36.144
3483,3,1311,2529.33217688272,2437.59502864206,,,,707.0,36.138
3484,3,1312,2530.33217688272,2438.59502864206,,,,705.0,36.13
3485,3,1313,2531.33217688272,2439.59502864206,,,,704.0,36.124
3486,3,1314,2532.33217688272,2440.59502864206,,,,702.0,36.116
3487,3,1315,2533.33217688272,2441.59502864206,,,,701.0,36.108
3488,3,1316,2534.33217688272,2442.59502864206,,,,699.0,36.1
3489,3,1317,2535.33217688272,2443.59502864206,,,,697.0,36.093
3490,3,1318,2536.33217688272,2444.59502864206,,,,697.0,36.086
3491,3,1319,2537.33217688272,2445.59502864206,,,,696.0,36.079
3492,3,1320,2538.33217688272,2446.59502864206,,,,696.0,36.072
3493,3,1321,2539.33217688272,2447.59502864206,,,,696.0,36.065
3494,3,1322,2540.33217688272,2448.59502864206,,,,695.0,36.057
3495,3,1323,2541.33217688272,2449.59502864206,,,,696.0,36.051
3496,3,1324,2542.33217688272,2450.59502864206,,,,695.0,36.044
3497,3,1325,2543.33217688272,2451.59502864206,,,,695.0,36.039
3498,3,1326,2544.33217688272,2452.59502864206,,,,694.0,36.032
3499,3,1327,2545.33217688272,2453.59502864206,,,,694.0,36.023
3500,3,1328,2546.33217688272,2454.59502864206,,,,693.0,36.016
3501,3,1329,2547.33217688272,2455.59502864206,,,,692.0,36.012
3502,3,1330,2548.33217688272,2456.59502864206,,,,691.0,36.005
3503,3,1331,2549.33217688272,2457.59502864206,,,,690.0,35.998
3504,3,1332,2550.33217688272,2458.59502864206,,,,689.0,35.991
3505,3,1333,2551.33217688272,2459.59502864206,,,,688.0,35.985
3506,3,1334,2552.33217688272,2460.59502864206,,,,687.0,35.979
3507,3,1335,2553.33217688272,2461.59502864206,,,,685.0,35.973
3508,3,1336,2554.33217688272,2462.59502864206,,,,683.0,35.967
3509,3,1337,2555.33217688272,2463.59502864206,,,,682.0,35.96
3510,3,1338,2556.33217688272,2464.59502864206,,,,682.0,35.953
3511,3,1339,2557.33217688272,2465.59502864206,,,,681.0,35.945
3512,3,1340,2558.33217688272,2466.59502864206,,,,680.0,35.938
3513,3,1341,2559.33217688272,2467.59502864206,,,,680.0,35.928
3514,3,1342,2560.33217688272,2468.59502864206,,,,681.0,35.92
3515,3,1343,2561.33217688272,2469.59502864206,,,,682.0,35.914
3516,3,1344,2562.33217688272,2470.59502864206,,,,680.0,35.909
3517,3,1345,2563.33217688272,2471.59502864206,,,,680.0,35.903
3518,3,1346,2564.33217688272,2472.59502864206,,,,678.0,35.893
3519,3,1347,2565.33217688272,2473.59502864206,,,,676.0,35.885
3520,3,1348,2566.33217688272,2474.59502864206,,,,675.0,35.877
3521,3,1349,2567.33217688272,2475.59502864206,,,,675.0,35.869
3522,3,1350,2568.33217688272,2476.59502864206,,,,674.0,35.864
3523,3,1351,2569.33217688272,2477.59502864206,,,,671.0,35.858
3524,3,1352,2570.33217688272,2478.59502864206,,,,667.0,35.85
3525,3,1353,2571.33217688272,2479.59502864206,,,,663.0,35.842
3526,3,1354,2572.33217688272,2480.59502864206,,,,661.0,35.832
3527,3,1355,2573.33217688272,2481.59502864206,,,,660.0,35.824
3528,3,1356,2574.33217688272,2482.59502864206,,,,659.0,35.814
3529,3,1357,2575.33217688272,2483.59502864206,,,,660.0,35.806
3530,3,1358,2576.33217688272,2484.59502864206,,,,660.0,35.798
3531,3,1359,2577.33217688272,2485.59502864206,,,,660.0,35.79
3532,3,1360,2578.33217688272,2486.59502864206,,,,660.0,35.782
3533,3,1361,2579.33217688272,2487.59502864206,,,,660.0,35.772
3534,3,1362,2582.33217688272,2490.59502864206,,,,657.0,35.749
3535,3,1363,2583.33217688272,2491.59502864206,,,,656.0,35.743
3536,3,1364,2584.33217688272,2492.59502864206,,,,655.0,35.737
3537,3,1365,2585.33217688272,2493.59502864206,,,,652.0,35.73
3538,3,1366,2586.33217688272,2494.59502864206,,,,650.0,35.723
3539,3,1367,2587.33217688272,2495.59502864206,,,,649.0,35.716
3540,3,1368,2588.33217688272,2496.59502864206,,,,648.0,35.711
3541,3,1369,2589.33217688272,2497.59502864206,,,,647.0,35.703
3542,3,1370,2590.33217688272,2498.59502864206,,,,647.0,35.698
3543,3,1371,2591.33217688272,2499.59502864206,,,,645.0,35.69
3544,3,1372,2592.33217688272,2500.59502864206,,,,643.0,35.683
3545,3,1373,2594.33217688272,2502.59502864206,,,,641.0,35.667
3546,3,1374,2595.33217688272,2503.59502864206,,,,641.0,35.662
3547,3,1375,2596.33217688272,2504.59502864206,,,,641.0,35.657
3548,3,1376,2597.33217688272,2505.59502864206,,,,639.0,35.656
4035,3,1863,3097.33217688272,3005.59502864206,,,,597.0,35.652
4036,3,1864,3098.33217688272,3006.59502864206,,,,596.0,35.65
4037,3,1865,3099.33217688272,3007.59502864206,,,,595.0,35.647
4038,3,1866,3100.33217688272,3008.59502864206,,,,593.0,35.645
4039,3,1867,3101.33217688272,3009.59502864206,,,,592.0,35.642
4041,3,1869,3103.33217688272,3011.59502864206,,,,591.0,35.641
4106,3,1934,3169.33217688272,3077.59502864206,,,,561.0,35.638
4107,3,1935,3170.33217688272,3078.59502864206,,,,561.0,35.634
4108,3,1936,3171.33217688272,3079.59502864206,,,,562.0,35.63
4109,3,1937,3172.33217688272,3080.59502864206,,,,563.0,35.625
4110,3,1938,3173.33217688272,3081.59502864206,,,,562.0,35.622
4111,3,1939,3174.33217688272,3082.59502864206,,,,560.0,35.618
4112,3,1940,3175.33217688272,3083.59502864206,,,,557.0,35.615
4113,3,1941,3176.33217688272,3084.59502864206,,,,555.0,35.612
4114,3,1942,3177.33217688272,3085.59502864206,,,,554.0,35.611
4115,3,1943,3178.33217688272,3086.59502864206,,,,554.0,35.61
4116,3,1944,3179.33217688272,3087.59502864206,,,,553.0,35.608
4119,3,1947,3182.33217688272,3090.59502864206,,,,548.0,35.607
4131,3,1959,3194.33217688272,3102.59502864206,,,,539.0,35.606
