leg,time,lat,lng,tickLead,tickRace,distance
0,2018-05-24T11:19:48Z,43.82966667,16.64235000,2701.0,2632.0,29.453
0,2018-05-24T11:19:49Z,43.82966667,16.64233333,2702.0,2633.0,29.452
0,2018-05-24T11:19:50Z,43.82966667,16.64233333,2703.0,2634.0,29.452
0,2018-05-24T11:19:51Z,43.82966667,16.64231667,2704.0,2635.0,29.45
0,2018-05-24T11:19:52Z,43.82965000,16.64231667,2705.0,2636.0,29.45
0,2018-05-24T11:19:53Z,43.82965000,16.64231667,2706.0,2637.0,29.45
0,2018-05-24T11:19:54Z,43.82965000,16.64230000,2707.0,2638.0,29.448
0,2018-05-24T11:19:55Z,43.82963333,16.64228333,2708.0,2639.0,29.446
0,2018-05-24T11:19:56Z,43.82961667,16.64225000,2709.0,2640.0,29.443
0,2018-05-24T11:19:57Z,43.82960000,16.64225000,2710.0,2641.0,29.442
0,2018-05-24T11:19:58Z,43.82956667,16.64223333,2711.0,2642.0,29.439
0,2018-05-24T11:19:59Z,43.82953333,16.64220000,2712.0,2643.0,29.435
0,2018-05-24T11:20:00Z,43.82948333,16.64216667,2713.0,2644.0,29.43
0,2018-05-24T11:20:01Z,43.82943333,16.64211667,2714.0,2645.0,29.424
0,2018-05-24T11:20:02Z,43.82938333,16.64206667,2715.0,2646.0,29.418
0,2018-05-24T11:20:03Z,43.82931667,16.64201667,2716.0,2647.0,29.411
0,2018-05-24T11:20:04Z,43.82925000,16.64200000,2717.0,2648.0,29.407
0,2018-05-24T11:20:05Z,43.82916667,16.64201667,2718.0,2649.0,29.404
0,2018-05-24T11:20:06Z,43.82910000,16.64206667,2719.0,2650.0,29.405
0,2018-05-24T11:20:07Z,43.82905000,16.64213333,2720.0,2651.0,29.407
0,2018-05-24T11:20:08Z,43.82900000,16.64223333,2721.0,2652.0,29.412
0,2018-05-24T11:20:09Z,43.82895000,16.64231667,2722.0,2653.0,29.416
0,2018-05-24T11:20:10Z,43.82888333,16.64241667,2723.0,2654.0,29.42
0,2018-05-24T11:20:11Z,43.82883333,16.64250000,2724.0,2655.0,29.424
0,2018-05-24T11:20:12Z,43.82880000,16.64260000,2725.0,2656.0,29.43
0,2018-05-24T11:20:13Z,43.82878333,16.64270000,2726.0,2657.0,29.436
0,2018-05-24T11:20:14Z,43.82875000,16.64280000,2727.0,2658.0,29.442
0,2018-05-24T11:20:15Z,43.82873333,16.64288333,2728.0,2659.0,29.447
0,2018-05-24T11:20:16Z,43.82870000,16.64296667,2729.0,2660.0,29.452
0,2018-05-24T11:20:17Z,43.82865000,16.64301667,2730.0,2661.0,29.454
0,2018-05-24T11:20:18Z,43.82860000,16.64303333,2731.0,2662.0,29.453
0,2018-05-24T11:20:19Z,43.82853333,16.64301667,2732.0,2663.0,29.448
0,2018-05-24T11:20:20Z,43.82848333,16.64295000,2733.0,2664.0,29.441
0,2018-05-24T11:20:21Z,43.82845000,16.64286667,2734.0,2665.0,29.434
0,2018-05-24T11:20:22Z,43.82845000,16.64276667,2735.0,2666.0,29.426
0,2018-05-24T11:20:23Z,43.82846667,16.64266667,2736.0,2667.0,29.42
0,2018-05-24T11:20:24Z,43.82853333,16.64255000,2737.0,2668.0,29.414
0,2018-05-24T11:20:25Z,43.82865000,16.64246667,2738.0,2669.0,29.413
0,2018-05-24T11:20:26Z,43.82875000,16.64241667,2739.0,2670.0,29.414
0,2018-05-24T11:20:27Z,43.82886667,16.64238333,2740.0,2671.0,29.417
0,2018-05-24T11:20:28Z,43.82898333,16.64236667,2741.0,2672.0,29.421
0,2018-05-24T11:20:29Z,43.82910000,16.64233333,2742.0,2673.0,29.424
0,2018-05-24T11:20:30Z,43.82918333,16.64226667,2743.0,2674.0,29.423
0,2018-05-24T11:20:31Z,43.82928333,16.64221667,2744.0,2675.0,29.424
0,2018-05-24T11:20:32Z,43.82936667,16.64215000,2745.0,2676.0,29.424
0,2018-05-24T11:20:33Z,43.82946667,16.64208333,2746.0,2677.0,29.424
0,2018-05-24T11:20:34Z,43.82956667,16.64201667,2747.0,2678.0,29.424
0,2018-05-24T11:20:35Z,43.82965000,16.64195000,2748.0,2679.0,29.423
0,2018-05-24T11:20:36Z,43.82971667,16.64186667,2749.0,2680.0,29.421
0,2018-05-24T11:20:37Z,43.82980000,16.64178333,2750.0,2681.0,29.419
0,2018-05-24T11:20:38Z,43.82986667,16.64168333,2751.0,2682.0,29.415
0,2018-05-24T11:20:39Z,43.82995000,16.64161667,2752.0,2683.0,29.415
0,2018-05-24T11:20:40Z,43.83003333,16.64156667,2753.0,2684.0,29.416
0,2018-05-24T11:20:41Z,43.83011667,16.64151667,2754.0,2685.0,29.417
0,2018-05-24T11:20:42Z,43.83018333,16.64145000,2755.0,2686.0,29.416
0,2018-05-24T11:20:43Z,43.83021667,16.64138333,2756.0,2687.0,29.413
0,2018-05-24T11:20:44Z,43.83023333,16.64128333,2757.0,2688.0,29.407
0,2018-05-24T11:20:45Z,43.83020000,16.64121667,2758.0,2689.0,29.4
0,2018-05-24T11:20:46Z,43.83010000,16.64123333,2759.0,2690.0,29.396
0,2018-05-24T11:20:47Z,43.83003333,16.64133333,2760.0,2691.0,29.4
0,2018-05-24T11:20:48Z,43.83000000,16.64143333,2761.0,2692.0,29.405
0,2018-05-24T11:20:49Z,43.82995000,16.64153333,2762.0,2693.0,29.409
0,2018-05-24T11:20:50Z,43.82991667,16.64160000,2763.0,2694.0,29.412
0,2018-05-24T11:20:51Z,43.82988333,16.64165000,2764.0,2695.0,29.414
0,2018-05-24T11:20:52Z,43.82983333,16.64171667,2765.0,2696.0,29.416
0,2018-05-24T11:20:53Z,43.82978333,16.64178333,2766.0,2697.0,29.418
0,2018-05-24T11:20:54Z,43.82971667,16.64185000,2767.0,2698.0,29.42
0,2018-05-24T11:20:55Z,43.82966667,16.64195000,2768.0,2699.0,29.424
0,2018-05-24T11:20:56Z,43.82961667,16.64205000,2769.0,2700.0,29.429
0,2018-05-24T11:20:57Z,43.82958333,16.64215000,2770.0,2701.0,29.434
0,2018-05-24T11:20:58Z,43.82955000,16.64221667,2771.0,2702.0,29.437
0,2018-05-24T11:20:59Z,43.82950000,16.64225000,2772.0,2703.0,29.437
0,2018-05-24T11:21:00Z,43.82945000,16.64225000,2773.0,2704.0,29.435
0,2018-05-24T11:21:01Z,43.82941667,16.64218333,2774.0,2705.0,29.428
0,2018-05-24T11:21:02Z,43.82943333,16.64206667,2775.0,2706.0,29.421
0,2018-05-24T11:21:03Z,43.82948333,16.64196667,2776.0,2707.0,29.416
0,2018-05-24T11:21:04Z,43.82956667,16.64186667,2777.0,2708.0,29.413
0,2018-05-24T11:21:05Z,43.82965000,16.64178333,2778.0,2709.0,29.411
0,2018-05-24T11:21:06Z,43.82976667,16.64175000,2779.0,2710.0,29.415
0,2018-05-24T11:21:07Z,43.82986667,16.64173333,2780.0,2711.0,29.419
0,2018-05-24T11:21:08Z,43.82996667,16.64171667,2781.0,2712.0,29.423
0,2018-05-24T11:21:09Z,43.83006667,16.64168333,2782.0,2713.0,29.426
0,2018-05-24T11:21:10Z,43.83016667,16.64161667,2783.0,2714.0,29.427
0,2018-05-24T11:21:11Z,43.83026667,16.64151667,2784.0,2715.0,29.425
0,2018-05-24T11:21:12Z,43.83035000,16.64143333,2785.0,2716.0,29.424
0,2018-05-24T11:21:13Z,43.83045000,16.64135000,2786.0,2717.0,29.423
0,2018-05-24T11:21:14Z,43.83053333,16.64126667,2787.0,2718.0,29.422
0,2018-05-24T11:21:15Z,43.83060000,16.64118333,2788.0,2719.0,29.42
0,2018-05-24T11:21:16Z,43.83063333,16.64110000,2789.0,2720.0,29.416
0,2018-05-24T11:21:17Z,43.83065000,16.64101667,2790.0,2721.0,29.412
0,2018-05-24T11:21:18Z,43.83063333,16.64095000,2791.0,2722.0,29.406
0,2018-05-24T11:21:19Z,43.83060000,16.64090000,2792.0,2723.0,29.401
0,2018-05-24T11:21:20Z,43.83053333,16.64088333,2793.0,2724.0,29.396
0,2018-05-24T11:21:21Z,43.83045000,16.64093333,2794.0,2725.0,29.395
0,2018-05-24T11:21:22Z,43.83040000,16.64103333,2795.0,2726.0,29.399
0,2018-05-24T11:21:23Z,43.83035000,16.64116667,2796.0,2727.0,29.405
0,2018-05-24T11:21:24Z,43.83031667,16.64130000,2797.0,2728.0,29.413
0,2018-05-24T11:21:25Z,43.83028333,16.64140000,2798.0,2729.0,29.418
0,2018-05-24T11:21:26Z,43.83023333,16.64145000,2799.0,2730.0,29.419
0,2018-05-24T11:21:27Z,43.83018333,16.64148333,2800.0,2731.0,29.418
0,2018-05-24T11:21:28Z,43.83013333,16.64151667,2801.0,2732.0,29.418
0,2018-05-24T11:21:29Z,43.83008333,16.64156667,2802.0,2733.0,29.419
0,2018-05-24T11:21:30Z,43.83001667,16.64163333,2803.0,2734.0,29.42
0,2018-05-24T11:21:31Z,43.82998333,16.64170000,2804.0,2735.0,29.423
0,2018-05-24T11:21:32Z,43.82991667,16.64176667,2805.0,2736.0,29.424
0,2018-05-24T11:21:33Z,43.82986667,16.64183333,2806.0,2737.0,29.426
0,2018-05-24T11:21:34Z,43.82981667,16.64190000,2807.0,2738.0,29.428
0,2018-05-24T11:21:35Z,43.82976667,16.64196667,2808.0,2739.0,29.43
0,2018-05-24T11:21:36Z,43.82971667,16.64205000,2809.0,2740.0,29.434
0,2018-05-24T11:21:37Z,43.82966667,16.64211667,2810.0,2741.0,29.436
0,2018-05-24T11:21:38Z,43.82960000,16.64218333,2811.0,2742.0,29.437
0,2018-05-24T11:21:39Z,43.82953333,16.64225000,2812.0,2743.0,29.439
0,2018-05-24T11:21:40Z,43.82945000,16.64230000,2813.0,2744.0,29.438
0,2018-05-24T11:21:41Z,43.82938333,16.64233333,2814.0,2745.0,29.438
0,2018-05-24T11:21:42Z,43.82931667,16.64236667,2815.0,2746.0,29.437
0,2018-05-24T11:21:43Z,43.82926667,16.64238333,2816.0,2747.0,29.436
0,2018-05-24T11:21:44Z,43.82920000,16.64236667,2817.0,2748.0,29.431
0,2018-05-24T11:21:45Z,43.82915000,16.64233333,2818.0,2749.0,29.426
0,2018-05-24T11:21:46Z,43.82911667,16.64228333,2819.0,2750.0,29.421
0,2018-05-24T11:21:47Z,43.82908333,16.64223333,2820.0,2751.0,29.416
0,2018-05-24T11:21:48Z,43.82908333,16.64215000,2821.0,2752.0,29.41
0,2018-05-24T11:21:49Z,43.82910000,16.64206667,2822.0,2753.0,29.405
0,2018-05-24T11:21:50Z,43.82913333,16.64200000,2823.0,2754.0,29.401
0,2018-05-24T11:21:51Z,43.82921667,16.64195000,2824.0,2755.0,29.402
0,2018-05-24T11:21:52Z,43.82935000,16.64195000,2825.0,2756.0,29.408
0,2018-05-24T11:21:53Z,43.82945000,16.64201667,2826.0,2757.0,29.418
0,2018-05-24T11:21:54Z,43.82955000,16.64213333,2827.0,2758.0,29.431
0,2018-05-24T11:21:55Z,43.82963333,16.64226667,2828.0,2759.0,29.445
0,2018-05-24T11:21:56Z,43.82968333,16.64243333,2829.0,2760.0,29.46
0,2018-05-24T11:21:57Z,43.82968333,16.64256667,2830.0,2761.0,29.469
0,2018-05-24T11:21:58Z,43.82963333,16.64268333,2831.0,2762.0,29.475
0,2018-05-24T11:21:59Z,43.82958333,16.64276667,2832.0,2763.0,29.479
0,2018-05-24T11:22:00Z,43.82951667,16.64281667,2833.0,2764.0,29.479
0,2018-05-24T11:22:01Z,43.82945000,16.64283333,2834.0,2765.0,29.477
0,2018-05-24T11:22:02Z,43.82940000,16.64288333,2835.0,2766.0,29.478
0,2018-05-24T11:22:03Z,43.82936667,16.64291667,2836.0,2767.0,29.479
0,2018-05-24T11:22:04Z,43.82931667,16.64298333,2837.0,2768.0,29.481
0,2018-05-24T11:22:05Z,43.82926667,16.64301667,2838.0,2769.0,29.482
0,2018-05-24T11:22:06Z,43.82920000,16.64298333,2839.0,2770.0,29.476
0,2018-05-24T11:22:07Z,43.82918333,16.64290000,2840.0,2771.0,29.469
0,2018-05-24T11:22:08Z,43.82918333,16.64280000,2841.0,2772.0,29.462
0,2018-05-24T11:22:09Z,43.82921667,16.64270000,2842.0,2773.0,29.456
0,2018-05-24T11:22:10Z,43.82925000,16.64260000,2843.0,2774.0,29.45
0,2018-05-24T11:22:11Z,43.82928333,16.64248333,2844.0,2775.0,29.444
0,2018-05-24T11:22:12Z,43.82931667,16.64240000,2845.0,2776.0,29.439
0,2018-05-24T11:22:13Z,43.82935000,16.64230000,2846.0,2777.0,29.434
0,2018-05-24T11:22:14Z,43.82938333,16.64223333,2847.0,2778.0,29.43
0,2018-05-24T11:22:15Z,43.82945000,16.64218333,2848.0,2779.0,29.43
0,2018-05-24T11:22:16Z,43.82955000,16.64215000,2849.0,2780.0,29.433
0,2018-05-24T11:22:17Z,43.82965000,16.64215000,2850.0,2781.0,29.438
0,2018-05-24T11:22:18Z,43.82976667,16.64215000,2851.0,2782.0,29.443
0,2018-05-24T11:22:19Z,43.82988333,16.64215000,2852.0,2783.0,29.449
0,2018-05-24T11:22:20Z,43.82998333,16.64211667,2853.0,2784.0,29.452
0,2018-05-24T11:22:21Z,43.83006667,16.64206667,2854.0,2785.0,29.453
0,2018-05-24T11:22:22Z,43.83016667,16.64201667,2855.0,2786.0,29.455
0,2018-05-24T11:22:23Z,43.83021667,16.64193333,2856.0,2787.0,29.452
0,2018-05-24T11:22:24Z,43.83025000,16.64186667,2857.0,2788.0,29.449
0,2018-05-24T11:22:25Z,43.83026667,16.64180000,2858.0,2789.0,29.445
0,2018-05-24T11:22:26Z,43.83025000,16.64173333,2859.0,2790.0,29.439
0,2018-05-24T11:22:27Z,43.83023333,16.64166667,2860.0,2791.0,29.434
0,2018-05-24T11:22:28Z,43.83021667,16.64158333,2861.0,2792.0,29.427
0,2018-05-24T11:22:29Z,43.83016667,16.64151667,2862.0,2793.0,29.42
0,2018-05-24T11:22:30Z,43.83011667,16.64148333,2863.0,2794.0,29.415
0,2018-05-24T11:22:31Z,43.83006667,16.64148333,2864.0,2795.0,29.412
0,2018-05-24T11:22:32Z,43.83000000,16.64148333,2865.0,2796.0,29.408
0,2018-05-24T11:22:33Z,43.82995000,16.64150000,2866.0,2797.0,29.407
0,2018-05-24T11:22:34Z,43.82990000,16.64150000,2867.0,2798.0,29.404
0,2018-05-24T11:22:35Z,43.82983333,16.64151667,2868.0,2799.0,29.402
0,2018-05-24T11:22:36Z,43.82978333,16.64150000,2869.0,2800.0,29.398
0,2018-05-24T11:22:37Z,43.82975000,16.64146667,2870.0,2801.0,29.394
0,2018-05-24T11:22:38Z,43.82975000,16.64140000,2871.0,2802.0,29.389
0,2018-05-24T11:22:39Z,43.82976667,16.64131667,2872.0,2803.0,29.384
0,2018-05-24T11:22:40Z,43.82981667,16.64123333,2873.0,2804.0,29.381
0,2018-05-24T11:22:41Z,43.82991667,16.64120000,2874.0,2805.0,29.384
0,2018-05-24T11:22:42Z,43.83001667,16.64118333,2875.0,2806.0,29.388
0,2018-05-24T11:22:43Z,43.83011667,16.64123333,2876.0,2807.0,29.397
0,2018-05-24T11:22:44Z,43.83021667,16.64135000,2877.0,2808.0,29.411
0,2018-05-24T11:22:45Z,43.83028333,16.64148333,2878.0,2809.0,29.424
0,2018-05-24T11:22:46Z,43.83033333,16.64163333,2879.0,2810.0,29.437
0,2018-05-24T11:22:47Z,43.83035000,16.64178333,2880.0,2811.0,29.448
0,2018-05-24T11:22:48Z,43.83036667,16.64193333,2881.0,2812.0,29.46
0,2018-05-24T11:22:49Z,43.83033333,16.64206667,2882.0,2813.0,29.467
0,2018-05-24T11:22:50Z,43.83028333,16.64220000,2883.0,2814.0,29.474
0,2018-05-24T11:22:51Z,43.83021667,16.64228333,2884.0,2815.0,29.476
0,2018-05-24T11:22:52Z,43.83015000,16.64235000,2885.0,2816.0,29.477
0,2018-05-24T11:22:53Z,43.83008333,16.64235000,2886.0,2817.0,29.474
0,2018-05-24T11:22:54Z,43.83001667,16.64233333,2887.0,2818.0,29.469
0,2018-05-24T11:22:55Z,43.82995000,16.64231667,2888.0,2819.0,29.465
0,2018-05-24T11:22:56Z,43.82990000,16.64228333,2889.0,2820.0,29.46
0,2018-05-24T11:22:57Z,43.82985000,16.64226667,2890.0,2821.0,29.456
0,2018-05-24T11:22:58Z,43.82981667,16.64223333,2891.0,2822.0,29.452
0,2018-05-24T11:22:59Z,43.82976667,16.64220000,2892.0,2823.0,29.447
0,2018-05-24T11:23:00Z,43.82971667,16.64216667,2893.0,2824.0,29.442
0,2018-05-24T11:23:01Z,43.82968333,16.64210000,2894.0,2825.0,29.436
0,2018-05-24T11:23:02Z,43.82965000,16.64203333,2895.0,2826.0,29.429
0,2018-05-24T11:23:03Z,43.82965000,16.64193333,2896.0,2827.0,29.422
0,2018-05-24T11:23:04Z,43.82968333,16.64183333,2897.0,2828.0,29.417
0,2018-05-24T11:23:05Z,43.82971667,16.64176667,2898.0,2829.0,29.414
0,2018-05-24T11:23:06Z,43.82976667,16.64170000,2899.0,2830.0,29.411
0,2018-05-24T11:23:07Z,43.82980000,16.64165000,2900.0,2831.0,29.41
0,2018-05-24T11:23:08Z,43.82980000,16.64158333,2901.0,2832.0,29.405
0,2018-05-24T11:23:09Z,43.82980000,16.64151667,2902.0,2833.0,29.4
0,2018-05-24T11:23:10Z,43.82976667,16.64143333,2903.0,2834.0,29.393
0,2018-05-24T11:23:11Z,43.82970000,16.64140000,2904.0,2835.0,29.387
0,2018-05-24T11:23:12Z,43.82963333,16.64145000,2905.0,2836.0,29.387
0,2018-05-24T11:23:13Z,43.82955000,16.64153333,2906.0,2837.0,29.388
0,2018-05-24T11:23:14Z,43.82948333,16.64161667,2907.0,2838.0,29.391
0,2018-05-24T11:23:15Z,43.82941667,16.64170000,2908.0,2839.0,29.394
0,2018-05-24T11:23:16Z,43.82933333,16.64176667,2909.0,2840.0,29.394
0,2018-05-24T11:23:17Z,43.82926667,16.64181667,2910.0,2841.0,29.395
0,2018-05-24T11:23:18Z,43.82920000,16.64188333,2911.0,2842.0,29.396
0,2018-05-24T11:23:19Z,43.82915000,16.64198333,2912.0,2843.0,29.401
0,2018-05-24T11:23:20Z,43.82911667,16.64210000,2913.0,2844.0,29.408
0,2018-05-24T11:23:21Z,43.82910000,16.64225000,2914.0,2845.0,29.418
0,2018-05-24T11:23:22Z,43.82911667,16.64240000,2915.0,2846.0,29.43
0,2018-05-24T11:23:23Z,43.82915000,16.64255000,2916.0,2847.0,29.442
0,2018-05-24T11:23:24Z,43.82918333,16.64270000,2917.0,2848.0,29.455
0,2018-05-24T11:23:25Z,43.82921667,16.64285000,2918.0,2849.0,29.467
0,2018-05-24T11:23:26Z,43.82923333,16.64298333,2919.0,2850.0,29.478
0,2018-05-24T11:23:27Z,43.82921667,16.64311667,2920.0,2851.0,29.487
0,2018-05-24T11:23:28Z,43.82916667,16.64325000,2921.0,2852.0,29.494
0,2018-05-24T11:23:29Z,43.82908333,16.64335000,2922.0,2853.0,29.497
0,2018-05-24T11:23:30Z,43.82900000,16.64338333,2923.0,2854.0,29.496
0,2018-05-24T11:23:31Z,43.82893333,16.64340000,2924.0,2855.0,29.494
0,2018-05-24T11:23:32Z,43.82886667,16.64338333,2925.0,2856.0,29.49
0,2018-05-24T11:23:33Z,43.82880000,16.64338333,2926.0,2857.0,29.487
0,2018-05-24T11:23:34Z,43.82875000,16.64336667,2927.0,2858.0,29.484
0,2018-05-24T11:23:35Z,43.82868333,16.64336667,2928.0,2859.0,29.481
0,2018-05-24T11:23:36Z,43.82861667,16.64335000,2929.0,2860.0,29.477
0,2018-05-24T11:23:37Z,43.82855000,16.64331667,2930.0,2861.0,29.471
0,2018-05-24T11:23:38Z,43.82850000,16.64328333,2931.0,2862.0,29.467
0,2018-05-24T11:23:39Z,43.82845000,16.64323333,2932.0,2863.0,29.461
0,2018-05-24T11:23:40Z,43.82840000,16.64320000,2933.0,2864.0,29.456
0,2018-05-24T11:23:41Z,43.82836667,16.64313333,2934.0,2865.0,29.45
0,2018-05-24T11:23:42Z,43.82833333,16.64305000,2935.0,2866.0,29.442
0,2018-05-24T11:23:43Z,43.82830000,16.64296667,2936.0,2867.0,29.435
0,2018-05-24T11:23:44Z,43.82830000,16.64288333,2937.0,2868.0,29.429
0,2018-05-24T11:23:45Z,43.82831667,16.64278333,2938.0,2869.0,29.422
0,2018-05-24T11:23:46Z,43.82835000,16.64271667,2939.0,2870.0,29.418
0,2018-05-24T11:23:47Z,43.82845000,16.64268333,2940.0,2871.0,29.42
0,2018-05-24T11:23:48Z,43.82855000,16.64270000,2941.0,2872.0,29.426
0,2018-05-24T11:23:49Z,43.82863333,16.64276667,2942.0,2873.0,29.434
0,2018-05-24T11:23:50Z,43.82870000,16.64290000,2943.0,2874.0,29.447
0,2018-05-24T11:23:51Z,43.82870000,16.64305000,2944.0,2875.0,29.458
0,2018-05-24T11:23:52Z,43.82866667,16.64318333,2945.0,2876.0,29.467
0,2018-05-24T11:23:53Z,43.82858333,16.64326667,2946.0,2877.0,29.469
0,2018-05-24T11:23:54Z,43.82850000,16.64331667,2947.0,2878.0,29.469
0,2018-05-24T11:23:55Z,43.82843333,16.64335000,2948.0,2879.0,29.469
0,2018-05-24T11:23:56Z,43.82836667,16.64335000,2949.0,2880.0,29.466
0,2018-05-24T11:23:57Z,43.82830000,16.64335000,2950.0,2881.0,29.463
0,2018-05-24T11:23:58Z,43.82825000,16.64335000,2951.0,2882.0,29.461
0,2018-05-24T11:23:59Z,43.82820000,16.64335000,2952.0,2883.0,29.459
0,2018-05-24T11:24:00Z,43.82813333,16.64331667,2953.0,2884.0,29.454
0,2018-05-24T11:24:01Z,43.82808333,16.64326667,2954.0,2885.0,29.448
0,2018-05-24T11:24:02Z,43.82805000,16.64316667,2955.0,2886.0,29.439
0,2018-05-24T11:24:03Z,43.82805000,16.64305000,2956.0,2887.0,29.431
0,2018-05-24T11:24:04Z,43.82811667,16.64293333,2957.0,2888.0,29.425
0,2018-05-24T11:24:05Z,43.82816667,16.64281667,2958.0,2889.0,29.418
0,2018-05-24T11:24:06Z,43.82821667,16.64271667,2959.0,2890.0,29.413
0,2018-05-24T11:24:07Z,43.82826667,16.64265000,2960.0,2891.0,29.41
0,2018-05-24T11:24:08Z,43.82835000,16.64261667,2961.0,2892.0,29.411
0,2018-05-24T11:24:09Z,43.82845000,16.64261667,2962.0,2893.0,29.415
0,2018-05-24T11:24:10Z,43.82853333,16.64265000,2963.0,2894.0,29.421
0,2018-05-24T11:24:11Z,43.82865000,16.64271667,2964.0,2895.0,29.431
0,2018-05-24T11:24:12Z,43.82873333,16.64281667,2965.0,2896.0,29.443
0,2018-05-24T11:24:13Z,43.82880000,16.64295000,2966.0,2897.0,29.455
0,2018-05-24T11:24:14Z,43.82880000,16.64310000,2967.0,2898.0,29.466
0,2018-05-24T11:24:15Z,43.82876667,16.64321667,2968.0,2899.0,29.473
0,2018-05-24T11:24:16Z,43.82870000,16.64333333,2969.0,2900.0,29.479
0,2018-05-24T11:24:17Z,43.82863333,16.64340000,2970.0,2901.0,29.481
0,2018-05-24T11:24:18Z,43.82856667,16.64343333,2971.0,2902.0,29.481
0,2018-05-24T11:24:19Z,43.82850000,16.64341667,2972.0,2903.0,29.477
0,2018-05-24T11:24:20Z,43.82846667,16.64335000,2973.0,2904.0,29.47
0,2018-05-24T11:24:21Z,43.82845000,16.64326667,2974.0,2905.0,29.463
0,2018-05-24T11:24:22Z,43.82846667,16.64318333,2975.0,2906.0,29.458
0,2018-05-24T11:24:23Z,43.82846667,16.64308333,2976.0,2907.0,29.451
0,2018-05-24T11:24:24Z,43.82850000,16.64298333,2977.0,2908.0,29.445
0,2018-05-24T11:24:25Z,43.82851667,16.64290000,2978.0,2909.0,29.439
0,2018-05-24T11:24:26Z,43.82853333,16.64281667,2979.0,2910.0,29.434
0,2018-05-24T11:24:27Z,43.82856667,16.64276667,2980.0,2911.0,29.431
0,2018-05-24T11:24:28Z,43.82861667,16.64268333,2981.0,2912.0,29.428
0,2018-05-24T11:24:29Z,43.82868333,16.64261667,2982.0,2913.0,29.426
0,2018-05-24T11:24:30Z,43.82875000,16.64258333,2983.0,2914.0,29.426
0,2018-05-24T11:24:31Z,43.82885000,16.64260000,2984.0,2915.0,29.432
0,2018-05-24T11:24:32Z,43.82893333,16.64270000,2985.0,2916.0,29.443
0,2018-05-24T11:24:33Z,43.82898333,16.64281667,2986.0,2917.0,29.454
0,2018-05-24T11:24:34Z,43.82901667,16.64296667,2987.0,2918.0,29.466
0,2018-05-24T11:24:35Z,43.82903333,16.64311667,2988.0,2919.0,29.478
0,2018-05-24T11:24:36Z,43.82905000,16.64328333,2989.0,2920.0,29.491
0,2018-05-24T11:24:37Z,43.82905000,16.64345000,2990.0,2921.0,29.503
0,2018-05-24T11:24:38Z,43.82903333,16.64358333,2991.0,2922.0,29.512
0,2018-05-24T11:24:39Z,43.82901667,16.64371667,2992.0,2923.0,29.521
0,2018-05-24T11:24:40Z,43.82898333,16.64385000,2993.0,2924.0,29.53
0,2018-05-24T11:24:41Z,43.82895000,16.64393333,2994.0,2925.0,29.534
0,2018-05-24T11:24:42Z,43.82888333,16.64398333,2995.0,2926.0,29.535
0,2018-05-24T11:24:43Z,43.82880000,16.64398333,2996.0,2927.0,29.531
0,2018-05-24T11:24:44Z,43.82871667,16.64393333,2997.0,2928.0,29.524
0,2018-05-24T11:24:45Z,43.82866667,16.64386667,2998.0,2929.0,29.517
0,2018-05-24T11:24:46Z,43.82863333,16.64376667,2999.0,2930.0,29.508
0,2018-05-24T11:24:47Z,43.82861667,16.64366667,3000.0,2931.0,29.5
0,2018-05-24T11:24:48Z,43.82861667,16.64356667,3001.0,2932.0,29.493
0,2018-05-24T11:24:49Z,43.82861667,16.64346667,3002.0,2933.0,29.485
0,2018-05-24T11:24:50Z,43.82861667,16.64338333,3003.0,2934.0,29.479
0,2018-05-24T11:24:51Z,43.82863333,16.64328333,3004.0,2935.0,29.472
0,2018-05-24T11:24:52Z,43.82865000,16.64320000,3005.0,2936.0,29.467
0,2018-05-24T11:24:53Z,43.82866667,16.64313333,3006.0,2937.0,29.463
0,2018-05-24T11:24:54Z,43.82873333,16.64308333,3007.0,2938.0,29.462
0,2018-05-24T11:24:55Z,43.82883333,16.64306667,3008.0,2939.0,29.465
0,2018-05-24T11:24:56Z,43.82895000,16.64308333,3009.0,2940.0,29.472
0,2018-05-24T11:24:57Z,43.82905000,16.64315000,3010.0,2941.0,29.481
0,2018-05-24T11:24:58Z,43.82913333,16.64326667,3011.0,2942.0,29.494
0,2018-05-24T11:24:59Z,43.82921667,16.64340000,3012.0,2943.0,29.507
0,2018-05-24T11:25:00Z,43.82926667,16.64355000,3013.0,2944.0,29.52
0,2018-05-24T11:25:01Z,43.82930000,16.64370000,3014.0,2945.0,29.533
0,2018-05-24T11:25:02Z,43.82931667,16.64385000,3015.0,2946.0,29.545
0,2018-05-24T11:25:03Z,43.82936667,16.64398333,3016.0,2947.0,29.557
0,2018-05-24T11:25:04Z,43.82940000,16.64413333,3017.0,2948.0,29.569
0,2018-05-24T11:25:05Z,43.82943333,16.64428333,3018.0,2949.0,29.582
0,2018-05-24T11:25:06Z,43.82946667,16.64445000,3019.0,2950.0,29.595
0,2018-05-24T11:25:07Z,43.82946667,16.64460000,3020.0,2951.0,29.606
0,2018-05-24T11:25:08Z,43.82943333,16.64475000,3021.0,2952.0,29.616
0,2018-05-24T11:25:09Z,43.82938333,16.64486667,3022.0,2953.0,29.622
0,2018-05-24T11:25:10Z,43.82933333,16.64496667,3023.0,2954.0,29.627
0,2018-05-24T11:25:11Z,43.82928333,16.64503333,3024.0,2955.0,29.63
0,2018-05-24T11:25:12Z,43.82923333,16.64508333,3025.0,2956.0,29.631
0,2018-05-24T11:25:13Z,43.82916667,16.64510000,3026.0,2957.0,29.63
0,2018-05-24T11:25:14Z,43.82910000,16.64510000,3027.0,2958.0,29.627
0,2018-05-24T11:25:15Z,43.82905000,16.64503333,3028.0,2959.0,29.62
0,2018-05-24T11:25:16Z,43.82901667,16.64495000,3029.0,2960.0,29.612
0,2018-05-24T11:25:17Z,43.82901667,16.64485000,3030.0,2961.0,29.605
0,2018-05-24T11:25:18Z,43.82905000,16.64476667,3031.0,2962.0,29.6
0,2018-05-24T11:25:19Z,43.82908333,16.64468333,3032.0,2963.0,29.595
0,2018-05-24T11:25:20Z,43.82913333,16.64460000,3033.0,2964.0,29.591
0,2018-05-24T11:25:21Z,43.82918333,16.64453333,3034.0,2965.0,29.589
0,2018-05-24T11:25:22Z,43.82923333,16.64446667,3035.0,2966.0,29.586
0,2018-05-24T11:25:23Z,43.82931667,16.64441667,3036.0,2967.0,29.586
0,2018-05-24T11:25:24Z,43.82940000,16.64440000,3037.0,2968.0,29.589
0,2018-05-24T11:25:25Z,43.82950000,16.64443333,3038.0,2969.0,29.596
0,2018-05-24T11:25:26Z,43.82960000,16.64451667,3039.0,2970.0,29.606
0,2018-05-24T11:25:27Z,43.82968333,16.64463333,3040.0,2971.0,29.619
0,2018-05-24T11:25:28Z,43.82973333,16.64475000,3041.0,2972.0,29.63
0,2018-05-24T11:25:29Z,43.82976667,16.64488333,3042.0,2973.0,29.641
0,2018-05-24T11:25:30Z,43.82978333,16.64503333,3043.0,2974.0,29.653
0,2018-05-24T11:25:31Z,43.82976667,16.64518333,3044.0,2975.0,29.663
0,2018-05-24T11:25:32Z,43.82975000,16.64533333,3045.0,2976.0,29.673
0,2018-05-24T11:25:33Z,43.82970000,16.64546667,3046.0,2977.0,29.68
0,2018-05-24T11:25:34Z,43.82963333,16.64556667,3047.0,2978.0,29.685
0,2018-05-24T11:25:35Z,43.82955000,16.64563333,3048.0,2979.0,29.686
0,2018-05-24T11:25:36Z,43.82948333,16.64568333,3049.0,2980.0,29.687
0,2018-05-24T11:25:37Z,43.82941667,16.64568333,3050.0,2981.0,29.684
0,2018-05-24T11:25:38Z,43.82935000,16.64568333,3051.0,2982.0,29.681
0,2018-05-24T11:25:39Z,43.82928333,16.64565000,3052.0,2983.0,29.675
0,2018-05-24T11:25:40Z,43.82925000,16.64560000,3053.0,2984.0,29.67
0,2018-05-24T11:25:41Z,43.82921667,16.64553333,3054.0,2985.0,29.664
0,2018-05-24T11:25:42Z,43.82921667,16.64546667,3055.0,2986.0,29.659
0,2018-05-24T11:25:43Z,43.82921667,16.64540000,3056.0,2987.0,29.654
0,2018-05-24T11:25:44Z,43.82925000,16.64533333,3057.0,2988.0,29.651
0,2018-05-24T11:25:45Z,43.82930000,16.64528333,3058.0,2989.0,29.649
0,2018-05-24T11:25:46Z,43.82935000,16.64523333,3059.0,2990.0,29.648
0,2018-05-24T11:25:47Z,43.82940000,16.64515000,3060.0,2991.0,29.644
0,2018-05-24T11:25:48Z,43.82946667,16.64510000,3061.0,2992.0,29.643
0,2018-05-24T11:25:49Z,43.82955000,16.64506667,3062.0,2993.0,29.644
0,2018-05-24T11:25:50Z,43.82963333,16.64508333,3063.0,2994.0,29.649
0,2018-05-24T11:25:51Z,43.82971667,16.64513333,3064.0,2995.0,29.657
0,2018-05-24T11:25:52Z,43.82981667,16.64520000,3065.0,2996.0,29.666
0,2018-05-24T11:25:53Z,43.82990000,16.64530000,3066.0,2997.0,29.677
0,2018-05-24T11:25:54Z,43.82996667,16.64540000,3067.0,2998.0,29.688
0,2018-05-24T11:25:55Z,43.83003333,16.64553333,3068.0,2999.0,29.701
0,2018-05-24T11:25:56Z,43.83005000,16.64566667,3069.0,3000.0,29.711
0,2018-05-24T11:25:57Z,43.83003333,16.64581667,3070.0,3001.0,29.721
0,2018-05-24T11:25:58Z,43.82998333,16.64595000,3071.0,3002.0,29.729
0,2018-05-24T11:25:59Z,43.82993333,16.64605000,3072.0,3003.0,29.734
0,2018-05-24T11:26:00Z,43.82985000,16.64613333,3073.0,3004.0,29.736
0,2018-05-24T11:26:01Z,43.82978333,16.64616667,3074.0,3005.0,29.736
0,2018-05-24T11:26:02Z,43.82971667,16.64616667,3075.0,3006.0,29.733
0,2018-05-24T11:26:03Z,43.82966667,16.64613333,3076.0,3007.0,29.728
0,2018-05-24T11:26:04Z,43.82965000,16.64606667,3077.0,3008.0,29.722
0,2018-05-24T11:26:05Z,43.82966667,16.64598333,3078.0,3009.0,29.717
0,2018-05-24T11:26:06Z,43.82968333,16.64590000,3079.0,3010.0,29.711
0,2018-05-24T11:26:07Z,43.82970000,16.64581667,3080.0,3011.0,29.706
0,2018-05-24T11:26:08Z,43.82970000,16.64571667,3081.0,3012.0,29.699
0,2018-05-24T11:26:09Z,43.82970000,16.64563333,3082.0,3013.0,29.693
0,2018-05-24T11:26:10Z,43.82970000,16.64553333,3083.0,3014.0,29.685
0,2018-05-24T11:26:11Z,43.82970000,16.64545000,3084.0,3015.0,29.679
0,2018-05-24T11:26:12Z,43.82971667,16.64538333,3085.0,3016.0,29.675
0,2018-05-24T11:26:13Z,43.82973333,16.64530000,3086.0,3017.0,29.67
0,2018-05-24T11:26:14Z,43.82976667,16.64521667,3087.0,3018.0,29.665
0,2018-05-24T11:26:15Z,43.82981667,16.64513333,3088.0,3019.0,29.661
0,2018-05-24T11:26:16Z,43.82985000,16.64503333,3089.0,3020.0,29.656
0,2018-05-24T11:26:17Z,43.82988333,16.64493333,3090.0,3021.0,29.65
0,2018-05-24T11:26:18Z,43.82993333,16.64485000,3091.0,3022.0,29.646
0,2018-05-24T11:26:19Z,43.82996667,16.64475000,3092.0,3023.0,29.64
0,2018-05-24T11:26:20Z,43.83000000,16.64466667,3093.0,3024.0,29.636
0,2018-05-24T11:26:21Z,43.83003333,16.64458333,3094.0,3025.0,29.632
0,2018-05-24T11:26:22Z,43.83006667,16.64450000,3095.0,3026.0,29.627
0,2018-05-24T11:26:23Z,43.83011667,16.64440000,3096.0,3027.0,29.622
0,2018-05-24T11:26:24Z,43.83015000,16.64428333,3097.0,3028.0,29.616
0,2018-05-24T11:26:25Z,43.83020000,16.64415000,3098.0,3029.0,29.608
0,2018-05-24T11:26:26Z,43.83025000,16.64401667,3099.0,3030.0,29.601
0,2018-05-24T11:26:27Z,43.83028333,16.64390000,3100.0,3031.0,29.595
0,2018-05-24T11:26:28Z,43.83035000,16.64380000,3101.0,3032.0,29.591
0,2018-05-24T11:26:29Z,43.83040000,16.64371667,3102.0,3033.0,29.587
0,2018-05-24T11:26:30Z,43.83045000,16.64363333,3103.0,3034.0,29.584
0,2018-05-24T11:26:31Z,43.83050000,16.64353333,3104.0,3035.0,29.58
0,2018-05-24T11:26:32Z,43.83055000,16.64343333,3105.0,3036.0,29.575
0,2018-05-24T11:26:33Z,43.83061667,16.64331667,3106.0,3037.0,29.57
0,2018-05-24T11:26:34Z,43.83066667,16.64320000,3107.0,3038.0,29.565
0,2018-05-24T11:26:35Z,43.83073333,16.64308333,3108.0,3039.0,29.56
0,2018-05-24T11:26:36Z,43.83078333,16.64298333,3109.0,3040.0,29.556
0,2018-05-24T11:26:37Z,43.83085000,16.64286667,3110.0,3041.0,29.551
0,2018-05-24T11:26:38Z,43.83091667,16.64275000,3111.0,3042.0,29.547
0,2018-05-24T11:26:39Z,43.83098333,16.64261667,3112.0,3043.0,29.541
0,2018-05-24T11:26:40Z,43.83106667,16.64250000,3113.0,3044.0,29.538
0,2018-05-24T11:26:41Z,43.83111667,16.64240000,3114.0,3045.0,29.534
0,2018-05-24T11:26:42Z,43.83116667,16.64233333,3115.0,3046.0,29.532
0,2018-05-24T11:26:43Z,43.83121667,16.64226667,3116.0,3047.0,29.53
0,2018-05-24T11:26:44Z,43.83123333,16.64221667,3117.0,3048.0,29.528
0,2018-05-24T11:26:45Z,43.83125000,16.64218333,3118.0,3049.0,29.526
0,2018-05-24T11:26:46Z,43.83128333,16.64210000,3119.0,3050.0,29.522
0,2018-05-24T11:26:47Z,43.83135000,16.64200000,3120.0,3051.0,29.519
0,2018-05-24T11:26:48Z,43.83141667,16.64190000,3121.0,3052.0,29.516
0,2018-05-24T11:26:49Z,43.83146667,16.64180000,3122.0,3053.0,29.513
0,2018-05-24T11:26:50Z,43.83151667,16.64171667,3123.0,3054.0,29.51
0,2018-05-24T11:26:51Z,43.83155000,16.64165000,3124.0,3055.0,29.507
0,2018-05-24T11:26:52Z,43.83158333,16.64156667,3125.0,3056.0,29.504
0,2018-05-24T11:26:53Z,43.83161667,16.64146667,3126.0,3057.0,29.499
0,2018-05-24T11:26:54Z,43.83166667,16.64136667,3127.0,3058.0,29.495
0,2018-05-24T11:26:55Z,43.83171667,16.64126667,3128.0,3059.0,29.492
0,2018-05-24T11:26:56Z,43.83178333,16.64118333,3129.0,3060.0,29.49
0,2018-05-24T11:26:57Z,43.83183333,16.64110000,3130.0,3061.0,29.488
0,2018-05-24T11:26:58Z,43.83188333,16.64101667,3131.0,3062.0,29.485
0,2018-05-24T11:26:59Z,43.83193333,16.64093333,3132.0,3063.0,29.483
0,2018-05-24T11:27:00Z,43.83198333,16.64085000,3133.0,3064.0,29.481
0,2018-05-24T11:27:01Z,43.83205000,16.64076667,3134.0,3065.0,29.479
0,2018-05-24T11:27:02Z,43.83211667,16.64068333,3135.0,3066.0,29.478
0,2018-05-24T11:27:03Z,43.83218333,16.64058333,3136.0,3067.0,29.476
0,2018-05-24T11:27:04Z,43.83225000,16.64050000,3137.0,3068.0,29.475
0,2018-05-24T11:27:05Z,43.83230000,16.64040000,3138.0,3069.0,29.471
0,2018-05-24T11:27:06Z,43.83235000,16.64030000,3139.0,3070.0,29.468
0,2018-05-24T11:27:07Z,43.83238333,16.64020000,3140.0,3071.0,29.464
0,2018-05-24T11:27:08Z,43.83241667,16.64010000,3141.0,3072.0,29.46
0,2018-05-24T11:27:09Z,43.83246667,16.63998333,3142.0,3073.0,29.456
0,2018-05-24T11:27:10Z,43.83251667,16.63986667,3143.0,3074.0,29.452
0,2018-05-24T11:27:11Z,43.83255000,16.63975000,3144.0,3075.0,29.446
0,2018-05-24T11:27:12Z,43.83258333,16.63965000,3145.0,3076.0,29.442
1,2018-05-24T11:27:13Z,43.83260000,16.63953333,3146.0,3077.0,29.436
1,2018-05-24T11:27:14Z,43.83263333,16.63941667,3147.0,3078.0,29.431
1,2018-05-24T11:27:15Z,43.83268333,16.63931667,3148.0,3079.0,29.428
1,2018-05-24T11:27:16Z,43.83271667,16.63920000,3149.0,3080.0,29.423
1,2018-05-24T11:27:17Z,43.83275000,16.63910000,3150.0,3081.0,29.419
1,2018-05-24T11:27:18Z,43.83276667,16.63900000,3151.0,3082.0,29.414
1,2018-05-24T11:27:19Z,43.83280000,16.63888333,3152.0,3083.0,29.409
1,2018-05-24T11:27:20Z,43.83283333,16.63878333,3153.0,3084.0,29.405
1,2018-05-24T11:27:21Z,43.83286667,16.63866667,3154.0,3085.0,29.4
1,2018-05-24T11:27:22Z,43.83291667,16.63858333,3155.0,3086.0,29.399
1,2018-05-24T11:27:23Z,43.83296667,16.63850000,3156.0,3087.0,29.397
1,2018-05-24T11:27:24Z,43.83301667,16.63841667,3157.0,3088.0,29.396
1,2018-05-24T11:27:25Z,43.83306667,16.63833333,3158.0,3089.0,29.395
1,2018-05-24T11:27:26Z,43.83313333,16.63826667,3159.0,3090.0,29.395
1,2018-05-24T11:27:27Z,43.83321667,16.63818333,3160.0,3091.0,29.396
1,2018-05-24T11:27:28Z,43.83330000,16.63810000,3161.0,3092.0,29.398
1,2018-05-24T11:27:29Z,43.83338333,16.63801667,3162.0,3093.0,29.399
1,2018-05-24T11:27:30Z,43.83346667,16.63795000,3163.0,3094.0,29.401
1,2018-05-24T11:27:31Z,43.83355000,16.63786667,3164.0,3095.0,29.403
1,2018-05-24T11:27:32Z,43.83363333,16.63780000,3165.0,3096.0,29.405
1,2018-05-24T11:27:33Z,43.83371667,16.63775000,3166.0,3097.0,29.408
1,2018-05-24T11:27:34Z,43.83378333,16.63770000,3167.0,3098.0,29.411
1,2018-05-24T11:27:35Z,43.83385000,16.63765000,3168.0,3099.0,29.413
1,2018-05-24T11:27:36Z,43.83390000,16.63760000,3169.0,3100.0,29.414
1,2018-05-24T11:27:37Z,43.83393333,16.63751667,3170.0,3101.0,29.412
1,2018-05-24T11:27:38Z,43.83393333,16.63743333,3171.0,3102.0,29.407
1,2018-05-24T11:27:39Z,43.83388333,16.63738333,3172.0,3103.0,29.4
1,2018-05-24T11:27:40Z,43.83380000,16.63738333,3173.0,3104.0,29.394
1,2018-05-24T11:27:41Z,43.83371667,16.63743333,3174.0,3105.0,29.39
1,2018-05-24T11:27:42Z,43.83365000,16.63751667,3175.0,3106.0,29.39
1,2018-05-24T11:27:43Z,43.83358333,16.63760000,3176.0,3107.0,29.389
1,2018-05-24T11:27:44Z,43.83353333,16.63770000,3177.0,3108.0,29.392
1,2018-05-24T11:27:45Z,43.83348333,16.63778333,3178.0,3109.0,29.393
1,2018-05-24T11:27:46Z,43.83341667,16.63785000,3179.0,3110.0,29.392
1,2018-05-24T11:27:47Z,43.83335000,16.63791667,3180.0,3111.0,29.39
1,2018-05-24T11:27:48Z,43.83328333,16.63796667,3181.0,3112.0,29.388
1,2018-05-24T11:27:49Z,43.83321667,16.63800000,3182.0,3113.0,29.385
1,2018-05-24T11:27:50Z,43.83316667,16.63803333,3183.0,3114.0,29.384
1,2018-05-24T11:27:51Z,43.83311667,16.63803333,3184.0,3115.0,29.38
1,2018-05-24T11:27:52Z,43.83308333,16.63800000,3185.0,3116.0,29.376
1,2018-05-24T11:27:53Z,43.83308333,16.63791667,3186.0,3117.0,29.371
1,2018-05-24T11:27:54Z,43.83315000,16.63781667,3187.0,3118.0,29.37
1,2018-05-24T11:27:55Z,43.83323333,16.63773333,3188.0,3119.0,29.371
1,2018-05-24T11:27:56Z,43.83335000,16.63770000,3189.0,3120.0,29.378
1,2018-05-24T11:27:57Z,43.83348333,16.63770000,3190.0,3121.0,29.388
1,2018-05-24T11:27:58Z,43.83360000,16.63770000,3191.0,3122.0,29.397
1,2018-05-24T11:27:59Z,43.83370000,16.63768333,3192.0,3123.0,29.403
1,2018-05-24T11:28:00Z,43.83378333,16.63763333,3193.0,3124.0,29.407
1,2018-05-24T11:28:01Z,43.83386667,16.63758333,3194.0,3125.0,29.41
1,2018-05-24T11:28:02Z,43.83391667,16.63753333,3195.0,3126.0,29.411
1,2018-05-24T11:28:03Z,43.83396667,16.63746667,3196.0,3127.0,29.411
1,2018-05-24T11:28:04Z,43.83403333,16.63740000,3197.0,3128.0,29.413
1,2018-05-24T11:28:05Z,43.83411667,16.63730000,3198.0,3129.0,29.413
1,2018-05-24T11:28:06Z,43.83418333,16.63720000,3199.0,3130.0,29.413
1,2018-05-24T11:28:07Z,43.83425000,16.63711667,3200.0,3131.0,29.414
1,2018-05-24T11:28:08Z,43.83431667,16.63703333,3201.0,3132.0,29.414
1,2018-05-24T11:28:09Z,43.83436667,16.63696667,3202.0,3133.0,29.415
1,2018-05-24T11:28:10Z,43.83443333,16.63690000,3203.0,3134.0,29.416
1,2018-05-24T11:28:11Z,43.83450000,16.63685000,3204.0,3135.0,29.419
1,2018-05-24T11:28:12Z,43.83458333,16.63680000,3205.0,3136.0,29.423
1,2018-05-24T11:28:13Z,43.83466667,16.63675000,3206.0,3137.0,29.427
1,2018-05-24T11:28:14Z,43.83471667,16.63666667,3207.0,3138.0,29.427
1,2018-05-24T11:28:15Z,43.83475000,16.63656667,3208.0,3139.0,29.424
1,2018-05-24T11:28:16Z,43.83475000,16.63646667,3209.0,3140.0,29.419
1,2018-05-24T11:28:17Z,43.83475000,16.63636667,3210.0,3141.0,29.413
1,2018-05-24T11:28:18Z,43.83471667,16.63630000,3211.0,3142.0,29.407
1,2018-05-24T11:28:19Z,43.83466667,16.63626667,3212.0,3143.0,29.401
1,2018-05-24T11:28:20Z,43.83463333,16.63625000,3213.0,3144.0,29.397
1,2018-05-24T11:28:21Z,43.83458333,16.63628333,3214.0,3145.0,29.395
1,2018-05-24T11:28:22Z,43.83453333,16.63636667,3215.0,3146.0,29.395
1,2018-05-24T11:28:23Z,43.83448333,16.63648333,3216.0,3147.0,29.398
1,2018-05-24T11:28:24Z,43.83445000,16.63663333,3217.0,3148.0,29.403
1,2018-05-24T11:28:25Z,43.83441667,16.63675000,3218.0,3149.0,29.407
1,2018-05-24T11:28:26Z,43.83438333,16.63688333,3219.0,3150.0,29.411
1,2018-05-24T11:28:27Z,43.83433333,16.63695000,3220.0,3151.0,29.411
1,2018-05-24T11:28:28Z,43.83426667,16.63700000,3221.0,3152.0,29.409
1,2018-05-24T11:28:29Z,43.83420000,16.63701667,3222.0,3153.0,29.404
1,2018-05-24T11:28:30Z,43.83415000,16.63706667,3223.0,3154.0,29.403
1,2018-05-24T11:28:31Z,43.83410000,16.63713333,3224.0,3155.0,29.403
1,2018-05-24T11:28:32Z,43.83406667,16.63723333,3225.0,3156.0,29.406
1,2018-05-24T11:28:33Z,43.83403333,16.63735000,3226.0,3157.0,29.41
1,2018-05-24T11:28:34Z,43.83398333,16.63746667,3227.0,3158.0,29.413
1,2018-05-24T11:28:35Z,43.83391667,16.63756667,3228.0,3159.0,29.413
1,2018-05-24T11:28:36Z,43.83386667,16.63766667,3229.0,3160.0,29.415
1,2018-05-24T11:28:37Z,43.83381667,16.63773333,3230.0,3161.0,29.415
1,2018-05-24T11:28:38Z,43.83376667,16.63778333,3231.0,3162.0,29.414
1,2018-05-24T11:28:39Z,43.83371667,16.63783333,3232.0,3163.0,29.413
1,2018-05-24T11:28:40Z,43.83366667,16.63788333,3233.0,3164.0,29.412
1,2018-05-24T11:28:41Z,43.83361667,16.63791667,3234.0,3165.0,29.411
1,2018-05-24T11:28:42Z,43.83356667,16.63796667,3235.0,3166.0,29.41
1,2018-05-24T11:28:43Z,43.83351667,16.63801667,3236.0,3167.0,29.409
1,2018-05-24T11:28:44Z,43.83345000,16.63805000,3237.0,3168.0,29.406
1,2018-05-24T11:28:45Z,43.83340000,16.63808333,3238.0,3169.0,29.404
1,2018-05-24T11:28:46Z,43.83333333,16.63808333,3239.0,3170.0,29.399
1,2018-05-24T11:28:47Z,43.83328333,16.63808333,3240.0,3171.0,29.395
1,2018-05-24T11:28:48Z,43.83323333,16.63806667,3241.0,3172.0,29.391
1,2018-05-24T11:28:49Z,43.83318333,16.63805000,3242.0,3173.0,29.386
1,2018-05-24T11:28:50Z,43.83313333,16.63801667,3243.0,3174.0,29.38
1,2018-05-24T11:28:51Z,43.83308333,16.63795000,3244.0,3175.0,29.373
1,2018-05-24T11:28:52Z,43.83306667,16.63788333,3245.0,3176.0,29.367
1,2018-05-24T11:28:53Z,43.83305000,16.63778333,3246.0,3177.0,29.36
1,2018-05-24T11:28:54Z,43.83306667,16.63766667,3247.0,3178.0,29.354
1,2018-05-24T11:28:55Z,43.83311667,16.63755000,3248.0,3179.0,29.351
1,2018-05-24T11:28:56Z,43.83320000,16.63746667,3249.0,3180.0,29.353
1,2018-05-24T11:28:57Z,43.83330000,16.63741667,3250.0,3181.0,29.357
1,2018-05-24T11:28:58Z,43.83338333,16.63738333,3251.0,3182.0,29.362
1,2018-05-24T11:28:59Z,43.83346667,16.63733333,3252.0,3183.0,29.365
1,2018-05-24T11:29:00Z,43.83355000,16.63726667,3253.0,3184.0,29.367
1,2018-05-24T11:29:01Z,43.83365000,16.63721667,3254.0,3185.0,29.372
1,2018-05-24T11:29:02Z,43.83375000,16.63715000,3255.0,3186.0,29.376
1,2018-05-24T11:29:03Z,43.83386667,16.63710000,3256.0,3187.0,29.382
1,2018-05-24T11:29:04Z,43.83398333,16.63705000,3257.0,3188.0,29.389
1,2018-05-24T11:29:05Z,43.83410000,16.63700000,3258.0,3189.0,29.395
1,2018-05-24T11:29:06Z,43.83420000,16.63691667,3259.0,3190.0,29.399
1,2018-05-24T11:29:07Z,43.83430000,16.63683333,3260.0,3191.0,29.402
1,2018-05-24T11:29:08Z,43.83438333,16.63675000,3261.0,3192.0,29.404
1,2018-05-24T11:29:09Z,43.83445000,16.63666667,3262.0,3193.0,29.405
1,2018-05-24T11:29:10Z,43.83450000,16.63656667,3263.0,3194.0,29.404
1,2018-05-24T11:29:11Z,43.83453333,16.63646667,3264.0,3195.0,29.401
1,2018-05-24T11:29:12Z,43.83455000,16.63635000,3265.0,3196.0,29.396
1,2018-05-24T11:29:13Z,43.83456667,16.63623333,3266.0,3197.0,29.391
1,2018-05-24T11:29:14Z,43.83455000,16.63611667,3267.0,3198.0,29.383
1,2018-05-24T11:29:15Z,43.83453333,16.63600000,3268.0,3199.0,29.376
1,2018-05-24T11:29:16Z,43.83453333,16.63590000,3269.0,3200.0,29.37
1,2018-05-24T11:29:17Z,43.83451667,16.63581667,3270.0,3201.0,29.365
1,2018-05-24T11:29:18Z,43.83450000,16.63571667,3271.0,3202.0,29.358
1,2018-05-24T11:29:19Z,43.83445000,16.63565000,3272.0,3203.0,29.35
1,2018-05-24T11:29:20Z,43.83440000,16.63558333,3273.0,3204.0,29.342
1,2018-05-24T11:29:21Z,43.83435000,16.63553333,3274.0,3205.0,29.336
1,2018-05-24T11:29:22Z,43.83431667,16.63546667,3275.0,3206.0,29.329
1,2018-05-24T11:29:23Z,43.83428333,16.63541667,3276.0,3207.0,29.324
1,2018-05-24T11:29:24Z,43.83426667,16.63535000,3277.0,3208.0,29.319
1,2018-05-24T11:29:25Z,43.83421667,16.63528333,3278.0,3209.0,29.311
1,2018-05-24T11:29:26Z,43.83416667,16.63520000,3279.0,3210.0,29.303
1,2018-05-24T11:29:27Z,43.83413333,16.63513333,3280.0,3211.0,29.296
1,2018-05-24T11:29:28Z,43.83408333,16.63506667,3281.0,3212.0,29.289
1,2018-05-24T11:29:29Z,43.83405000,16.63500000,3282.0,3213.0,29.282
1,2018-05-24T11:29:30Z,43.83403333,16.63493333,3283.0,3214.0,29.277
1,2018-05-24T11:29:31Z,43.83400000,16.63486667,3284.0,3215.0,29.271
1,2018-05-24T11:29:32Z,43.83395000,16.63478333,3285.0,3216.0,29.263
1,2018-05-24T11:29:33Z,43.83391667,16.63468333,3286.0,3217.0,29.254
1,2018-05-24T11:29:34Z,43.83388333,16.63458333,3287.0,3218.0,29.246
1,2018-05-24T11:29:35Z,43.83385000,16.63448333,3288.0,3219.0,29.238
1,2018-05-24T11:29:36Z,43.83381667,16.63441667,3289.0,3220.0,29.232
1,2018-05-24T11:29:37Z,43.83378333,16.63436667,3290.0,3221.0,29.227
1,2018-05-24T11:29:38Z,43.83375000,16.63430000,3291.0,3222.0,29.22
1,2018-05-24T11:29:39Z,43.83371667,16.63421667,3292.0,3223.0,29.213
1,2018-05-24T11:29:40Z,43.83370000,16.63411667,3293.0,3224.0,29.207
1,2018-05-24T11:29:41Z,43.83366667,16.63400000,3294.0,3225.0,29.198
1,2018-05-24T11:29:42Z,43.83365000,16.63390000,3295.0,3226.0,29.191
1,2018-05-24T11:29:43Z,43.83365000,16.63381667,3296.0,3227.0,29.187
1,2018-05-24T11:29:44Z,43.83361667,16.63373333,3297.0,3228.0,29.18
1,2018-05-24T11:29:45Z,43.83360000,16.63365000,3298.0,3229.0,29.174
1,2018-05-24T11:29:46Z,43.83356667,16.63358333,3299.0,3230.0,29.168
1,2018-05-24T11:29:47Z,43.83353333,16.63348333,3300.0,3231.0,29.16
1,2018-05-24T11:29:48Z,43.83350000,16.63340000,3301.0,3232.0,29.153
1,2018-05-24T11:29:49Z,43.83345000,16.63330000,3302.0,3233.0,29.144
1,2018-05-24T11:29:50Z,43.83343333,16.63320000,3303.0,3234.0,29.137
1,2018-05-24T11:29:51Z,43.83341667,16.63310000,3304.0,3235.0,29.131
1,2018-05-24T11:29:52Z,43.83341667,16.63300000,3305.0,3236.0,29.126
1,2018-05-24T11:29:53Z,43.83343333,16.63291667,3306.0,3237.0,29.123
1,2018-05-24T11:29:54Z,43.83341667,16.63281667,3307.0,3238.0,29.117
1,2018-05-24T11:29:55Z,43.83338333,16.63271667,3308.0,3239.0,29.109
1,2018-05-24T11:29:56Z,43.83335000,16.63263333,3309.0,3240.0,29.102
1,2018-05-24T11:29:57Z,43.83331667,16.63255000,3310.0,3241.0,29.095
1,2018-05-24T11:29:58Z,43.83330000,16.63248333,3311.0,3242.0,29.09
1,2018-05-24T11:29:59Z,43.83330000,16.63243333,3312.0,3243.0,29.088
1,2018-05-24T11:30:00Z,43.83330000,16.63235000,3313.0,3244.0,29.084
1,2018-05-24T11:30:01Z,43.83330000,16.63226667,3314.0,3245.0,29.08
1,2018-05-24T11:30:02Z,43.83330000,16.63215000,3315.0,3246.0,29.074
1,2018-05-24T11:30:03Z,43.83330000,16.63206667,3316.0,3247.0,29.07
1,2018-05-24T11:30:04Z,43.83330000,16.63198333,3317.0,3248.0,29.066
1,2018-05-24T11:30:05Z,43.83330000,16.63191667,3318.0,3249.0,29.063
1,2018-05-24T11:30:06Z,43.83330000,16.63183333,3319.0,3250.0,29.059
1,2018-05-24T11:30:07Z,43.83330000,16.63175000,3320.0,3251.0,29.055
1,2018-05-24T11:30:08Z,43.83335000,16.63166667,3321.0,3252.0,29.056
1,2018-05-24T11:30:09Z,43.83338333,16.63156667,3322.0,3253.0,29.054
1,2018-05-24T11:30:10Z,43.83343333,16.63148333,3323.0,3254.0,29.055
1,2018-05-24T11:30:11Z,43.83346667,16.63138333,3324.0,3255.0,29.053
1,2018-05-24T11:30:12Z,43.83348333,16.63130000,3325.0,3256.0,29.051
1,2018-05-24T11:30:13Z,43.83351667,16.63121667,3326.0,3257.0,29.05
1,2018-05-24T11:30:14Z,43.83353333,16.63115000,3327.0,3258.0,29.049
1,2018-05-24T11:30:15Z,43.83355000,16.63108333,3328.0,3259.0,29.048
1,2018-05-24T11:30:16Z,43.83356667,16.63100000,3329.0,3260.0,29.045
1,2018-05-24T11:30:17Z,43.83358333,16.63090000,3330.0,3261.0,29.043
1,2018-05-24T11:30:18Z,43.83360000,16.63081667,3331.0,3262.0,29.04
1,2018-05-24T11:30:19Z,43.83360000,16.63073333,3332.0,3263.0,29.037
1,2018-05-24T11:30:20Z,43.83361667,16.63065000,3333.0,3264.0,29.035
1,2018-05-24T11:30:21Z,43.83360000,16.63055000,3334.0,3265.0,29.029
1,2018-05-24T11:30:22Z,43.83358333,16.63045000,3335.0,3266.0,29.023
1,2018-05-24T11:30:23Z,43.83355000,16.63036667,3336.0,3267.0,29.017
1,2018-05-24T11:30:24Z,43.83355000,16.63026667,3337.0,3268.0,29.012
1,2018-05-24T11:30:25Z,43.83355000,16.63020000,3338.0,3269.0,29.01
1,2018-05-24T11:30:26Z,43.83355000,16.63011667,3339.0,3270.0,29.006
1,2018-05-24T11:30:27Z,43.83353333,16.63005000,3340.0,3271.0,29.002
1,2018-05-24T11:30:28Z,43.83350000,16.62996667,3341.0,3272.0,28.995
1,2018-05-24T11:30:29Z,43.83346667,16.62990000,3342.0,3273.0,28.989
1,2018-05-24T11:30:30Z,43.83343333,16.62983333,3343.0,3274.0,28.983
1,2018-05-24T11:30:31Z,43.83340000,16.62975000,3344.0,3275.0,28.977
1,2018-05-24T11:30:32Z,43.83338333,16.62965000,3345.0,3276.0,28.971
1,2018-05-24T11:30:33Z,43.83336667,16.62956667,3346.0,3277.0,28.966
1,2018-05-24T11:30:34Z,43.83335000,16.62948333,3347.0,3278.0,28.961
1,2018-05-24T11:30:35Z,43.83333333,16.62940000,3348.0,3279.0,28.956
1,2018-05-24T11:30:36Z,43.83331667,16.62931667,3349.0,3280.0,28.951
1,2018-05-24T11:30:37Z,43.83330000,16.62925000,3350.0,3281.0,28.947
1,2018-05-24T11:30:38Z,43.83326667,16.62916667,3351.0,3282.0,28.941
1,2018-05-24T11:30:39Z,43.83323333,16.62908333,3352.0,3283.0,28.934
1,2018-05-24T11:30:40Z,43.83320000,16.62898333,3353.0,3284.0,28.927
1,2018-05-24T11:30:41Z,43.83316667,16.62890000,3354.0,3285.0,28.921
1,2018-05-24T11:30:42Z,43.83313333,16.62881667,3355.0,3286.0,28.914
1,2018-05-24T11:30:43Z,43.83308333,16.62871667,3356.0,3287.0,28.906
1,2018-05-24T11:30:44Z,43.83305000,16.62863333,3357.0,3288.0,28.899
1,2018-05-24T11:30:45Z,43.83301667,16.62855000,3358.0,3289.0,28.893
1,2018-05-24T11:30:46Z,43.83298333,16.62848333,3359.0,3290.0,28.887
1,2018-05-24T11:30:47Z,43.83295000,16.62843333,3360.0,3291.0,28.882
1,2018-05-24T11:30:48Z,43.83291667,16.62836667,3361.0,3292.0,28.876
1,2018-05-24T11:30:49Z,43.83286667,16.62831667,3362.0,3293.0,28.869
1,2018-05-24T11:30:50Z,43.83285000,16.62825000,3363.0,3294.0,28.865
1,2018-05-24T11:30:51Z,43.83283333,16.62815000,3364.0,3295.0,28.86
1,2018-05-24T11:30:52Z,43.83280000,16.62805000,3365.0,3296.0,28.853
1,2018-05-24T11:30:53Z,43.83278333,16.62795000,3366.0,3297.0,28.848
1,2018-05-24T11:30:54Z,43.83275000,16.62786667,3367.0,3298.0,28.841
1,2018-05-24T11:30:55Z,43.83271667,16.62778333,3368.0,3299.0,28.835
1,2018-05-24T11:30:56Z,43.83268333,16.62770000,3369.0,3300.0,28.829
1,2018-05-24T11:30:57Z,43.83266667,16.62763333,3370.0,3301.0,28.825
1,2018-05-24T11:30:58Z,43.83263333,16.62753333,3371.0,3302.0,28.818
1,2018-05-24T11:30:59Z,43.83260000,16.62743333,3372.0,3303.0,28.811
1,2018-05-24T11:31:00Z,43.83255000,16.62731667,3373.0,3304.0,28.802
1,2018-05-24T11:31:01Z,43.83248333,16.62721667,3374.0,3305.0,28.792
1,2018-05-24T11:31:02Z,43.83241667,16.62710000,3375.0,3306.0,28.782
1,2018-05-24T11:31:03Z,43.83236667,16.62700000,3376.0,3307.0,28.773
1,2018-05-24T11:31:04Z,43.83233333,16.62691667,3377.0,3308.0,28.767
1,2018-05-24T11:31:05Z,43.83230000,16.62683333,3378.0,3309.0,28.761
1,2018-05-24T11:31:06Z,43.83225000,16.62675000,3379.0,3310.0,28.753
1,2018-05-24T11:31:07Z,43.83220000,16.62665000,3380.0,3311.0,28.745
1,2018-05-24T11:31:08Z,43.83215000,16.62656667,3381.0,3312.0,28.737
2,2018-05-24T11:31:09Z,43.83210000,16.62648333,3382.0,3313.0,28.73
2,2018-05-24T11:31:10Z,43.83205000,16.62638333,3383.0,3314.0,28.721
2,2018-05-24T11:31:11Z,43.83201667,16.62630000,3384.0,3315.0,28.715
2,2018-05-24T11:31:12Z,43.83198333,16.62623333,3385.0,3316.0,28.71
2,2018-05-24T11:31:13Z,43.83193333,16.62618333,3386.0,3317.0,28.703
2,2018-05-24T11:31:14Z,43.83190000,16.62613333,3387.0,3318.0,28.698
2,2018-05-24T11:31:15Z,43.83185000,16.62605000,3388.0,3319.0,28.691
2,2018-05-24T11:31:16Z,43.83181667,16.62593333,3389.0,3320.0,28.684
2,2018-05-24T11:31:17Z,43.83180000,16.62581667,3390.0,3321.0,28.679
2,2018-05-24T11:31:18Z,43.83176667,16.62571667,3391.0,3322.0,28.672
2,2018-05-24T11:31:19Z,43.83175000,16.62561667,3392.0,3323.0,28.668
2,2018-05-24T11:31:20Z,43.83173333,16.62551667,3393.0,3324.0,28.663
2,2018-05-24T11:31:21Z,43.83171667,16.62540000,3394.0,3325.0,28.658
2,2018-05-24T11:31:22Z,43.83171667,16.62528333,3395.0,3326.0,28.655
2,2018-05-24T11:31:23Z,43.83173333,16.62513333,3396.0,3327.0,28.653
2,2018-05-24T11:31:24Z,43.83173333,16.62501667,3397.0,3328.0,28.65
2,2018-05-24T11:31:25Z,43.83175000,16.62488333,3398.0,3329.0,28.649
2,2018-05-24T11:31:26Z,43.83176667,16.62478333,3399.0,3330.0,28.648
2,2018-05-24T11:31:27Z,43.83175000,16.62470000,3400.0,3331.0,28.645
2,2018-05-24T11:31:28Z,43.83173333,16.62463333,3401.0,3332.0,28.641
2,2018-05-24T11:31:29Z,43.83170000,16.62456667,3402.0,3333.0,28.636
2,2018-05-24T11:31:30Z,43.83163333,16.62453333,3403.0,3334.0,28.628
2,2018-05-24T11:31:31Z,43.83156667,16.62455000,3404.0,3335.0,28.622
2,2018-05-24T11:31:32Z,43.83153333,16.62463333,3405.0,3336.0,28.62
2,2018-05-24T11:31:33Z,43.83150000,16.62476667,3406.0,3337.0,28.619
2,2018-05-24T11:31:34Z,43.83146667,16.62490000,3407.0,3338.0,28.619
2,2018-05-24T11:31:35Z,43.83141667,16.62498333,3408.0,3339.0,28.616
2,2018-05-24T11:31:36Z,43.83135000,16.62503333,3409.0,3340.0,28.61
2,2018-05-24T11:31:37Z,43.83128333,16.62500000,3410.0,3341.0,28.602
2,2018-05-24T11:31:38Z,43.83121667,16.62493333,3411.0,3342.0,28.594
2,2018-05-24T11:31:39Z,43.83115000,16.62485000,3412.0,3343.0,28.584
2,2018-05-24T11:31:40Z,43.83108333,16.62478333,3413.0,3344.0,28.576
2,2018-05-24T11:31:41Z,43.83101667,16.62471667,3414.0,3345.0,28.567
2,2018-05-24T11:31:42Z,43.83096667,16.62465000,3415.0,3346.0,28.56
2,2018-05-24T11:31:43Z,43.83091667,16.62458333,3416.0,3347.0,28.553
2,2018-05-24T11:31:44Z,43.83088333,16.62450000,3417.0,3348.0,28.548
2,2018-05-24T11:31:45Z,43.83085000,16.62440000,3418.0,3349.0,28.542
2,2018-05-24T11:31:46Z,43.83083333,16.62431667,3419.0,3350.0,28.538
2,2018-05-24T11:31:47Z,43.83081667,16.62423333,3420.0,3351.0,28.534
2,2018-05-24T11:31:48Z,43.83081667,16.62416667,3421.0,3352.0,28.533
2,2018-05-24T11:31:49Z,43.83080000,16.62406667,3422.0,3353.0,28.529
2,2018-05-24T11:31:50Z,43.83075000,16.62396667,3423.0,3354.0,28.522
2,2018-05-24T11:31:51Z,43.83071667,16.62386667,3424.0,3355.0,28.516
2,2018-05-24T11:31:52Z,43.83066667,16.62376667,3425.0,3356.0,28.508
2,2018-05-24T11:31:53Z,43.83061667,16.62365000,3426.0,3357.0,28.501
2,2018-05-24T11:31:54Z,43.83056667,16.62356667,3427.0,3358.0,28.494
2,2018-05-24T11:31:55Z,43.83055000,16.62348333,3428.0,3359.0,28.49
2,2018-05-24T11:31:56Z,43.83055000,16.62338333,3429.0,3360.0,28.489
2,2018-05-24T11:31:57Z,43.83056667,16.62330000,3430.0,3361.0,28.489
2,2018-05-24T11:31:58Z,43.83060000,16.62321667,3431.0,3362.0,28.491
2,2018-05-24T11:31:59Z,43.83063333,16.62313333,3432.0,3363.0,28.494
2,2018-05-24T11:32:00Z,43.83066667,16.62303333,3433.0,3364.0,28.496
2,2018-05-24T11:32:01Z,43.83068333,16.62293333,3434.0,3365.0,28.496
2,2018-05-24T11:32:02Z,43.83070000,16.62283333,3435.0,3366.0,28.497
2,2018-05-24T11:32:03Z,43.83070000,16.62275000,3436.0,3367.0,28.496
2,2018-05-24T11:32:04Z,43.83068333,16.62266667,3437.0,3368.0,28.493
2,2018-05-24T11:32:05Z,43.83068333,16.62258333,3438.0,3369.0,28.492
2,2018-05-24T11:32:06Z,43.83066667,16.62250000,3439.0,3370.0,28.489
2,2018-05-24T11:32:07Z,43.83063333,16.62241667,3440.0,3371.0,28.484
2,2018-05-24T11:32:08Z,43.83060000,16.62233333,3441.0,3372.0,28.48
2,2018-05-24T11:32:09Z,43.83055000,16.62225000,3442.0,3373.0,28.474
2,2018-05-24T11:32:10Z,43.83051667,16.62216667,3443.0,3374.0,28.469
2,2018-05-24T11:32:11Z,43.83048333,16.62210000,3444.0,3375.0,28.465
2,2018-05-24T11:32:12Z,43.83045000,16.62206667,3445.0,3376.0,28.461
2,2018-05-24T11:32:13Z,43.83040000,16.62203333,3446.0,3377.0,28.455
2,2018-05-24T11:32:14Z,43.83035000,16.62200000,3447.0,3378.0,28.45
2,2018-05-24T11:32:15Z,43.83030000,16.62196667,3448.0,3379.0,28.444
2,2018-05-24T11:32:16Z,43.83023333,16.62193333,3449.0,3380.0,28.436
2,2018-05-24T11:32:17Z,43.83018333,16.62191667,3450.0,3381.0,28.43
2,2018-05-24T11:32:18Z,43.83013333,16.62191667,3451.0,3382.0,28.425
2,2018-05-24T11:32:19Z,43.83006667,16.62191667,3452.0,3383.0,28.418
2,2018-05-24T11:32:20Z,43.83001667,16.62191667,3453.0,3384.0,28.412
2,2018-05-24T11:32:21Z,43.82995000,16.62186667,3454.0,3385.0,28.404
2,2018-05-24T11:32:22Z,43.82988333,16.62180000,3455.0,3386.0,28.396
2,2018-05-24T11:32:23Z,43.82981667,16.62171667,3456.0,3387.0,28.389
2,2018-05-24T11:32:24Z,43.82978333,16.62163333,3457.0,3388.0,28.384
2,2018-05-24T11:32:25Z,43.82973333,16.62160000,3458.0,3389.0,28.379
2,2018-05-24T11:32:26Z,43.82970000,16.62158333,3459.0,3390.0,28.375
2,2018-05-24T11:32:27Z,43.82965000,16.62156667,3460.0,3391.0,28.369
2,2018-05-24T11:32:28Z,43.82958333,16.62156667,3461.0,3392.0,28.362
2,2018-05-24T11:32:29Z,43.82950000,16.62153333,3462.0,3393.0,28.353
2,2018-05-24T11:32:30Z,43.82943333,16.62151667,3463.0,3394.0,28.345
2,2018-05-24T11:32:31Z,43.82935000,16.62150000,3464.0,3395.0,28.336
2,2018-05-24T11:32:32Z,43.82930000,16.62148333,3465.0,3396.0,28.33
2,2018-05-24T11:32:33Z,43.82925000,16.62146667,3466.0,3397.0,28.325
2,2018-05-24T11:32:34Z,43.82918333,16.62145000,3467.0,3398.0,28.317
2,2018-05-24T11:32:35Z,43.82911667,16.62141667,3468.0,3399.0,28.31
2,2018-05-24T11:32:36Z,43.82901667,16.62138333,3469.0,3400.0,28.298
2,2018-05-24T11:32:37Z,43.82893333,16.62133333,3470.0,3401.0,28.289
2,2018-05-24T11:32:38Z,43.82883333,16.62130000,3471.0,3402.0,28.278
2,2018-05-24T11:32:39Z,43.82878333,16.62125000,3472.0,3403.0,28.272
2,2018-05-24T11:32:40Z,43.82875000,16.62121667,3473.0,3404.0,28.268
2,2018-05-24T11:32:41Z,43.82868333,16.62120000,3474.0,3405.0,28.261
2,2018-05-24T11:32:42Z,43.82861667,16.62120000,3475.0,3406.0,28.254
2,2018-05-24T11:32:43Z,43.82855000,16.62118333,3476.0,3407.0,28.246
2,2018-05-24T11:32:44Z,43.82846667,16.62113333,3477.0,3408.0,28.237
2,2018-05-24T11:32:45Z,43.82840000,16.62108333,3478.0,3409.0,28.229
2,2018-05-24T11:32:46Z,43.82835000,16.62101667,3479.0,3410.0,28.224
2,2018-05-24T11:32:47Z,43.82830000,16.62098333,3480.0,3411.0,28.218
2,2018-05-24T11:32:48Z,43.82826667,16.62095000,3481.0,3412.0,28.215
2,2018-05-24T11:32:49Z,43.82821667,16.62091667,3482.0,3413.0,28.209
2,2018-05-24T11:32:50Z,43.82815000,16.62090000,3483.0,3414.0,28.202
2,2018-05-24T11:32:51Z,43.82808333,16.62086667,3484.0,3415.0,28.194
2,2018-05-24T11:32:52Z,43.82801667,16.62081667,3485.0,3416.0,28.187
2,2018-05-24T11:32:53Z,43.82793333,16.62078333,3486.0,3417.0,28.178
2,2018-05-24T11:32:54Z,43.82785000,16.62073333,3487.0,3418.0,28.169
2,2018-05-24T11:32:55Z,43.82778333,16.62068333,3488.0,3419.0,28.162
2,2018-05-24T11:32:56Z,43.82771667,16.62063333,3489.0,3420.0,28.155
2,2018-05-24T11:32:57Z,43.82768333,16.62058333,3490.0,3421.0,28.151
2,2018-05-24T11:32:58Z,43.82763333,16.62055000,3491.0,3422.0,28.146
2,2018-05-24T11:32:59Z,43.82760000,16.62050000,3492.0,3423.0,28.143
2,2018-05-24T11:33:00Z,43.82753333,16.62043333,3493.0,3424.0,28.136
2,2018-05-24T11:33:01Z,43.82745000,16.62040000,3494.0,3425.0,28.127
2,2018-05-24T11:33:02Z,43.82738333,16.62035000,3495.0,3426.0,28.121
2,2018-05-24T11:33:03Z,43.82731667,16.62031667,3496.0,3427.0,28.114
2,2018-05-24T11:33:04Z,43.82725000,16.62026667,3497.0,3428.0,28.107
2,2018-05-24T11:33:05Z,43.82720000,16.62021667,3498.0,3429.0,28.102
2,2018-05-24T11:33:06Z,43.82716667,16.62015000,3499.0,3430.0,28.099
2,2018-05-24T11:33:07Z,43.82711667,16.62008333,3500.0,3431.0,28.095
2,2018-05-24T11:33:08Z,43.82705000,16.62001667,3501.0,3432.0,28.089
2,2018-05-24T11:33:09Z,43.82701667,16.61996667,3502.0,3433.0,28.086
2,2018-05-24T11:33:10Z,43.82696667,16.61991667,3503.0,3434.0,28.082
2,2018-05-24T11:33:11Z,43.82691667,16.61986667,3504.0,3435.0,28.078
2,2018-05-24T11:33:12Z,43.82688333,16.61981667,3505.0,3436.0,28.075
2,2018-05-24T11:33:13Z,43.82680000,16.61975000,3506.0,3437.0,28.068
2,2018-05-24T11:33:14Z,43.82671667,16.61968333,3507.0,3438.0,28.061
2,2018-05-24T11:33:15Z,43.82663333,16.61961667,3508.0,3439.0,28.054
2,2018-05-24T11:33:16Z,43.82655000,16.61955000,3509.0,3440.0,28.048
2,2018-05-24T11:33:17Z,43.82648333,16.61950000,3510.0,3441.0,28.042
2,2018-05-24T11:33:18Z,43.82641667,16.61946667,3511.0,3442.0,28.037
2,2018-05-24T11:33:19Z,43.82633333,16.61941667,3512.0,3443.0,28.03
2,2018-05-24T11:33:20Z,43.82626667,16.61936667,3513.0,3444.0,28.026
2,2018-05-24T11:33:21Z,43.82618333,16.61928333,3514.0,3445.0,28.021
2,2018-05-24T11:33:22Z,43.82610000,16.61920000,3515.0,3446.0,28.017
2,2018-05-24T11:33:23Z,43.82603333,16.61910000,3516.0,3447.0,28.015
2,2018-05-24T11:33:24Z,43.82598333,16.61901667,3517.0,3448.0,28.013
3,2018-05-24T11:33:25Z,43.82593333,16.61891667,3518.0,3449.0,28.012
3,2018-05-24T11:33:26Z,43.82586667,16.61883333,3519.0,3450.0,28.009
3,2018-05-24T11:33:27Z,43.82578333,16.61876667,3520.0,3451.0,28.004
3,2018-05-24T11:33:28Z,43.82571667,16.61866667,3521.0,3452.0,28.002
3,2018-05-24T11:33:29Z,43.82565000,16.61858333,3522.0,3453.0,27.999
3,2018-05-24T11:33:30Z,43.82561667,16.61851667,3523.0,3454.0,27.999
3,2018-05-24T11:33:31Z,43.82558333,16.61845000,3524.0,3455.0,27.998
3,2018-05-24T11:33:32Z,43.82555000,16.61840000,3525.0,3456.0,27.997
3,2018-05-24T11:33:33Z,43.82551667,16.61833333,3526.0,3457.0,27.997
3,2018-05-24T11:33:34Z,43.82546667,16.61826667,3527.0,3458.0,27.995
3,2018-05-24T11:33:35Z,43.82540000,16.61821667,3528.0,3459.0,27.991
3,2018-05-24T11:33:36Z,43.82533333,16.61818333,3529.0,3460.0,27.986
3,2018-05-24T11:33:37Z,43.82525000,16.61816667,3530.0,3461.0,27.979
3,2018-05-24T11:33:38Z,43.82516667,16.61818333,3531.0,3462.0,27.97
3,2018-05-24T11:33:39Z,43.82508333,16.61823333,3532.0,3463.0,27.96
3,2018-05-24T11:33:40Z,43.82498333,16.61831667,3533.0,3464.0,27.947
3,2018-05-24T11:33:41Z,43.82491667,16.61846667,3534.0,3465.0,27.934
3,2018-05-24T11:33:42Z,43.82486667,16.61861667,3535.0,3466.0,27.923
3,2018-05-24T11:33:43Z,43.82481667,16.61880000,3536.0,3467.0,27.911
3,2018-05-24T11:33:44Z,43.82480000,16.61895000,3537.0,3468.0,27.903
3,2018-05-24T11:33:45Z,43.82475000,16.61908333,3538.0,3469.0,27.893
3,2018-05-24T11:33:46Z,43.82471667,16.61921667,3539.0,3470.0,27.884
3,2018-05-24T11:33:47Z,43.82466667,16.61936667,3540.0,3471.0,27.873
3,2018-05-24T11:33:48Z,43.82461667,16.61951667,3541.0,3472.0,27.862
3,2018-05-24T11:33:49Z,43.82460000,16.61968333,3542.0,3473.0,27.854
3,2018-05-24T11:33:50Z,43.82458333,16.61985000,3543.0,3474.0,27.845
3,2018-05-24T11:33:51Z,43.82456667,16.62001667,3544.0,3475.0,27.837
3,2018-05-24T11:33:52Z,43.82455000,16.62016667,3545.0,3476.0,27.829
3,2018-05-24T11:33:53Z,43.82456667,16.62030000,3546.0,3477.0,27.825
3,2018-05-24T11:33:54Z,43.82458333,16.62045000,3547.0,3478.0,27.821
3,2018-05-24T11:33:55Z,43.82461667,16.62058333,3548.0,3479.0,27.818
3,2018-05-24T11:33:56Z,43.82466667,16.62071667,3549.0,3480.0,27.818
3,2018-05-24T11:33:57Z,43.82473333,16.62083333,3550.0,3481.0,27.819
3,2018-05-24T11:33:58Z,43.82478333,16.62095000,3551.0,3482.0,27.82
3,2018-05-24T11:33:59Z,43.82485000,16.62105000,3552.0,3483.0,27.822
3,2018-05-24T11:34:00Z,43.82490000,16.62116667,3553.0,3484.0,27.822
3,2018-05-24T11:34:01Z,43.82491667,16.62128333,3554.0,3485.0,27.819
3,2018-05-24T11:34:02Z,43.82491667,16.62141667,3555.0,3486.0,27.814
3,2018-05-24T11:34:03Z,43.82490000,16.62156667,3556.0,3487.0,27.806
3,2018-05-24T11:34:04Z,43.82486667,16.62170000,3557.0,3488.0,27.798
3,2018-05-24T11:34:05Z,43.82483333,16.62181667,3558.0,3489.0,27.79
3,2018-05-24T11:34:06Z,43.82478333,16.62195000,3559.0,3490.0,27.78
3,2018-05-24T11:34:07Z,43.82475000,16.62206667,3560.0,3491.0,27.772
3,2018-05-24T11:34:08Z,43.82470000,16.62218333,3561.0,3492.0,27.763
3,2018-05-24T11:34:09Z,43.82468333,16.62233333,3562.0,3493.0,27.755
3,2018-05-24T11:34:10Z,43.82465000,16.62248333,3563.0,3494.0,27.746
3,2018-05-24T11:34:11Z,43.82465000,16.62263333,3564.0,3495.0,27.74
3,2018-05-24T11:34:12Z,43.82465000,16.62276667,3565.0,3496.0,27.735
3,2018-05-24T11:34:13Z,43.82466667,16.62290000,3566.0,3497.0,27.732
3,2018-05-24T11:34:14Z,43.82468333,16.62303333,3567.0,3498.0,27.728
3,2018-05-24T11:34:15Z,43.82471667,16.62315000,3568.0,3499.0,27.727
3,2018-05-24T11:34:16Z,43.82475000,16.62328333,3569.0,3500.0,27.725
3,2018-05-24T11:34:17Z,43.82476667,16.62340000,3570.0,3501.0,27.722
3,2018-05-24T11:34:18Z,43.82475000,16.62348333,3571.0,3502.0,27.718
3,2018-05-24T11:34:19Z,43.82471667,16.62356667,3572.0,3503.0,27.711
3,2018-05-24T11:34:20Z,43.82465000,16.62363333,3573.0,3504.0,27.702
3,2018-05-24T11:34:21Z,43.82458333,16.62365000,3574.0,3505.0,27.695
3,2018-05-24T11:34:22Z,43.82451667,16.62360000,3575.0,3506.0,27.69
3,2018-05-24T11:34:23Z,43.82448333,16.62350000,3576.0,3507.0,27.691
3,2018-05-24T11:34:24Z,43.82451667,16.62338333,3577.0,3508.0,27.699
3,2018-05-24T11:34:25Z,43.82456667,16.62328333,3578.0,3509.0,27.707
3,2018-05-24T11:34:26Z,43.82465000,16.62323333,3579.0,3510.0,27.717
3,2018-05-24T11:34:27Z,43.82475000,16.62321667,3580.0,3511.0,27.728
3,2018-05-24T11:34:28Z,43.82485000,16.62325000,3581.0,3512.0,27.736
3,2018-05-24T11:34:29Z,43.82493333,16.62330000,3582.0,3513.0,27.743
3,2018-05-24T11:34:30Z,43.82503333,16.62335000,3583.0,3514.0,27.75
3,2018-05-24T11:34:31Z,43.82511667,16.62343333,3584.0,3515.0,27.756
3,2018-05-24T11:34:32Z,43.82518333,16.62353333,3585.0,3516.0,27.758
3,2018-05-24T11:34:33Z,43.82523333,16.62363333,3586.0,3517.0,27.76
3,2018-05-24T11:34:34Z,43.82528333,16.62375000,3587.0,3518.0,27.76
3,2018-05-24T11:34:35Z,43.82531667,16.62386667,3588.0,3519.0,27.759
3,2018-05-24T11:34:36Z,43.82535000,16.62400000,3589.0,3520.0,27.757
3,2018-05-24T11:34:37Z,43.82531667,16.62413333,3590.0,3521.0,27.749
3,2018-05-24T11:34:38Z,43.82526667,16.62425000,3591.0,3522.0,27.74
3,2018-05-24T11:34:39Z,43.82520000,16.62433333,3592.0,3523.0,27.73
3,2018-05-24T11:34:40Z,43.82513333,16.62438333,3593.0,3524.0,27.722
3,2018-05-24T11:34:41Z,43.82503333,16.62440000,3594.0,3525.0,27.711
3,2018-05-24T11:34:42Z,43.82498333,16.62436667,3595.0,3526.0,27.708
3,2018-05-24T11:34:43Z,43.82491667,16.62433333,3596.0,3527.0,27.702
3,2018-05-24T11:34:44Z,43.82490000,16.62420000,3597.0,3528.0,27.706
3,2018-05-24T11:34:45Z,43.82488333,16.62408333,3598.0,3529.0,27.708
3,2018-05-24T11:34:46Z,43.82495000,16.62395000,3599.0,3530.0,27.72
3,2018-05-24T11:34:47Z,43.82503333,16.62385000,3600.0,3531.0,27.732
3,2018-05-24T11:34:48Z,43.82513333,16.62381667,3601.0,3532.0,27.743
3,2018-05-24T11:34:49Z,43.82523333,16.62385000,3602.0,3533.0,27.751
3,2018-05-24T11:34:50Z,43.82533333,16.62391667,3603.0,3534.0,27.759
3,2018-05-24T11:34:51Z,43.82541667,16.62401667,3604.0,3535.0,27.763
3,2018-05-24T11:34:52Z,43.82550000,16.62411667,3605.0,3536.0,27.768
3,2018-05-24T11:34:53Z,43.82556667,16.62421667,3606.0,3537.0,27.771
3,2018-05-24T11:34:54Z,43.82563333,16.62433333,3607.0,3538.0,27.773
3,2018-05-24T11:34:55Z,43.82565000,16.62446667,3608.0,3539.0,27.77
3,2018-05-24T11:34:56Z,43.82565000,16.62458333,3609.0,3540.0,27.766
3,2018-05-24T11:34:57Z,43.82563333,16.62468333,3610.0,3541.0,27.76
3,2018-05-24T11:34:58Z,43.82560000,16.62480000,3611.0,3542.0,27.753
3,2018-05-24T11:34:59Z,43.82558333,16.62488333,3612.0,3543.0,27.748
3,2018-05-24T11:35:00Z,43.82555000,16.62496667,3613.0,3544.0,27.742
3,2018-05-24T11:35:01Z,43.82553333,16.62508333,3614.0,3545.0,27.736
3,2018-05-24T11:35:02Z,43.82553333,16.62521667,3615.0,3546.0,27.731
3,2018-05-24T11:35:03Z,43.82555000,16.62533333,3616.0,3547.0,27.729
3,2018-05-24T11:35:04Z,43.82560000,16.62543333,3617.0,3548.0,27.73
3,2018-05-24T11:35:05Z,43.82566667,16.62555000,3618.0,3549.0,27.733
3,2018-05-24T11:35:06Z,43.82575000,16.62566667,3619.0,3550.0,27.737
3,2018-05-24T11:35:07Z,43.82581667,16.62578333,3620.0,3551.0,27.74
3,2018-05-24T11:35:08Z,43.82586667,16.62591667,3621.0,3552.0,27.74
3,2018-05-24T11:35:09Z,43.82593333,16.62605000,3622.0,3553.0,27.742
3,2018-05-24T11:35:10Z,43.82600000,16.62616667,3623.0,3554.0,27.745
3,2018-05-24T11:35:11Z,43.82606667,16.62630000,3624.0,3555.0,27.747
3,2018-05-24T11:35:12Z,43.82613333,16.62640000,3625.0,3556.0,27.75
3,2018-05-24T11:35:13Z,43.82620000,16.62653333,3626.0,3557.0,27.752
3,2018-05-24T11:35:14Z,43.82625000,16.62665000,3627.0,3558.0,27.753
3,2018-05-24T11:35:15Z,43.82630000,16.62678333,3628.0,3559.0,27.754
3,2018-05-24T11:35:16Z,43.82636667,16.62691667,3629.0,3560.0,27.756
3,2018-05-24T11:35:17Z,43.82643333,16.62705000,3630.0,3561.0,27.758
3,2018-05-24T11:35:18Z,43.82650000,16.62718333,3631.0,3562.0,27.761
3,2018-05-24T11:35:19Z,43.82656667,16.62731667,3632.0,3563.0,27.763
3,2018-05-24T11:35:20Z,43.82661667,16.62743333,3633.0,3564.0,27.764
3,2018-05-24T11:35:21Z,43.82666667,16.62756667,3634.0,3565.0,27.765
3,2018-05-24T11:35:22Z,43.82671667,16.62768333,3635.0,3566.0,27.766
3,2018-05-24T11:35:23Z,43.82676667,16.62781667,3636.0,3567.0,27.767
3,2018-05-24T11:35:24Z,43.82681667,16.62795000,3637.0,3568.0,27.768
3,2018-05-24T11:35:25Z,43.82686667,16.62808333,3638.0,3569.0,27.769
3,2018-05-24T11:35:26Z,43.82690000,16.62821667,3639.0,3570.0,27.768
3,2018-05-24T11:35:27Z,43.82695000,16.62835000,3640.0,3571.0,27.769
3,2018-05-24T11:35:28Z,43.82701667,16.62848333,3641.0,3572.0,27.771
3,2018-05-24T11:35:29Z,43.82706667,16.62863333,3642.0,3573.0,27.772
3,2018-05-24T11:35:30Z,43.82710000,16.62876667,3643.0,3574.0,27.771
3,2018-05-24T11:35:31Z,43.82715000,16.62891667,3644.0,3575.0,27.771
3,2018-05-24T11:35:32Z,43.82720000,16.62905000,3645.0,3576.0,27.772
3,2018-05-24T11:35:33Z,43.82723333,16.62920000,3646.0,3577.0,27.771
3,2018-05-24T11:35:34Z,43.82726667,16.62933333,3647.0,3578.0,27.77
3,2018-05-24T11:35:35Z,43.82730000,16.62948333,3648.0,3579.0,27.769
3,2018-05-24T11:35:36Z,43.82731667,16.62963333,3649.0,3580.0,27.766
3,2018-05-24T11:35:37Z,43.82733333,16.62978333,3650.0,3581.0,27.763
3,2018-05-24T11:35:38Z,43.82735000,16.62993333,3651.0,3582.0,27.761
3,2018-05-24T11:35:39Z,43.82735000,16.63010000,3652.0,3583.0,27.756
3,2018-05-24T11:35:40Z,43.82735000,16.63025000,3653.0,3584.0,27.751
3,2018-05-24T11:35:41Z,43.82735000,16.63040000,3654.0,3585.0,27.747
3,2018-05-24T11:35:42Z,43.82733333,16.63055000,3655.0,3586.0,27.741
3,2018-05-24T11:35:43Z,43.82731667,16.63070000,3656.0,3587.0,27.735
3,2018-05-24T11:35:44Z,43.82730000,16.63085000,3657.0,3588.0,27.728
3,2018-05-24T11:35:45Z,43.82726667,16.63100000,3658.0,3589.0,27.721
3,2018-05-24T11:35:46Z,43.82723333,16.63113333,3659.0,3590.0,27.713
3,2018-05-24T11:35:47Z,43.82718333,16.63126667,3660.0,3591.0,27.704
3,2018-05-24T11:35:48Z,43.82713333,16.63140000,3661.0,3592.0,27.695
3,2018-05-24T11:35:49Z,43.82708333,16.63153333,3662.0,3593.0,27.686
3,2018-05-24T11:35:50Z,43.82703333,16.63166667,3663.0,3594.0,27.677
3,2018-05-24T11:35:51Z,43.82698333,16.63180000,3664.0,3595.0,27.668
3,2018-05-24T11:35:52Z,43.82693333,16.63191667,3665.0,3596.0,27.66
3,2018-05-24T11:35:53Z,43.82686667,16.63205000,3666.0,3597.0,27.649
3,2018-05-24T11:35:54Z,43.82681667,16.63218333,3667.0,3598.0,27.64
3,2018-05-24T11:35:55Z,43.82675000,16.63231667,3668.0,3599.0,27.63
3,2018-05-24T11:35:56Z,43.82668333,16.63243333,3669.0,3600.0,27.619
3,2018-05-24T11:35:57Z,43.82661667,16.63253333,3670.0,3601.0,27.61
3,2018-05-24T11:35:58Z,43.82655000,16.63263333,3671.0,3602.0,27.6
3,2018-05-24T11:35:59Z,43.82650000,16.63276667,3672.0,3603.0,27.591
3,2018-05-24T11:36:00Z,43.82645000,16.63288333,3673.0,3604.0,27.583
3,2018-05-24T11:36:01Z,43.82640000,16.63300000,3674.0,3605.0,27.574
3,2018-05-24T11:36:02Z,43.82636667,16.63310000,3675.0,3606.0,27.568
3,2018-05-24T11:36:03Z,43.82631667,16.63316667,3676.0,3607.0,27.561
3,2018-05-24T11:36:04Z,43.82626667,16.63321667,3677.0,3608.0,27.554
3,2018-05-24T11:36:05Z,43.82620000,16.63323333,3678.0,3609.0,27.547
3,2018-05-24T11:36:06Z,43.82611667,16.63326667,3679.0,3610.0,27.537
3,2018-05-24T11:36:07Z,43.82605000,16.63330000,3680.0,3611.0,27.529
3,2018-05-24T11:36:08Z,43.82596667,16.63333333,3681.0,3612.0,27.52
3,2018-05-24T11:36:09Z,43.82588333,16.63338333,3682.0,3613.0,27.51
3,2018-05-24T11:36:10Z,43.82580000,16.63345000,3683.0,3614.0,27.499
3,2018-05-24T11:36:11Z,43.82573333,16.63351667,3684.0,3615.0,27.49
3,2018-05-24T11:36:12Z,43.82566667,16.63361667,3685.0,3616.0,27.481
3,2018-05-24T11:36:13Z,43.82561667,16.63371667,3686.0,3617.0,27.473
3,2018-05-24T11:36:14Z,43.82556667,16.63383333,3687.0,3618.0,27.464
3,2018-05-24T11:36:15Z,43.82553333,16.63393333,3688.0,3619.0,27.458
3,2018-05-24T11:36:16Z,43.82548333,16.63405000,3689.0,3620.0,27.45
3,2018-05-24T11:36:17Z,43.82543333,16.63418333,3690.0,3621.0,27.441
3,2018-05-24T11:36:18Z,43.82535000,16.63430000,3691.0,3622.0,27.429
3,2018-05-24T11:36:19Z,43.82526667,16.63438333,3692.0,3623.0,27.418
3,2018-05-24T11:36:20Z,43.82520000,16.63440000,3693.0,3624.0,27.411
3,2018-05-24T11:36:21Z,43.82511667,16.63435000,3694.0,3625.0,27.404
3,2018-05-24T11:36:22Z,43.82508333,16.63426667,3695.0,3626.0,27.402
3,2018-05-24T11:36:23Z,43.82506667,16.63416667,3696.0,3627.0,27.403
3,2018-05-24T11:36:24Z,43.82506667,16.63408333,3697.0,3628.0,27.405
3,2018-05-24T11:36:25Z,43.82508333,16.63401667,3698.0,3629.0,27.409
3,2018-05-24T11:36:26Z,43.82508333,16.63395000,3699.0,3630.0,27.411
3,2018-05-24T11:36:27Z,43.82511667,16.63388333,3700.0,3631.0,27.416
3,2018-05-24T11:36:28Z,43.82515000,16.63381667,3701.0,3632.0,27.421
3,2018-05-24T11:36:29Z,43.82521667,16.63378333,3702.0,3633.0,27.429
3,2018-05-24T11:36:30Z,43.82531667,16.63380000,3703.0,3634.0,27.439
3,2018-05-24T11:36:31Z,43.82540000,16.63391667,3704.0,3635.0,27.445
3,2018-05-24T11:36:32Z,43.82545000,16.63406667,3705.0,3636.0,27.446
3,2018-05-24T11:36:33Z,43.82543333,16.63423333,3706.0,3637.0,27.44
3,2018-05-24T11:36:34Z,43.82540000,16.63436667,3707.0,3638.0,27.433
3,2018-05-24T11:36:35Z,43.82535000,16.63450000,3708.0,3639.0,27.424
3,2018-05-24T11:36:36Z,43.82530000,16.63460000,3709.0,3640.0,27.416
3,2018-05-24T11:36:37Z,43.82526667,16.63470000,3710.0,3641.0,27.41
3,2018-05-24T11:36:38Z,43.82521667,16.63481667,3711.0,3642.0,27.402
3,2018-05-24T11:36:39Z,43.82516667,16.63493333,3712.0,3643.0,27.394
3,2018-05-24T11:36:40Z,43.82511667,16.63503333,3713.0,3644.0,27.386
3,2018-05-24T11:36:41Z,43.82506667,16.63511667,3714.0,3645.0,27.378
3,2018-05-24T11:36:42Z,43.82500000,16.63520000,3715.0,3646.0,27.369
3,2018-05-24T11:36:43Z,43.82495000,16.63528333,3716.0,3647.0,27.362
3,2018-05-24T11:36:44Z,43.82488333,16.63533333,3717.0,3648.0,27.353
3,2018-05-24T11:36:45Z,43.82481667,16.63536667,3718.0,3649.0,27.346
3,2018-05-24T11:36:46Z,43.82475000,16.63540000,3719.0,3650.0,27.338
3,2018-05-24T11:36:47Z,43.82468333,16.63541667,3720.0,3651.0,27.33
3,2018-05-24T11:36:48Z,43.82463333,16.63540000,3721.0,3652.0,27.325
3,2018-05-24T11:36:49Z,43.82458333,16.63535000,3722.0,3653.0,27.321
3,2018-05-24T11:36:50Z,43.82455000,16.63526667,3723.0,3654.0,27.32
3,2018-05-24T11:36:51Z,43.82456667,16.63515000,3724.0,3655.0,27.325
3,2018-05-24T11:36:52Z,43.82461667,16.63506667,3725.0,3656.0,27.332
3,2018-05-24T11:36:53Z,43.82470000,16.63500000,3726.0,3657.0,27.343
3,2018-05-24T11:36:54Z,43.82478333,16.63498333,3727.0,3658.0,27.352
3,2018-05-24T11:36:55Z,43.82488333,16.63503333,3728.0,3659.0,27.361
3,2018-05-24T11:36:56Z,43.82498333,16.63511667,3729.0,3660.0,27.37
3,2018-05-24T11:36:57Z,43.82506667,16.63521667,3730.0,3661.0,27.376
3,2018-05-24T11:36:58Z,43.82518333,16.63528333,3731.0,3662.0,27.386
3,2018-05-24T11:36:59Z,43.82528333,16.63531667,3732.0,3663.0,27.396
3,2018-05-24T11:37:00Z,43.82538333,16.63528333,3733.0,3664.0,27.408
3,2018-05-24T11:37:01Z,43.82546667,16.63521667,3734.0,3665.0,27.418
3,2018-05-24T11:37:02Z,43.82553333,16.63513333,3735.0,3666.0,27.427
3,2018-05-24T11:37:03Z,43.82558333,16.63505000,3736.0,3667.0,27.435
3,2018-05-24T11:37:04Z,43.82558333,16.63496667,3737.0,3668.0,27.437
3,2018-05-24T11:37:05Z,43.82555000,16.63490000,3738.0,3669.0,27.435
3,2018-05-24T11:37:06Z,43.82550000,16.63483333,3739.0,3670.0,27.431
3,2018-05-24T11:37:07Z,43.82541667,16.63483333,3740.0,3671.0,27.422
3,2018-05-24T11:37:08Z,43.82533333,16.63485000,3741.0,3672.0,27.413
3,2018-05-24T11:37:09Z,43.82525000,16.63490000,3742.0,3673.0,27.403
3,2018-05-24T11:37:10Z,43.82518333,16.63496667,3743.0,3674.0,27.394
3,2018-05-24T11:37:11Z,43.82510000,16.63505000,3744.0,3675.0,27.384
3,2018-05-24T11:37:12Z,43.82503333,16.63511667,3745.0,3676.0,27.375
3,2018-05-24T11:37:13Z,43.82496667,16.63520000,3746.0,3677.0,27.366
3,2018-05-24T11:37:14Z,43.82491667,16.63528333,3747.0,3678.0,27.358
3,2018-05-24T11:37:15Z,43.82485000,16.63533333,3748.0,3679.0,27.35
3,2018-05-24T11:37:16Z,43.82478333,16.63538333,3749.0,3680.0,27.342
3,2018-05-24T11:37:17Z,43.82473333,16.63545000,3750.0,3681.0,27.335
3,2018-05-24T11:37:18Z,43.82470000,16.63553333,3751.0,3682.0,27.329
3,2018-05-24T11:37:19Z,43.82466667,16.63563333,3752.0,3683.0,27.323
3,2018-05-24T11:37:20Z,43.82458333,16.63573333,3753.0,3684.0,27.312
3,2018-05-24T11:37:21Z,43.82450000,16.63580000,3754.0,3685.0,27.301
3,2018-05-24T11:37:22Z,43.82441667,16.63583333,3755.0,3686.0,27.292
3,2018-05-24T11:37:23Z,43.82433333,16.63585000,3756.0,3687.0,27.282
3,2018-05-24T11:37:24Z,43.82426667,16.63588333,3757.0,3688.0,27.275
3,2018-05-24T11:37:25Z,43.82420000,16.63595000,3758.0,3689.0,27.266
3,2018-05-24T11:37:26Z,43.82415000,16.63603333,3759.0,3690.0,27.258
3,2018-05-24T11:37:27Z,43.82411667,16.63613333,3760.0,3691.0,27.252
3,2018-05-24T11:37:28Z,43.82406667,16.63625000,3761.0,3692.0,27.244
3,2018-05-24T11:37:29Z,43.82403333,16.63636667,3762.0,3693.0,27.238
3,2018-05-24T11:37:30Z,43.82396667,16.63646667,3763.0,3694.0,27.228
3,2018-05-24T11:37:31Z,43.82391667,16.63656667,3764.0,3695.0,27.221
3,2018-05-24T11:37:32Z,43.82385000,16.63665000,3765.0,3696.0,27.211
3,2018-05-24T11:37:33Z,43.82378333,16.63675000,3766.0,3697.0,27.202
3,2018-05-24T11:37:34Z,43.82373333,16.63686667,3767.0,3698.0,27.194
3,2018-05-24T11:37:35Z,43.82366667,16.63696667,3768.0,3699.0,27.184
3,2018-05-24T11:37:36Z,43.82360000,16.63708333,3769.0,3700.0,27.174
3,2018-05-24T11:37:37Z,43.82355000,16.63718333,3770.0,3701.0,27.167
3,2018-05-24T11:37:38Z,43.82348333,16.63730000,3771.0,3702.0,27.157
3,2018-05-24T11:37:39Z,43.82341667,16.63741667,3772.0,3703.0,27.147
3,2018-05-24T11:37:40Z,43.82336667,16.63751667,3773.0,3704.0,27.139
3,2018-05-24T11:37:41Z,43.82330000,16.63760000,3774.0,3705.0,27.13
3,2018-05-24T11:37:42Z,43.82325000,16.63770000,3775.0,3706.0,27.122
3,2018-05-24T11:37:43Z,43.82321667,16.63778333,3776.0,3707.0,27.117
3,2018-05-24T11:37:44Z,43.82318333,16.63790000,3777.0,3708.0,27.111
3,2018-05-24T11:37:45Z,43.82315000,16.63803333,3778.0,3709.0,27.104
3,2018-05-24T11:37:46Z,43.82308333,16.63815000,3779.0,3710.0,27.094
3,2018-05-24T11:37:47Z,43.82300000,16.63826667,3780.0,3711.0,27.083
3,2018-05-24T11:37:48Z,43.82291667,16.63835000,3781.0,3712.0,27.072
3,2018-05-24T11:37:49Z,43.82283333,16.63843333,3782.0,3713.0,27.061
3,2018-05-24T11:37:50Z,43.82275000,16.63853333,3783.0,3714.0,27.05
3,2018-05-24T11:37:51Z,43.82273333,16.63863333,3784.0,3715.0,27.046
3,2018-05-24T11:37:52Z,43.82268333,16.63873333,3785.0,3716.0,27.038
3,2018-05-24T11:37:53Z,43.82263333,16.63885000,3786.0,3717.0,27.03
3,2018-05-24T11:37:54Z,43.82258333,16.63900000,3787.0,3718.0,27.022
3,2018-05-24T11:37:55Z,43.82255000,16.63915000,3788.0,3719.0,27.015
3,2018-05-24T11:37:56Z,43.82250000,16.63930000,3789.0,3720.0,27.006
3,2018-05-24T11:37:57Z,43.82246667,16.63945000,3790.0,3721.0,26.999
3,2018-05-24T11:37:58Z,43.82241667,16.63956667,3791.0,3722.0,26.991
3,2018-05-24T11:37:59Z,43.82236667,16.63970000,3792.0,3723.0,26.983
3,2018-05-24T11:38:00Z,43.82230000,16.63981667,3793.0,3724.0,26.973
3,2018-05-24T11:38:01Z,43.82225000,16.63995000,3794.0,3725.0,26.965
3,2018-05-24T11:38:02Z,43.82218333,16.64008333,3795.0,3726.0,26.955
3,2018-05-24T11:38:03Z,43.82211667,16.64020000,3796.0,3727.0,26.946
3,2018-05-24T11:38:04Z,43.82206667,16.64033333,3797.0,3728.0,26.938
3,2018-05-24T11:38:05Z,43.82200000,16.64045000,3798.0,3729.0,26.928
3,2018-05-24T11:38:06Z,43.82195000,16.64058333,3799.0,3730.0,26.92
3,2018-05-24T11:38:07Z,43.82190000,16.64070000,3800.0,3731.0,26.912
3,2018-05-24T11:38:08Z,43.82183333,16.64080000,3801.0,3732.0,26.903
3,2018-05-24T11:38:09Z,43.82176667,16.64091667,3802.0,3733.0,26.893
3,2018-05-24T11:38:10Z,43.82170000,16.64103333,3803.0,3734.0,26.884
3,2018-05-24T11:38:11Z,43.82163333,16.64115000,3804.0,3735.0,26.874
3,2018-05-24T11:38:12Z,43.82158333,16.64126667,3805.0,3736.0,26.867
3,2018-05-24T11:38:13Z,43.82151667,16.64138333,3806.0,3737.0,26.857
3,2018-05-24T11:38:14Z,43.82145000,16.64146667,3807.0,3738.0,26.848
3,2018-05-24T11:38:15Z,43.82140000,16.64155000,3808.0,3739.0,26.841
3,2018-05-24T11:38:16Z,43.82135000,16.64161667,3809.0,3740.0,26.835
3,2018-05-24T11:38:17Z,43.82131667,16.64171667,3810.0,3741.0,26.829
3,2018-05-24T11:38:18Z,43.82126667,16.64181667,3811.0,3742.0,26.822
3,2018-05-24T11:38:19Z,43.82121667,16.64191667,3812.0,3743.0,26.814
3,2018-05-24T11:38:20Z,43.82115000,16.64201667,3813.0,3744.0,26.805
3,2018-05-24T11:38:21Z,43.82110000,16.64210000,3814.0,3745.0,26.798
3,2018-05-24T11:38:22Z,43.82103333,16.64216667,3815.0,3746.0,26.79
3,2018-05-24T11:38:23Z,43.82095000,16.64223333,3816.0,3747.0,26.78
3,2018-05-24T11:38:24Z,43.82086667,16.64226667,3817.0,3748.0,26.77
3,2018-05-24T11:38:25Z,43.82078333,16.64230000,3818.0,3749.0,26.76
3,2018-05-24T11:38:26Z,43.82070000,16.64231667,3819.0,3750.0,26.751
3,2018-05-24T11:38:27Z,43.82061667,16.64236667,3820.0,3751.0,26.741
3,2018-05-24T11:38:28Z,43.82055000,16.64243333,3821.0,3752.0,26.733
3,2018-05-24T11:38:29Z,43.82050000,16.64251667,3822.0,3753.0,26.726
3,2018-05-24T11:38:30Z,43.82043333,16.64260000,3823.0,3754.0,26.717
3,2018-05-24T11:38:31Z,43.82038333,16.64270000,3824.0,3755.0,26.71
3,2018-05-24T11:38:32Z,43.82033333,16.64276667,3825.0,3756.0,26.703
3,2018-05-24T11:38:33Z,43.82030000,16.64285000,3826.0,3757.0,26.698
3,2018-05-24T11:38:34Z,43.82026667,16.64295000,3827.0,3758.0,26.692
3,2018-05-24T11:38:35Z,43.82023333,16.64303333,3828.0,3759.0,26.687
3,2018-05-24T11:38:36Z,43.82018333,16.64311667,3829.0,3760.0,26.68
3,2018-05-24T11:38:37Z,43.82010000,16.64320000,3830.0,3761.0,26.67
3,2018-05-24T11:38:38Z,43.82003333,16.64326667,3831.0,3762.0,26.661
3,2018-05-24T11:38:39Z,43.81996667,16.64335000,3832.0,3763.0,26.653
3,2018-05-24T11:38:40Z,43.81990000,16.64343333,3833.0,3764.0,26.644
3,2018-05-24T11:38:41Z,43.81985000,16.64350000,3834.0,3765.0,26.637
3,2018-05-24T11:38:42Z,43.81980000,16.64358333,3835.0,3766.0,26.631
3,2018-05-24T11:38:43Z,43.81975000,16.64366667,3836.0,3767.0,26.624
3,2018-05-24T11:38:44Z,43.81971667,16.64375000,3837.0,3768.0,26.619
3,2018-05-24T11:38:45Z,43.81968333,16.64386667,3838.0,3769.0,26.613
3,2018-05-24T11:38:46Z,43.81965000,16.64398333,3839.0,3770.0,26.607
3,2018-05-24T11:38:47Z,43.81961667,16.64411667,3840.0,3771.0,26.601
3,2018-05-24T11:38:48Z,43.81958333,16.64423333,3841.0,3772.0,26.596
3,2018-05-24T11:38:49Z,43.81953333,16.64433333,3842.0,3773.0,26.589
3,2018-05-24T11:38:50Z,43.81950000,16.64443333,3843.0,3774.0,26.584
3,2018-05-24T11:38:51Z,43.81946667,16.64451667,3844.0,3775.0,26.579
3,2018-05-24T11:38:52Z,43.81943333,16.64460000,3845.0,3776.0,26.574
3,2018-05-24T11:38:53Z,43.81938333,16.64466667,3846.0,3777.0,26.567
3,2018-05-24T11:38:54Z,43.81930000,16.64473333,3847.0,3778.0,26.557
3,2018-05-24T11:38:55Z,43.81923333,16.64481667,3848.0,3779.0,26.548
3,2018-05-24T11:38:56Z,43.81916667,16.64490000,3849.0,3780.0,26.54
3,2018-05-24T11:38:57Z,43.81911667,16.64503333,3850.0,3781.0,26.532
3,2018-05-24T11:38:58Z,43.81908333,16.64516667,3851.0,3782.0,26.526
3,2018-05-24T11:38:59Z,43.81905000,16.64530000,3852.0,3783.0,26.521
3,2018-05-24T11:39:00Z,43.81901667,16.64543333,3853.0,3784.0,26.515
3,2018-05-24T11:39:01Z,43.81898333,16.64555000,3854.0,3785.0,26.51
3,2018-05-24T11:39:02Z,43.81893333,16.64566667,3855.0,3786.0,26.503
3,2018-05-24T11:39:03Z,43.81888333,16.64578333,3856.0,3787.0,26.495
3,2018-05-24T11:39:04Z,43.81883333,16.64590000,3857.0,3788.0,26.488
3,2018-05-24T11:39:05Z,43.81878333,16.64603333,3858.0,3789.0,26.481
3,2018-05-24T11:39:06Z,43.81873333,16.64615000,3859.0,3790.0,26.474
3,2018-05-24T11:39:07Z,43.81868333,16.64626667,3860.0,3791.0,26.467
3,2018-05-24T11:39:08Z,43.81863333,16.64640000,3861.0,3792.0,26.459
3,2018-05-24T11:39:09Z,43.81860000,16.64651667,3862.0,3793.0,26.454
3,2018-05-24T11:39:10Z,43.81856667,16.64665000,3863.0,3794.0,26.449
3,2018-05-24T11:39:11Z,43.81855000,16.64676667,3864.0,3795.0,26.445
3,2018-05-24T11:39:12Z,43.81850000,16.64688333,3865.0,3796.0,26.438
3,2018-05-24T11:39:13Z,43.81846667,16.64700000,3866.0,3797.0,26.433
3,2018-05-24T11:39:14Z,43.81841667,16.64713333,3867.0,3798.0,26.426
3,2018-05-24T11:39:15Z,43.81838333,16.64725000,3868.0,3799.0,26.421
3,2018-05-24T11:39:16Z,43.81833333,16.64736667,3869.0,3800.0,26.414
3,2018-05-24T11:39:17Z,43.81830000,16.64748333,3870.0,3801.0,26.409
3,2018-05-24T11:39:18Z,43.81825000,16.64756667,3871.0,3802.0,26.402
3,2018-05-24T11:39:19Z,43.81820000,16.64766667,3872.0,3803.0,26.395
3,2018-05-24T11:39:20Z,43.81815000,16.64773333,3873.0,3804.0,26.389
3,2018-05-24T11:39:21Z,43.81811667,16.64776667,3874.0,3805.0,26.385
3,2018-05-24T11:39:22Z,43.81806667,16.64776667,3875.0,3806.0,26.38
3,2018-05-24T11:39:23Z,43.81801667,16.64771667,3876.0,3807.0,26.375
3,2018-05-24T11:39:24Z,43.81800000,16.64765000,3877.0,3808.0,26.374
3,2018-05-24T11:39:25Z,43.81798333,16.64755000,3878.0,3809.0,26.373
3,2018-05-24T11:39:26Z,43.81798333,16.64745000,3879.0,3810.0,26.374
3,2018-05-24T11:39:27Z,43.81806667,16.64733333,3880.0,3811.0,26.385
3,2018-05-24T11:39:28Z,43.81816667,16.64721667,3881.0,3812.0,26.397
3,2018-05-24T11:39:29Z,43.81823333,16.64711667,3882.0,3813.0,26.406
3,2018-05-24T11:39:30Z,43.81831667,16.64708333,3883.0,3814.0,26.415
3,2018-05-24T11:39:31Z,43.81838333,16.64703333,3884.0,3815.0,26.423
3,2018-05-24T11:39:32Z,43.81845000,16.64698333,3885.0,3816.0,26.431
3,2018-05-24T11:39:33Z,43.81850000,16.64691667,3886.0,3817.0,26.438
3,2018-05-24T11:39:34Z,43.81853333,16.64683333,3887.0,3818.0,26.443
3,2018-05-24T11:39:35Z,43.81853333,16.64671667,3888.0,3819.0,26.444
3,2018-05-24T11:39:36Z,43.81850000,16.64663333,3889.0,3820.0,26.441
3,2018-05-24T11:39:37Z,43.81845000,16.64656667,3890.0,3821.0,26.437
3,2018-05-24T11:39:38Z,43.81840000,16.64653333,3891.0,3822.0,26.432
3,2018-05-24T11:39:39Z,43.81835000,16.64653333,3892.0,3823.0,26.426
3,2018-05-24T11:39:40Z,43.81828333,16.64656667,3893.0,3824.0,26.419
3,2018-05-24T11:39:41Z,43.81823333,16.64663333,3894.0,3825.0,26.412
3,2018-05-24T11:39:42Z,43.81818333,16.64673333,3895.0,3826.0,26.405
3,2018-05-24T11:39:43Z,43.81813333,16.64683333,3896.0,3827.0,26.399
3,2018-05-24T11:39:44Z,43.81810000,16.64693333,3897.0,3828.0,26.394
3,2018-05-24T11:39:45Z,43.81805000,16.64700000,3898.0,3829.0,26.387
3,2018-05-24T11:39:46Z,43.81800000,16.64706667,3899.0,3830.0,26.381
3,2018-05-24T11:39:47Z,43.81793333,16.64713333,3900.0,3831.0,26.373
3,2018-05-24T11:39:48Z,43.81786667,16.64716667,3901.0,3832.0,26.365
3,2018-05-24T11:39:49Z,43.81780000,16.64720000,3902.0,3833.0,26.357
3,2018-05-24T11:39:50Z,43.81775000,16.64720000,3903.0,3834.0,26.352
3,2018-05-24T11:39:51Z,43.81768333,16.64720000,3904.0,3835.0,26.344
3,2018-05-24T11:39:52Z,43.81763333,16.64716667,3905.0,3836.0,26.339
3,2018-05-24T11:39:53Z,43.81758333,16.64710000,3906.0,3837.0,26.335
3,2018-05-24T11:39:54Z,43.81755000,16.64701667,3907.0,3838.0,26.332
3,2018-05-24T11:39:55Z,43.81755000,16.64691667,3908.0,3839.0,26.334
3,2018-05-24T11:39:56Z,43.81760000,16.64683333,3909.0,3840.0,26.34
3,2018-05-24T11:39:57Z,43.81766667,16.64676667,3910.0,3841.0,26.348
3,2018-05-24T11:39:58Z,43.81775000,16.64675000,3911.0,3842.0,26.358
3,2018-05-24T11:39:59Z,43.81786667,16.64678333,3912.0,3843.0,26.37
3,2018-05-24T11:40:00Z,43.81798333,16.64686667,3913.0,3844.0,26.382
3,2018-05-24T11:40:01Z,43.81808333,16.64698333,3914.0,3845.0,26.391
3,2018-05-24T11:40:02Z,43.81815000,16.64711667,3915.0,3846.0,26.397
3,2018-05-24T11:40:03Z,43.81818333,16.64728333,3916.0,3847.0,26.398
3,2018-05-24T11:40:04Z,43.81815000,16.64743333,3917.0,3848.0,26.393
3,2018-05-24T11:40:05Z,43.81810000,16.64755000,3918.0,3849.0,26.386
3,2018-05-24T11:40:06Z,43.81803333,16.64763333,3919.0,3850.0,26.378
3,2018-05-24T11:40:07Z,43.81796667,16.64771667,3920.0,3851.0,26.369
3,2018-05-24T11:40:08Z,43.81791667,16.64778333,3921.0,3852.0,26.363
3,2018-05-24T11:40:09Z,43.81786667,16.64785000,3922.0,3853.0,26.357
3,2018-05-24T11:40:10Z,43.81781667,16.64790000,3923.0,3854.0,26.35
3,2018-05-24T11:40:11Z,43.81773333,16.64791667,3924.0,3855.0,26.341
3,2018-05-24T11:40:12Z,43.81765000,16.64791667,3925.0,3856.0,26.332
3,2018-05-24T11:40:13Z,43.81760000,16.64790000,3926.0,3857.0,26.327
3,2018-05-24T11:40:14Z,43.81753333,16.64783333,3927.0,3858.0,26.32
3,2018-05-24T11:40:15Z,43.81750000,16.64775000,3928.0,3859.0,26.317
3,2018-05-24T11:40:16Z,43.81750000,16.64765000,3929.0,3860.0,26.319
3,2018-05-24T11:40:17Z,43.81753333,16.64755000,3930.0,3861.0,26.324
3,2018-05-24T11:40:18Z,43.81758333,16.64745000,3931.0,3862.0,26.33
3,2018-05-24T11:40:19Z,43.81763333,16.64736667,3932.0,3863.0,26.337
3,2018-05-24T11:40:20Z,43.81770000,16.64728333,3933.0,3864.0,26.345
3,2018-05-24T11:40:21Z,43.81778333,16.64721667,3934.0,3865.0,26.355
3,2018-05-24T11:40:22Z,43.81785000,16.64715000,3935.0,3866.0,26.363
3,2018-05-24T11:40:23Z,43.81791667,16.64708333,3936.0,3867.0,26.372
3,2018-05-24T11:40:24Z,43.81798333,16.64703333,3937.0,3868.0,26.38
3,2018-05-24T11:40:25Z,43.81805000,16.64695000,3938.0,3869.0,26.388
3,2018-05-24T11:40:26Z,43.81811667,16.64686667,3939.0,3870.0,26.396
3,2018-05-24T11:40:27Z,43.81816667,16.64675000,3940.0,3871.0,26.403
3,2018-05-24T11:40:28Z,43.81820000,16.64665000,3941.0,3872.0,26.408
3,2018-05-24T11:40:29Z,43.81823333,16.64656667,3942.0,3873.0,26.413
3,2018-05-24T11:40:30Z,43.81825000,16.64648333,3943.0,3874.0,26.416
3,2018-05-24T11:40:31Z,43.81826667,16.64640000,3944.0,3875.0,26.419
3,2018-05-24T11:40:32Z,43.81828333,16.64631667,3945.0,3876.0,26.422
3,2018-05-24T11:40:33Z,43.81828333,16.64623333,3946.0,3877.0,26.423
3,2018-05-24T11:40:34Z,43.81828333,16.64613333,3947.0,3878.0,26.425
3,2018-05-24T11:40:35Z,43.81828333,16.64603333,3948.0,3879.0,26.426
3,2018-05-24T11:40:36Z,43.81826667,16.64595000,3949.0,3880.0,26.425
3,2018-05-24T11:40:37Z,43.81823333,16.64588333,3950.0,3881.0,26.423
3,2018-05-24T11:40:38Z,43.81816667,16.64583333,3951.0,3882.0,26.416
3,2018-05-24T11:40:39Z,43.81810000,16.64585000,3952.0,3883.0,26.409
3,2018-05-24T11:40:40Z,43.81803333,16.64588333,3953.0,3884.0,26.401
3,2018-05-24T11:40:41Z,43.81795000,16.64595000,3954.0,3885.0,26.391
3,2018-05-24T11:40:42Z,43.81790000,16.64605000,3955.0,3886.0,26.384
3,2018-05-24T11:40:43Z,43.81785000,16.64616667,3956.0,3887.0,26.377
3,2018-05-24T11:40:44Z,43.81780000,16.64626667,3957.0,3888.0,26.37
3,2018-05-24T11:40:45Z,43.81775000,16.64638333,3958.0,3889.0,26.363
3,2018-05-24T11:40:46Z,43.81770000,16.64646667,3959.0,3890.0,26.356
3,2018-05-24T11:40:47Z,43.81765000,16.64653333,3960.0,3891.0,26.35
3,2018-05-24T11:40:48Z,43.81755000,16.64655000,3961.0,3892.0,26.339
3,2018-05-24T11:40:49Z,43.81748333,16.64656667,3962.0,3893.0,26.331
3,2018-05-24T11:40:50Z,43.81740000,16.64656667,3963.0,3894.0,26.322
3,2018-05-24T11:40:51Z,43.81731667,16.64653333,3964.0,3895.0,26.313
3,2018-05-24T11:40:52Z,43.81723333,16.64646667,3965.0,3896.0,26.305
3,2018-05-24T11:40:53Z,43.81720000,16.64636667,3966.0,3897.0,26.303
3,2018-05-24T11:40:54Z,43.81718333,16.64628333,3967.0,3898.0,26.302
3,2018-05-24T11:40:55Z,43.81721667,16.64618333,3968.0,3899.0,26.307
3,2018-05-24T11:40:56Z,43.81726667,16.64610000,3969.0,3900.0,26.314
3,2018-05-24T11:40:57Z,43.81731667,16.64603333,3970.0,3901.0,26.32
3,2018-05-24T11:40:58Z,43.81738333,16.64598333,3971.0,3902.0,26.328
3,2018-05-24T11:40:59Z,43.81745000,16.64593333,3972.0,3903.0,26.336
3,2018-05-24T11:41:00Z,43.81750000,16.64590000,3973.0,3904.0,26.342
3,2018-05-24T11:41:01Z,43.81753333,16.64585000,3974.0,3905.0,26.347
3,2018-05-24T11:41:02Z,43.81756667,16.64581667,3975.0,3906.0,26.351
3,2018-05-24T11:41:03Z,43.81758333,16.64580000,3976.0,3907.0,26.353
3,2018-05-24T11:41:04Z,43.81760000,16.64580000,3977.0,3908.0,26.355
3,2018-05-24T11:41:05Z,43.81761667,16.64580000,3978.0,3909.0,26.357
3,2018-05-24T11:41:06Z,43.81761667,16.64581667,3979.0,3910.0,26.356
3,2018-05-24T11:41:07Z,43.81761667,16.64581667,3980.0,3911.0,26.356
3,2018-05-24T11:41:08Z,43.81761667,16.64581667,3981.0,3912.0,26.356
3,2018-05-24T11:41:09Z,43.81761667,16.64581667,3982.0,3913.0,26.356
3,2018-05-24T11:41:10Z,43.81761667,16.64581667,3983.0,3914.0,26.356
3,2018-05-24T11:41:11Z,43.81761667,16.64581667,3984.0,3915.0,26.356
