leg,tickLead,tickRace,distance,area
0,-1717.0,-1812.0,41.552,0.0
0,-1716.0,-1811.0,41.551,0.0
0,-1715.0,-1810.0,41.549,0.0
0,-1714.0,-1809.0,41.545,0.0
0,-1713.0,-1808.0,41.542,0.0
0,-1712.0,-1807.0,41.536,0.0
0,-1711.0,-1806.0,41.531,0.0
0,-1710.0,-1805.0,41.528,0.0
0,-1709.0,-1804.0,41.525,0.0
0,-1708.0,-1803.0,41.523,0.0
0,-1707.0,-1802.0,41.522,0.0
1,-1082.0,-1177.0,41.519,0.0
1,-1081.0,-1176.0,41.514,0.0
1,-1080.0,-1175.0,41.508,0.0
1,-1079.0,-1174.0,41.503,0.0
1,-1078.0,-1173.0,41.498,0.0
1,-1077.0,-1172.0,41.495,0.0
1,-1076.0,-1171.0,41.493,0.0
1,-1075.0,-1170.0,41.491,0.0
1,-1074.0,-1169.0,41.488,0.0
1,-1073.0,-1168.0,41.484,0.0
1,-1072.0,-1167.0,41.48,0.0
1,-1071.0,-1166.0,41.476,0.0
1,-1070.0,-1165.0,41.475,0.0
1,-1069.0,-1164.0,41.472,0.0
1,-1068.0,-1163.0,41.469,0.0
1,-1067.0,-1162.0,41.466,0.0
1,-1066.0,-1161.0,41.462,0.0
1,-1065.0,-1160.0,41.457,0.0
1,-1064.0,-1159.0,41.454,0.0
1,-1063.0,-1158.0,41.449,0.0
1,-1062.0,-1157.0,41.444,0.0
1,-1061.0,-1156.0,41.438,0.0
1,-1060.0,-1155.0,41.432,0.0
1,-1059.0,-1154.0,41.427,0.0
1,-1058.0,-1153.0,41.42,0.0
1,-1057.0,-1152.0,41.415,0.0
1,-1056.0,-1151.0,41.409,0.0
1,-1055.0,-1150.0,41.401,0.0
1,-1054.0,-1149.0,41.395,0.0
1,-1053.0,-1148.0,41.388,0.0
1,-1052.0,-1147.0,41.382,0.0
1,-1051.0,-1146.0,41.377,0.0
1,-1050.0,-1145.0,41.37,0.0
1,-1049.0,-1144.0,41.364,0.0
1,-1048.0,-1143.0,41.358,0.0
1,-1047.0,-1142.0,41.352,0.0
1,-1046.0,-1141.0,41.347,0.0
1,-1045.0,-1140.0,41.343,0.0
1,-1044.0,-1139.0,41.339,0.0
1,-1043.0,-1138.0,41.335,0.0
1,-1042.0,-1137.0,41.33,0.0
1,-1041.0,-1136.0,41.325,0.0
1,-1040.0,-1135.0,41.319,0.0
1,-1039.0,-1134.0,41.314,0.0
1,-1038.0,-1133.0,41.308,0.0
1,-1037.0,-1132.0,41.302,0.0
1,-1036.0,-1131.0,41.295,0.0
1,-1035.0,-1130.0,41.289,0.0
1,-1034.0,-1129.0,41.284,0.0
1,-1033.0,-1128.0,41.277,0.0
1,-1032.0,-1127.0,41.272,0.0
1,-1031.0,-1126.0,41.266,0.0
1,-1030.0,-1125.0,41.26,0.0
1,-1029.0,-1124.0,41.254,0.0
1,-1028.0,-1123.0,41.249,0.0
1,-1027.0,-1122.0,41.243,0.0
1,-1026.0,-1121.0,41.237,0.0
1,-1025.0,-1120.0,41.232,0.0
1,-1024.0,-1119.0,41.225,0.0
1,-1023.0,-1118.0,41.219,0.0
1,-1022.0,-1117.0,41.213,0.0
1,-1021.0,-1116.0,41.208,0.0
1,-1020.0,-1115.0,41.2,0.0
1,-1019.0,-1114.0,41.197,0.0
1,-1018.0,-1113.0,41.19,0.0
1,-1017.0,-1112.0,41.183,0.0
1,-1016.0,-1111.0,41.175,0.0
1,-1015.0,-1110.0,41.168,0.0
1,-1014.0,-1109.0,41.162,0.0
1,-1013.0,-1108.0,41.155,0.0
1,-1012.0,-1107.0,41.148,0.0
1,-1011.0,-1106.0,41.14,0.0
1,-1010.0,-1105.0,41.134,0.0
1,-1009.0,-1104.0,41.126,0.0
1,-1008.0,-1103.0,41.12,0.0
1,-1007.0,-1102.0,41.112,0.0
1,-1006.0,-1101.0,41.104,0.0
1,-1005.0,-1100.0,41.097,0.0
1,-1004.0,-1099.0,41.089,0.0
1,-1003.0,-1098.0,41.083,0.0
1,-1002.0,-1097.0,41.076,0.0
1,-1001.0,-1096.0,41.07,0.0
1,-1000.0,-1095.0,41.065,0.0
1,-999.0,-1094.0,41.058,0.0
1,-998.0,-1093.0,41.054,0.0
1,-997.0,-1092.0,41.05,0.0
1,-996.0,-1091.0,41.047,0.0
1,-995.0,-1090.0,41.045,0.0
1,-994.0,-1089.0,41.042,0.0
1,-993.0,-1088.0,41.038,0.0
1,-992.0,-1087.0,41.036,0.0
1,-991.0,-1086.0,41.033,0.0
1,-990.0,-1085.0,41.029,0.0
1,-989.0,-1084.0,41.024,0.0
1,-988.0,-1083.0,41.021,0.0
1,-987.0,-1082.0,41.018,0.0
1,-986.0,-1081.0,41.016,0.0
1,-985.0,-1080.0,41.012,0.0
1,-984.0,-1079.0,41.011,0.0
1,-983.0,-1078.0,41.008,0.0
1,-982.0,-1077.0,41.003,0.0
1,-981.0,-1076.0,40.998,0.0
1,-980.0,-1075.0,40.992,0.0
1,-979.0,-1074.0,40.988,0.0
1,-937.0,-1032.0,40.987,0.0
1,-936.0,-1031.0,40.982,0.0
1,-935.0,-1030.0,40.98,0.0
1,-934.0,-1029.0,40.976,0.0
1,-933.0,-1028.0,40.973,0.0
1,-932.0,-1027.0,40.969,0.0
1,-931.0,-1026.0,40.967,0.0
1,-930.0,-1025.0,40.964,0.0
1,-929.0,-1024.0,40.963,0.0
1,-927.0,-1022.0,40.961,0.0
1,-926.0,-1021.0,40.956,0.0
1,-925.0,-1020.0,40.949,0.0
1,-924.0,-1019.0,40.943,0.0
1,-923.0,-1018.0,40.938,0.0
1,-922.0,-1017.0,40.936,0.0
1,-661.0,-756.0,40.932,0.0
1,-660.0,-755.0,40.926,0.0
1,-659.0,-754.0,40.919,0.0
1,-658.0,-753.0,40.916,0.0
1,-639.0,-734.0,40.915,0.0
1,-638.0,-733.0,40.908,0.0
1,-637.0,-732.0,40.902,0.0
1,-595.0,-690.0,40.901,0.0
1,-594.0,-689.0,40.9,0.0
1,-593.0,-688.0,40.896,0.0
1,-592.0,-687.0,40.89,0.0
1,-591.0,-686.0,40.884,0.0
1,-590.0,-685.0,40.876,0.0
1,-589.0,-684.0,40.87,0.0
1,-566.0,-661.0,40.867,0.0
1,-565.0,-660.0,40.864,0.0
1,-564.0,-659.0,40.858,0.0
1,-563.0,-658.0,40.852,0.0
1,-562.0,-657.0,40.845,0.0
1,-561.0,-656.0,40.839,0.0
1,-560.0,-655.0,40.831,0.0
1,-559.0,-654.0,40.824,0.0
1,-558.0,-653.0,40.816,0.0
1,-557.0,-652.0,40.806,0.0
1,-556.0,-651.0,40.794,0.0
1,-555.0,-650.0,40.784,0.0
1,-554.0,-649.0,40.777,0.0
1,-553.0,-648.0,40.768,0.0
1,-552.0,-647.0,40.764,0.0
1,-551.0,-646.0,40.759,0.0
1,-550.0,-645.0,40.752,0.0
1,-549.0,-644.0,40.745,0.0
1,-548.0,-643.0,40.736,0.0
1,-547.0,-642.0,40.731,0.0
1,-546.0,-641.0,40.728,0.0
1,-545.0,-640.0,40.726,0.0
1,-544.0,-639.0,40.723,0.0
1,-543.0,-638.0,40.719,0.0
1,-542.0,-637.0,40.713,0.0
1,-541.0,-636.0,40.71,0.0
1,-540.0,-635.0,40.706,0.0
1,-539.0,-634.0,40.702,0.0
1,-538.0,-633.0,40.699,0.0
1,-537.0,-632.0,40.694,0.0
1,-536.0,-631.0,40.686,0.0
1,-535.0,-630.0,40.681,0.0
1,-534.0,-629.0,40.68,0.0
1,-520.0,-615.0,40.675,0.0
1,-519.0,-614.0,40.668,0.0
1,-518.0,-613.0,40.662,0.0
1,-517.0,-612.0,40.654,0.0
1,-516.0,-611.0,40.648,0.0
1,-515.0,-610.0,40.644,0.0
1,-514.0,-609.0,40.637,0.0
1,-513.0,-608.0,40.632,0.0
1,-512.0,-607.0,40.626,0.0
1,-511.0,-606.0,40.621,0.0
1,-510.0,-605.0,40.617,0.0
1,-509.0,-604.0,40.613,0.0
1,-508.0,-603.0,40.608,0.0
1,-507.0,-602.0,40.6,0.0
1,-506.0,-601.0,40.593,0.0
1,-505.0,-600.0,40.585,0.0
1,-504.0,-599.0,40.579,0.0
1,-503.0,-598.0,40.577,0.0
1,-494.0,-589.0,40.576,0.0
1,-493.0,-588.0,40.568,0.0
1,-492.0,-587.0,40.562,0.0
1,-491.0,-586.0,40.56,0.0
1,-490.0,-585.0,40.558,0.0
1,-489.0,-584.0,40.556,0.0
1,-488.0,-583.0,40.555,0.0
1,-487.0,-582.0,40.552,0.0
1,-486.0,-581.0,40.55,0.0
1,-481.0,-576.0,40.549,0.0
1,-480.0,-575.0,40.541,0.0
1,-479.0,-574.0,40.533,0.0
1,-478.0,-573.0,40.53,0.0
1,-437.0,-532.0,40.525,0.0
1,-436.0,-531.0,40.517,0.0
1,-435.0,-530.0,40.514,0.0
2,376.0,281.0,40.512,1.996816274307807e-11
2,377.0,282.0,40.505,7.00666599051386e-11
2,378.0,283.0,40.497,8.027372127964901e-11
2,379.0,284.0,40.489,8.047018752815546e-11
2,380.0,285.0,40.482,7.0584120367442e-11
2,381.0,286.0,40.474,8.086486608886775e-11
2,382.0,287.0,40.467,7.092932646790855e-11
2,383.0,288.0,40.457,1.0157152726004843e-10
2,384.0,289.0,40.449,8.145126034639985e-11
2,385.0,290.0,40.44,9.185199059702187e-11
2,386.0,291.0,40.433,7.161182894784906e-11
2,387.0,292.0,40.426,7.178492291464047e-11
2,388.0,293.0,40.42,6.167900804776725e-11
2,389.0,294.0,40.414,6.182879593120476e-11
2,390.0,295.0,40.406,8.263600389219865e-11
2,391.0,296.0,40.397,9.318427259284328e-11
2,392.0,297.0,40.388,9.340178434899071e-11
2,393.0,298.0,40.381,7.281672858370553e-11
2,394.0,299.0,40.372,9.384113762735097e-11
2,395.0,300.0,40.363,9.405834264257823e-11
2,396.0,301.0,40.354,9.42754414782562e-11
2,397.0,302.0,40.345,9.44924341343849e-11
2,398.0,303.0,40.336,9.47093206109643e-11
2,399.0,304.0,40.327,9.49261009079944e-11
2,400.0,305.0,40.317,1.0571288361409204e-10
2,401.0,306.0,40.308,9.53569775190032e-11
2,402.0,307.0,40.3,8.495521693349653e-11
2,403.0,308.0,40.291,9.579216030062198e-11
2,404.0,309.0,40.283,8.534186779586345e-11
2,405.0,310.0,40.273,1.0691749715505194e-10
2,406.0,311.0,40.263,1.0715488054501047e-10
2,407.0,312.0,40.255,8.591584035698702e-11
2,408.0,313.0,40.245,1.0763460237040902e-10
2,409.0,314.0,40.235,1.0787160561121132e-10
2,410.0,315.0,40.226,9.729883925671625e-11
2,411.0,316.0,40.218,8.668048517145824e-11
2,412.0,317.0,40.208,1.0858992992509794e-10
2,413.0,318.0,40.199,9.794500375220128e-11
2,414.0,319.0,40.189,1.0906550943713814e-10
2,415.0,320.0,40.18,9.837280115628073e-11
2,416.0,321.0,40.169,1.2049315028305052e-10
2,417.0,322.0,40.16,9.879769042048247e-11
2,418.0,323.0,40.15,1.100124343879877e-10
2,419.0,324.0,40.143,7.717659524045988e-11
2,420.0,325.0,40.135,8.839581185769985e-11
2,421.0,326.0,40.126,9.966095375164549e-11
2,422.0,327.0,40.116,1.1097114395794953e-10
2,423.0,328.0,40.108,8.89673252480281e-11
2,424.0,329.0,40.097,1.2259022784200767e-10
2,425.0,330.0,40.087,1.1167925668300654e-10
2,426.0,331.0,40.077,1.1191411011580641e-10
2,427.0,332.0,40.067,1.1214883246258394e-10
2,428.0,333.0,40.058,1.011463437081076e-10
2,429.0,334.0,40.049,1.013598914277483e-10
2,430.0,335.0,40.039,1.1285784968009782e-10
2,431.0,336.0,40.031,9.047590855400216e-11
2,432.0,337.0,40.022,1.0199989750937465e-10
2,433.0,338.0,40.014,9.085715343536093e-11
2,434.0,339.0,40.004,1.1380813042912919e-10
2,435.0,340.0,39.994,1.1404184996905098e-10
2,436.0,341.0,39.985,1.0284918053321479e-10
2,437.0,342.0,39.978,8.016123944971692e-11
2,438.0,343.0,39.971,8.033060795635437e-11
2,439.0,344.0,39.965,6.900078796957076e-11
2,440.0,345.0,39.956,1.0371748149410512e-10
2,441.0,346.0,39.947,1.0392979045233747e-10
2,442.0,347.0,39.939,9.257181944885514e-11
2,443.0,348.0,39.933,6.957374854791158e-11
2,444.0,349.0,39.928,5.8100997123934906e-11
2,445.0,350.0,39.923,5.822456357433559e-11
2,446.0,351.0,39.917,7.001683973966435e-11
2,447.0,352.0,39.906,1.2862462497034097e-10
2,448.0,353.0,39.895,1.2887684629672385e-10
2,449.0,354.0,39.886,1.0565357414297355e-10
2,450.0,355.0,39.879,8.234150311455325e-11
2,451.0,356.0,39.869,1.1786699444930596e-10
2,452.0,357.0,39.861,9.448134197637356e-11
2,453.0,358.0,39.85,1.3016823376348006e-10
2,454.0,359.0,39.838,1.4227411516020634e-10
2,455.0,360.0,39.828,1.1879010765308383e-10
2,456.0,361.0,39.817,1.3092178314285009e-10
2,457.0,362.0,39.806,1.311726490414895e-10
2,458.0,363.0,39.799,8.363724754760804e-11
2,459.0,364.0,39.791,9.577607704836521e-11
2,460.0,365.0,39.781,1.199537896332227e-10
3,461.0,366.0,39.78,1.2019794033054268e-11
3,462.0,367.0,39.779,1.2045564530638539e-11
3,467.0,372.0,39.778,1.2175621697730292e-11
3,468.0,373.0,39.769,1.0980143989327583e-10
3,469.0,374.0,39.759,1.2223308440742179e-10
3,470.0,375.0,39.75,1.1021799996172236e-10
3,471.0,376.0,39.742,9.815901354953923e-11
3,472.0,377.0,39.737,6.146958265075501e-11
3,473.0,378.0,39.733,4.927427152881396e-11
3,474.0,379.0,39.727,7.405834799161966e-11
3,475.0,380.0,39.719,9.89353512229312e-11
3,476.0,381.0,39.71,1.1151272389141525e-10
3,477.0,382.0,39.703,8.689682108743362e-11
3,478.0,383.0,39.694,1.1193615023738237e-10
3,479.0,384.0,39.688,7.476608974368363e-11
3,480.0,385.0,39.681,8.739489263978238e-11
3,481.0,386.0,39.673,1.0006904469011844e-10
3,482.0,387.0,39.665,1.0025686975860386e-10
3,483.0,388.0,39.657,1.0044461093204786e-10
3,484.0,389.0,39.65,8.805434498142836e-11
3,485.0,390.0,39.642,1.0082238465973712e-10
3,486.0,391.0,39.636,7.575932077575048e-11
3,487.0,392.0,39.629,8.855321484668591e-11
3,488.0,393.0,39.619,1.2673716845385238e-10
3,489.0,394.0,39.61,1.1426978501764714e-10
3,490.0,395.0,39.6,1.2719556260928877e-10
3,491.0,396.0,39.593,8.919945373330828e-11
3,492.0,397.0,39.584,1.1489536837716196e-10
3,493.0,398.0,39.576,1.023148234308745e-10
3,494.0,399.0,39.566,1.2812380782461553e-10
3,495.0,400.0,39.556,1.2835072400840318e-10
3,496.0,401.0,39.546,1.2857750910614512e-10
3,497.0,402.0,39.539,9.016633454055993e-11
3,498.0,403.0,39.53,1.1613789915951615e-10
3,499.0,404.0,39.523,9.049254629943173e-11
3,500.0,405.0,39.514,1.1655712551442259e-10
3,501.0,406.0,39.504,1.2973573791446215e-10
3,502.0,407.0,39.496,1.0397206334919331e-10
3,503.0,408.0,39.486,1.3019430248152118e-10
3,504.0,409.0,39.476,1.3042010443528693e-10
3,505.0,410.0,39.468,1.0451926817702739e-10
3,506.0,411.0,39.459,1.1779164563966942e-10
3,507.0,412.0,39.45,1.1799751893744217e-10
3,508.0,413.0,39.441,1.1820328605566562e-10
3,509.0,414.0,39.432,1.1840894699433978e-10
3,510.0,415.0,39.421,1.4496960296246642e-10
3,511.0,416.0,39.41,1.4521333123584817e-10
3,512.0,417.0,39.398,1.5867824204319526e-10
3,513.0,418.0,39.385,1.7218253563217024e-10
3,514.0,419.0,39.372,1.7246123958007895e-10
3,515.0,420.0,39.361,1.461680931550366e-10
3,516.0,421.0,39.35,1.464109923102383e-10
3,517.0,422.0,39.341,1.1999246750036706e-10
3,518.0,423.0,39.334,9.34889793880916e-11
3,519.0,424.0,39.325,1.2040767083012823e-10
3,520.0,425.0,39.314,1.4741099523809895e-10
3,521.0,426.0,39.301,1.7449474868827174e-10
3,522.0,427.0,39.289,1.613299150511334e-10
3,523.0,428.0,39.279,1.3466143997728312e-10
3,524.0,429.0,39.268,1.4837114281998182e-10
3,525.0,430.0,39.258,1.351041366005872e-10
3,526.0,431.0,39.247,1.4885780629727225e-10
3,527.0,432.0,39.234,1.762034319428826e-10
3,528.0,433.0,39.222,1.6290604428075748e-10
3,529.0,434.0,39.212,1.3597400928097847e-10
3,530.0,435.0,39.2,1.6343140496032857e-10
3,531.0,436.0,39.191,1.2277193546093054e-10
3,532.0,437.0,39.181,1.3663703502344435e-10
3,533.0,438.0,39.17,1.5054290949897825e-10
3,534.0,439.0,39.158,1.644884499015172e-10
3,535.0,440.0,39.147,1.510190828301539e-10
3,536.0,441.0,39.137,1.3750980470131789e-10
3,537.0,442.0,39.125,1.6527316396166285e-10
3,538.0,443.0,39.116,1.2415237873064964e-10
3,539.0,444.0,39.104,1.657996808185484e-10
3,540.0,445.0,39.092,1.6605632072175224e-10
3,541.0,446.0,39.081,1.5245532443606938e-10
3,542.0,447.0,39.069,1.6657329714950554e-10
3,543.0,448.0,39.059,1.3902804117036466e-10
3,544.0,449.0,39.049,1.3924842272367593e-10
3,545.0,450.0,39.038,1.5341357586103783e-10
3,546.0,451.0,39.027,1.5365176706745379e-10
3,547.0,452.0,39.015,1.6787763032840893e-10
3,548.0,453.0,39.003,1.6813281517852997e-10
3,549.0,454.0,38.993,1.4032677436108802e-10
3,550.0,455.0,38.98,1.8270319961631637e-10
3,551.0,456.0,38.968,1.6890157084557527e-10
3,552.0,457.0,38.957,1.55061664347616e-10
3,553.0,458.0,38.944,1.835301347943634e-10
3,554.0,459.0,38.932,1.696643175368461e-10
3,555.0,460.0,38.919,1.8407567352097554e-10
3,556.0,461.0,38.907,1.7016749848834376e-10
3,557.0,462.0,38.895,1.7042098446557532e-10
3,558.0,463.0,38.883,1.7067428167936548e-10
3,559.0,464.0,38.872,1.5668545606942818e-10
3,560.0,465.0,38.86,1.711847143008219e-10
3,561.0,466.0,38.848,1.7143745308873342e-10
3,562.0,467.0,38.835,1.859951090890912e-10
3,563.0,468.0,38.823,1.7193793629316405e-10
3,564.0,469.0,38.811,1.7219010092499424e-10
3,565.0,470.0,38.799,1.7244207679318123e-10
3,566.0,471.0,38.786,1.8708260789804567e-10
3,567.0,472.0,38.774,1.7294100269755564e-10
3,568.0,473.0,38.763,1.5876175160340873e-10
3,569.0,474.0,38.752,1.589961360763505e-10
3,570.0,475.0,38.739,1.8817648010177752e-10
3,571.0,476.0,38.727,1.739499679657965e-10
3,572.0,477.0,38.715,1.7420062248837815e-10
3,573.0,478.0,38.704,1.5991556314575497e-10
3,574.0,479.0,38.692,1.7470587984005394e-10
3,575.0,480.0,38.68,1.7495597593696097e-10
3,576.0,481.0,38.669,1.6060746939781562e-10
3,577.0,482.0,38.658,1.6084054170126437e-10
3,578.0,483.0,38.647,1.6107345539102627e-10
3,579.0,484.0,38.634,1.9062967895330058e-10
3,580.0,485.0,38.622,1.7621274854293536e-10
3,581.0,486.0,38.61,1.7646172778828692e-10
3,582.0,487.0,38.6,1.4726257982358376e-10
3,583.0,488.0,38.588,1.7696829075505824e-10
3,584.0,489.0,38.576,1.7721671943978384e-10
3,585.0,490.0,38.566,1.4789130039552227e-10
3,586.0,491.0,38.555,1.6291415521858536e-10
3,587.0,492.0,38.543,1.7797472344441982e-10
3,588.0,493.0,38.532,1.6337267193930412e-10
3,589.0,494.0,38.522,1.487326619006419e-10
3,590.0,495.0,38.512,1.4894650882376556e-10
3,591.0,496.0,38.504,1.1933127859869316e-10
3,592.0,497.0,38.494,1.4938156969553135e-10
3,593.0,498.0,38.485,1.3463728183584948e-10
3,594.0,499.0,38.473,1.7977004658953235e-10
3,595.0,500.0,38.462,1.650172997589841e-10
3,596.0,501.0,38.451,1.6524737281809063e-10
3,597.0,502.0,38.441,1.504358539684383e-10
3,598.0,503.0,38.431,1.506486456504693e-10
3,599.0,504.0,38.421,1.5086130624642287e-10
3,600.0,505.0,38.409,1.8128388381690775e-10
3,601.0,506.0,38.4,1.3615229293713088e-10
3,602.0,507.0,38.389,1.6664184129193342e-10
3,603.0,508.0,38.379,1.51702733294582e-10
3,604.0,509.0,38.369,1.519147253526319e-10
3,605.0,510.0,38.358,1.6733706401644365e-10
3,606.0,511.0,38.35,1.218706529690426e-10
3,607.0,512.0,38.341,1.3730029442629994e-10
3,608.0,513.0,38.332,1.3749421072705016e-10
3,609.0,514.0,38.322,1.5298469404908483e-10
3,610.0,515.0,38.313,1.378781264829546e-10
3,611.0,516.0,38.303,1.534110180481695e-10
3,612.0,517.0,38.293,1.536219876364843e-10
3,613.0,518.0,38.283,1.5383282613904484e-10
3,614.0,519.0,38.272,1.6944567352659075e-10
3,615.0,520.0,38.261,1.6967286990621055e-10
3,616.0,521.0,38.252,1.3901264906822802e-10
3,617.0,522.0,38.241,1.701356836216385e-10
3,618.0,523.0,38.232,1.3939107888075261e-10
3,619.0,524.0,38.222,1.5509104724380859e-10
3,620.0,525.0,38.212,1.5530096159103272e-10
3,621.0,526.0,38.2,1.8660800956364922e-10
3,622.0,527.0,38.189,1.7128122561229732e-10
3,623.0,528.0,38.179,1.5591766814359815e-10
3,624.0,529.0,38.168,1.7173749289960156e-10
3,625.0,530.0,38.158,1.5633218130628885e-10
3,626.0,531.0,38.149,1.4088900097346258e-10
3,627.0,532.0,38.14,1.4108077598663548e-10
3,628.0,533.0,38.13,1.5696732508552993e-10
3,629.0,534.0,38.121,1.414602970889722e-10
3,630.0,535.0,38.112,1.416517476646334e-10
3,631.0,536.0,38.101,1.7335922985050622e-10
3,632.0,537.0,38.092,1.4202687411340237e-10
3,633.0,538.0,38.083,1.42217994352688e-10
3,634.0,539.0,38.073,1.5823015385838932e-10
3,635.0,540.0,38.062,1.7427963023234314e-10
3,636.0,541.0,38.051,1.7450364712434506e-10
3,637.0,542.0,38.04,1.7472750540267778e-10
3,638.0,543.0,38.029,1.7495120506689018e-10
3,639.0,544.0,38.022,1.1148070190908472e-10
3,640.0,545.0,38.018,6.379372189881615e-11
3,644.0,549.0,38.009,1.4440828084255078e-10
3,645.0,550.0,38.0,1.4459827439884118e-10
3,646.0,551.0,37.99,1.6087361826947189e-10
3,647.0,552.0,37.982,1.2886758639143273e-10
3,648.0,553.0,37.979,4.8393028460579914e-11
3,649.0,554.0,37.972,1.1307643306316634e-10
3,650.0,555.0,37.964,1.294037695198795e-10
3,651.0,556.0,37.952,1.9435307622505713e-10
3,652.0,557.0,37.937,2.432279907386387e-10
3,653.0,558.0,37.922,2.4350474085184885e-10
3,654.0,559.0,37.912,1.6253151361719874e-10
3,655.0,560.0,37.905,1.1392047920676666e-10
3,656.0,561.0,37.897,1.3036780641932709e-10
3,657.0,562.0,37.887,1.6316941675386267e-10
3,658.0,563.0,37.877,1.6337464478147322e-10
3,659.0,564.0,37.866,1.7993534029206582e-10
3,660.0,565.0,37.857,1.4740429019615847e-10
3,661.0,566.0,37.851,9.839892427483739e-11
3,662.0,567.0,37.844,1.149526771502777e-10
3,663.0,568.0,37.835,1.4798826886894411e-10
3,664.0,569.0,37.828,1.1525122323769626e-10
3,665.0,570.0,37.817,1.8133866951494725e-10
3,666.0,571.0,37.807,1.6505540150376274e-10
3,667.0,572.0,37.798,1.4873553104251052e-10
3,668.0,573.0,37.79,1.323778036393615e-10
3,669.0,574.0,37.782,1.3254791114247195e-10
3,670.0,575.0,37.772,1.658930270617778e-10
3,671.0,576.0,37.763,1.4948896342766325e-10
3,672.0,577.0,37.755,1.3304715951795208e-10
3,673.0,578.0,37.745,1.6651673359956272e-10
3,674.0,579.0,37.735,1.6671998223051882e-10
3,675.0,580.0,37.726,1.5023278066474163e-10
3,676.0,581.0,37.717,1.5041945905954875e-10
3,677.0,582.0,37.707,1.6733781612150877e-10
3,678.0,583.0,37.697,1.6754055351771627e-10
3,679.0,584.0,37.689,1.3419808815456756e-10
3,680.0,585.0,37.679,1.6795454889124688e-10
3,681.0,586.0,37.669,1.681569061385702e-10
3,682.0,587.0,37.659,1.6835913229979123e-10
3,683.0,588.0,37.648,1.854148879925316e-10
3,684.0,589.0,37.636,2.0250507011024567e-10
3,685.0,590.0,37.626,1.6895155519629706e-10
3,686.0,591.0,37.615,1.860660881514557e-10
3,687.0,592.0,37.605,1.6935028562104459e-10
3,688.0,593.0,37.596,1.525985583541213e-10
3,689.0,594.0,37.588,1.3580961056716734e-10
3,690.0,595.0,37.579,1.5297296514150068e-10
3,691.0,596.0,37.57,1.531579800567023e-10
3,692.0,597.0,37.561,1.5334288879235457e-10
3,693.0,598.0,37.549,2.0469541263931499e-10
3,694.0,599.0,37.54,1.5370010629047708e-10
3,695.0,600.0,37.531,1.5388467879088996e-10
3,696.0,601.0,37.522,1.5406914511175358e-10
3,697.0,602.0,37.514,1.3711605422846938e-10
3,698.0,603.0,37.505,1.5444187662179977e-10
3,699.0,604.0,37.496,1.5462603030287935e-10
3,700.0,605.0,37.486,1.720089035579286e-10
3,701.0,606.0,37.475,1.894270264568088e-10
3,702.0,607.0,37.466,1.5516543126155577e-10
3,703.0,608.0,37.457,1.5534914252784666e-10
3,704.0,609.0,37.448,1.555327476145883e-10
3,705.0,610.0,37.438,1.7301574130248538e-10
3,706.0,611.0,37.429,1.5589547465154604e-10
3,707.0,612.0,37.418,1.9075782587163875e-10
3,708.0,613.0,37.409,1.562535769792459e-10
3,709.0,614.0,37.4,1.5643663347164954e-10
3,710.0,615.0,37.39,1.7401943298644475e-10
3,711.0,616.0,37.379,1.916371596742154e-10
3,712.0,617.0,37.369,1.744116287809056e-10
3,713.0,618.0,37.358,1.9206827223977826e-10
3,714.0,619.0,37.348,1.7480327401474048e-10
3,715.0,620.0,37.339,1.5750321884197046e-10
3,716.0,621.0,37.328,1.9272154879865327e-10
3,717.0,622.0,37.319,1.5785919757868463e-10
3,718.0,623.0,37.309,1.7559903074813662e-10
3,719.0,624.0,37.299,1.7579647227534127e-10
3,720.0,625.0,37.29,1.5839652803614992e-10
3,721.0,626.0,37.282,1.4096033069059944e-10
3,722.0,627.0,37.272,1.7640220694114697e-10
3,723.0,628.0,37.263,1.5894136184843155e-10
3,724.0,629.0,37.252,1.9447815442317546e-10
3,725.0,630.0,37.241,1.9468927312189454e-10
3,726.0,631.0,37.232,1.594681097441512e-10
3,727.0,632.0,37.222,1.773855803162921e-10
3,728.0,633.0,37.213,1.5982582274683706e-10
3,729.0,634.0,37.202,1.9555844121577088e-10
3,730.0,635.0,37.192,1.7797403131101933e-10
3,731.0,636.0,37.181,1.9598427626447657e-10
3,732.0,637.0,37.172,1.60526949906238e-10
3,733.0,638.0,37.166,1.0714254667608013e-10
3,734.0,639.0,37.162,7.151618935738349e-11
3,735.0,640.0,37.158,7.16059150091073e-11
3,846.0,751.0,37.15,1.6481312336783186e-10
3,847.0,752.0,37.141,1.8559146130593002e-10
3,848.0,753.0,37.129,2.4767740542577363e-10
3,849.0,754.0,37.12,1.859245229565896e-10
3,850.0,755.0,37.111,1.86098389019116e-10
3,851.0,756.0,37.101,2.0696626548386793e-10
3,852.0,757.0,37.094,1.4501340202646723e-10
3,853.0,758.0,37.09,8.294976052769382e-11
3,854.0,759.0,37.088,4.1520144212524324e-11
3,1065.0,970.0,37.087,2.5888270039594916e-11
3,1066.0,971.0,37.074,3.367999369914959e-10
3,1067.0,972.0,37.064,2.592394866221331e-10
3,1068.0,973.0,37.053,2.8534984265926005e-10
3,1069.0,974.0,37.044,2.336235972762093e-10
3,1070.0,975.0,37.036,2.0781199214816223e-10
3,1071.0,976.0,37.027,2.339532847767471e-10
3,1072.0,977.0,37.019,2.0810486942760636e-10
3,1073.0,978.0,37.006,3.383898731672042e-10
3,1074.0,979.0,36.995,2.865038236300846e-10
3,1075.0,980.0,36.986,2.3456706745913135e-10
3,1076.0,981.0,36.978,2.0865006077639504e-10
3,1077.0,982.0,36.969,2.3489546900735e-10
3,1078.0,983.0,36.96,2.3505633987281637e-10
3,1079.0,984.0,36.949,2.874797929479553e-10
3,1080.0,985.0,36.936,3.3995329329466464e-10
3,1081.0,986.0,36.925,2.8782560728682786e-10
3,1082.0,987.0,36.913,3.141841694902426e-10
3,1083.0,988.0,36.906,1.8339627974215424e-10
3,1084.0,989.0,36.9,1.5731425168798982e-10
3,1085.0,990.0,36.893,1.8367024788563001e-10
3,1086.0,991.0,36.886,1.8380465120443384e-10
3,1087.0,992.0,36.874,3.1530260980637494e-10
3,1088.0,993.0,36.864,2.629154553901191e-10
3,1089.0,994.0,36.854,2.630857293720891e-10
3,1090.0,995.0,36.847,1.8428661197637745e-10
3,1091.0,996.0,36.84,1.8442064366675877e-10
3,1092.0,997.0,36.832,2.1091669265638414e-10
3,1093.0,998.0,36.824,2.1106399121927729e-10
3,1094.0,999.0,36.814,2.640068369621582e-10
3,1095.0,1000.0,36.803,2.905900816463456e-10
3,1096.0,1001.0,36.795,2.1147664951681443e-10
3,1097.0,1002.0,36.787,2.1162358628291265e-10
3,1098.0,1003.0,36.777,2.647058523283009e-10
3,1099.0,1004.0,36.766,2.9135842898102686e-10
3,1100.0,1005.0,36.754,3.180352781474459e-10
3,1101.0,1006.0,36.743,2.91706081798944e-10
3,1102.0,1007.0,36.729,3.714730910018169e-10
3,1103.0,1008.0,36.717,3.1858166237777596e-10
3,1104.0,1009.0,36.705,3.1876629681625925e-10
3,1105.0,1010.0,36.692,3.45525263410895e-10
3,1106.0,1011.0,36.682,2.65945832835184e-10
3,1107.0,1012.0,36.673,2.395056257680906e-10
3,1108.0,1013.0,36.663,2.6628876656239916e-10
3,1109.0,1014.0,36.653,2.664564122728072e-10
3,1110.0,1015.0,36.644,2.399648080772803e-10
3,1111.0,1016.0,36.632,3.2014957252377e-10
3,1112.0,1017.0,36.623,2.402594268322339e-10
3,1113.0,1018.0,36.614,2.4041639854869587e-10
3,1114.0,1019.0,36.607,1.8711764977099859e-10
3,1115.0,1020.0,36.599,2.1399685913424287e-10
3,1116.0,1021.0,36.592,1.873767848936106e-10
3,1117.0,1022.0,36.58,3.214217136363598e-10
3,1118.0,1023.0,36.568,3.2160394920354436e-10
3,1119.0,1024.0,36.556,3.217859960070858e-10
3,1120.0,1025.0,36.545,2.951412369875318e-10
3,1121.0,1026.0,36.534,2.953158528613871e-10
3,1122.0,1027.0,36.527,1.8804958374251902e-10
3,1123.0,1028.0,36.516,2.956969948404238e-10
3,1124.0,1029.0,36.506,2.689774687047235e-10
3,1125.0,1030.0,36.495,2.960532849060634e-10
3,1126.0,1031.0,36.484,2.9622714375867603e-10
3,1127.0,1032.0,36.473,2.964008439977767e-10
3,1128.0,1033.0,36.463,2.6961677446012496e-10
3,1129.0,1034.0,36.454,2.4280694851681075e-10
3,1130.0,1035.0,36.443,2.969454339903527e-10
3,1131.0,1036.0,36.433,2.7011145318252773e-10
3,1132.0,1037.0,36.422,2.972996116073049e-10
3,1133.0,1038.0,36.411,2.9747238900154436e-10
3,1134.0,1039.0,36.401,2.705900869952604e-10
3,1135.0,1040.0,36.39,2.9782565098393346e-10
3,1136.0,1041.0,36.38,2.7091095897148997e-10
3,1137.0,1042.0,36.369,2.9817830734944186e-10
3,1138.0,1043.0,36.358,2.983503060938453e-10
3,1139.0,1044.0,36.347,2.9852214622416135e-10
3,1140.0,1045.0,36.336,2.9869382774096843e-10
3,1141.0,1046.0,36.325,2.9886535064349507e-10
3,1142.0,1047.0,36.314,2.990367149325131e-10
3,1143.0,1048.0,36.305,2.448132228983263e-10
3,1144.0,1049.0,36.296,2.449666729930702e-10
3,1145.0,1050.0,36.285,2.9958287664459026e-10
3,1146.0,1051.0,36.274,2.997536353165331e-10
3,1147.0,1052.0,36.265,2.4539932221266577e-10
3,1148.0,1053.0,36.255,2.728321533842772e-10
3,1149.0,1054.0,36.244,3.002898115631657e-10
3,1150.0,1055.0,36.235,2.45837657937012e-10
3,1151.0,1056.0,36.225,2.733188096518449e-10
3,1152.0,1057.0,36.216,2.461360873580123e-10
3,1153.0,1058.0,36.206,2.7365014883426044e-10
3,1154.0,1059.0,36.194,3.285651433760492e-10
3,1155.0,1060.0,36.185,2.4656585793204937e-10
3,1156.0,1061.0,36.176,2.4671796308583565e-10
3,1157.0,1062.0,36.167,2.4686996206007266e-10
3,1158.0,1063.0,36.158,2.470218548547604e-10
3,1159.0,1064.0,36.148,2.7463358119804403e-10
3,1160.0,1065.0,36.136,3.297442869337667e-10
3,1161.0,1066.0,36.126,2.749400861638493e-10
3,1162.0,1067.0,36.116,2.751007384434432e-10
3,1163.0,1068.0,36.105,3.027831931476194e-10
3,1164.0,1069.0,36.096,2.47876051632187e-10
3,1165.0,1070.0,36.086,2.755819087676311e-10
3,1166.0,1071.0,36.076,2.757420367039671e-10
3,1167.0,1072.0,36.066,2.7590203355443975e-10
3,1168.0,1073.0,36.054,3.3126509268563607e-10
3,1169.0,1074.0,36.044,2.7620631006056955e-10
3,1170.0,1075.0,36.034,2.763659005446696e-10
3,1171.0,1076.0,36.026,2.212264280162414e-10
3,1172.0,1077.0,36.018,2.21366186520473e-10
3,1173.0,1078.0,36.01,2.2150586112955554e-10
3,1174.0,1079.0,36.002,2.2164545184348873e-10
3,1175.0,1080.0,35.992,2.772234970341582e-10
3,1176.0,1081.0,35.982,2.77382353437423e-10
3,1177.0,1082.0,35.972,2.7754107875502153e-10
3,1178.0,1083.0,35.962,2.7769967298675673e-10
3,1179.0,1084.0,35.956,1.6672415469358774e-10
3,1180.0,1085.0,35.948,2.2244411081797124e-10
3,1181.0,1086.0,35.938,2.7822111288815584e-10
3,1182.0,1087.0,35.927,3.062128833665677e-10
3,1183.0,1088.0,35.915,3.342260313273717e-10
3,1184.0,1089.0,35.905,2.7867176642336327e-10
3,1185.0,1090.0,35.895,2.788294627169347e-10
3,1186.0,1091.0,35.887,2.2319584105318904e-10
3,1187.0,1092.0,35.879,2.2333424150768014e-10
3,1188.0,1093.0,35.87,2.514031239004201e-10
3,1189.0,1094.0,35.86,2.794979023054585e-10
3,1190.0,1095.0,35.85,2.7965497594117923e-10
3,1191.0,1096.0,35.84,2.798119184910366e-10
3,1192.0,1097.0,35.829,3.079613059560734e-10
3,1193.0,1098.0,35.819,2.8011759106141446e-10
3,1194.0,1099.0,35.81,2.522502420412276e-10
3,1195.0,1100.0,35.799,3.0847790780597234e-10
3,1196.0,1101.0,35.787,3.3669478449982474e-10
3,1197.0,1102.0,35.777,2.8072728452029235e-10
3,1198.0,1103.0,35.766,3.089673001632224e-10
3,1199.0,1104.0,35.755,3.091301137209835e-10
3,1200.0,1105.0,35.744,3.092927686652494e-10
3,1201.0,1106.0,35.733,3.094552649954209e-10
3,1202.0,1107.0,35.721,3.377599305473664e-10
3,1203.0,1108.0,35.712,2.5345618512035637e-10
3,1204.0,1109.0,35.704,2.2542800259437473e-10
3,1205.0,1110.0,35.697,1.9737186666306944e-10
3,1206.0,1111.0,35.69,1.9749692880345369e-10
3,1207.0,1112.0,35.681,2.540782144146021e-10
3,1208.0,1113.0,35.67,3.1071022894399574e-10
3,1209.0,1114.0,35.66,2.826144687060426e-10
3,1210.0,1115.0,35.649,3.110414508045635e-10
3,1211.0,1116.0,35.638,3.1120246914182706e-10
3,1212.0,1117.0,35.627,3.11363328864794e-10
3,1213.0,1118.0,35.617,2.832076387918497e-10
3,1214.0,1119.0,35.606,3.116933250725397e-10
3,1215.0,1120.0,35.595,3.1185371616394773e-10
3,1216.0,1121.0,35.587,2.2692879939986614e-10
3,1217.0,1122.0,35.575,3.405774088202869e-10
3,1218.0,1123.0,35.565,2.839599012356727e-10
3,1219.0,1124.0,35.555,2.8411314060968954e-10
3,1220.0,1125.0,35.545,2.8426624889804486e-10
3,1221.0,1126.0,35.536,2.559809047469238e-10
3,1222.0,1127.0,35.526,2.845800815634143e-10
3,1223.0,1128.0,35.516,2.847328031486751e-10
3,1224.0,1129.0,35.507,2.564004643876377e-10
3,1225.0,1130.0,35.496,3.1354605432205965e-10
3,1226.0,1131.0,35.487,2.5667477925322206e-10
3,1227.0,1132.0,35.478,2.5681899762604183e-10
3,1228.0,1133.0,35.467,3.14057169573352e-10
3,1229.0,1134.0,35.459,2.2852999224655566e-10
3,1230.0,1135.0,35.448,3.1440017212045636e-10
3,1231.0,1136.0,35.439,2.573730248176326e-10
3,1232.0,1137.0,35.431,2.289069584856194e-10
3,1233.0,1138.0,35.424,2.004137370613872e-10
3,1234.0,1139.0,35.415,2.578255532084003e-10
3,1235.0,1140.0,35.407,2.2930894639407027e-10
3,1236.0,1141.0,35.398,2.581194758972159e-10
3,1237.0,1142.0,35.388,2.8695443325160223e-10
3,1238.0,1143.0,35.38,2.2969070513188997e-10
3,1239.0,1144.0,35.371,2.5854864478734413e-10
3,1240.0,1145.0,35.364,2.0121018035707184e-10
3,1241.0,1146.0,35.355,2.5884886746295457e-10
3,1242.0,1147.0,35.348,2.014435400661754e-10
3,1243.0,1148.0,35.34,2.3035767000445125e-10
3,1244.0,1149.0,35.333,2.01682313621843e-10
3,1245.0,1150.0,35.325,2.306303967648013e-10
3,1246.0,1151.0,35.317,2.3076337550819043e-10
3,1247.0,1152.0,35.307,2.8861216474179606e-10
3,1248.0,1153.0,35.299,2.3101599369710778e-10
3,1249.0,1154.0,35.291,2.311487102685654e-10
3,1250.0,1155.0,35.284,2.023740425800684e-10
3,1251.0,1156.0,35.276,2.3142045126301805e-10
3,1252.0,1157.0,35.269,2.0261167831044335e-10
3,1253.0,1158.0,35.263,1.73773835756408e-10
3,1254.0,1159.0,35.253,2.8978845062769294e-10
3,1255.0,1160.0,35.243,2.899372855169041e-10
3,1256.0,1161.0,35.232,3.190900605467024e-10
3,1257.0,1162.0,35.224,2.321876496303129e-10
3,1258.0,1163.0,35.217,2.0328253184493443e-10
3,1259.0,1164.0,35.213,1.1623563088027333e-10
3,1260.0,1165.0,35.208,1.4539136189628977e-10
3,1261.0,1166.0,35.203,1.454860894566365e-10
3,1262.0,1167.0,35.193,2.911408896969233e-10
3,1263.0,1168.0,35.184,2.6216365141897884e-10
3,1264.0,1169.0,35.174,2.914448778137507e-10
3,1265.0,1170.0,35.165,2.6243701656748344e-10
3,1266.0,1171.0,35.157,2.3340533243184623e-10
3,1267.0,1172.0,35.148,2.6272488112312223e-10
3,1268.0,1173.0,35.139,2.6286492310054415e-10
3,1269.0,1174.0,35.129,2.9222346229913503e-10
3,1270.0,1175.0,35.118,3.216029732691535e-10
3,1271.0,1176.0,35.109,2.632619195870345e-10
3,1272.0,1177.0,35.1,2.634015191494602e-10
3,1273.0,1178.0,35.091,2.6354101253233673e-10
4,1274.0,1179.0,35.086,1.4649746113382046e-10
4,1282.0,1187.0,35.078,2.3582411829471104e-10
4,1283.0,1188.0,35.065,3.833983262474721e-10
4,1284.0,1189.0,35.053,3.5405575429017603e-10
4,1285.0,1190.0,35.042,3.2469733208571676e-10
4,1286.0,1191.0,35.033,2.6579233456644825e-10
4,1287.0,1192.0,35.022,3.2501711932663726e-10
4,1288.0,1193.0,35.011,3.2516751053255066e-10
4,1289.0,1194.0,34.999,3.5488701431866864e-10
4,1290.0,1195.0,34.989,2.958756062112788e-10
4,1291.0,1196.0,34.979,2.960203512213442e-10
4,1292.0,1197.0,34.968,3.2577680417954537e-10
4,1293.0,1198.0,34.959,2.6667468957045956e-10
4,1294.0,1199.0,34.948,3.260945150203916e-10
4,1295.0,1200.0,34.936,3.5589725374150095e-10
4,1296.0,1201.0,34.927,2.670487866674868e-10
4,1297.0,1202.0,34.917,2.9686906664339597e-10
4,1298.0,1203.0,34.908,2.6731542121233936e-10
4,1299.0,1204.0,34.901,2.0802449445809564e-10
4,1300.0,1205.0,34.891,2.9733419861241816e-10
4,1301.0,1206.0,34.88,3.27220720535141e-10
4,1302.0,1207.0,34.869,3.27368977663621e-10
4,1303.0,1208.0,34.859,2.97747066647313e-10
4,1304.0,1209.0,34.85,2.681049428465222e-10
4,1305.0,1210.0,34.844,1.7883520644442185e-10
4,1306.0,1211.0,34.836,2.3858172441062994e-10
4,1307.0,1212.0,34.828,2.3870958031806375e-10
4,1308.0,1213.0,34.821,2.0898568384508883e-10
4,1309.0,1214.0,34.812,2.688395313111083e-10
4,1310.0,1215.0,34.803,2.6897536149953436e-10
4,1311.0,1216.0,34.793,2.990080208923269e-10
4,1312.0,1217.0,34.786,2.0941410259594812e-10
4,1313.0,1218.0,34.779,2.0953154864747313e-10
4,1314.0,1219.0,34.773,1.7970166695979119e-10
4,1315.0,1220.0,34.764,2.696994617841965e-10
4,1316.0,1221.0,34.755,2.6983469028850994e-10
4,1317.0,1222.0,34.744,3.299536091006744e-10
4,1318.0,1223.0,34.737,2.100754864878788e-10
4,1319.0,1224.0,34.73,2.1019251503114248e-10
4,1320.0,1225.0,34.723,2.1030947934190643e-10
4,1321.0,1226.0,34.717,1.803680655414233e-10
4,1322.0,1227.0,34.708,2.70698419629917e-10
4,1323.0,1228.0,34.7,2.4074386512685186e-10
4,1324.0,1229.0,34.692,2.408702948205186e-10
4,1325.0,1230.0,34.683,2.7111731269901595e-10
4,1326.0,1231.0,34.676,2.1097949785965388e-10
4,1327.0,1232.0,34.667,2.7140130170131315e-10
4,1328.0,1233.0,34.656,3.318669288579383e-10
4,1329.0,1234.0,34.648,2.41473310765305e-10
4,1330.0,1235.0,34.638,3.0199030293454187e-10
4,1331.0,1236.0,34.627,3.3233834016710233e-10
4,1332.0,1237.0,34.618,2.720389069453528e-10
4,1333.0,1238.0,34.607,3.326455103936834e-10
4,1334.0,1239.0,34.599,2.420390458909926e-10
4,1335.0,1240.0,34.589,3.0269685573761076e-10
4,1336.0,1241.0,34.58,2.7255636707994175e-10
4,1337.0,1242.0,34.571,2.726893953080394e-10
4,1338.0,1243.0,34.562,2.7282231735658775e-10
4,1339.0,1244.0,34.553,2.7295513322558684e-10
4,1340.0,1245.0,34.544,2.730878429150366e-10
4,1341.0,1246.0,34.535,2.732204464249371e-10
4,1342.0,1247.0,34.526,2.7335294375507253e-10
4,1343.0,1248.0,34.515,3.3425017111688836e-10
4,1344.0,1249.0,34.505,3.039975552163827e-10
4,1345.0,1250.0,34.496,2.7372599675341434e-10
4,1346.0,1251.0,34.486,3.042823130374844e-10
4,1347.0,1252.0,34.478,2.435431355733558e-10
4,1348.0,1253.0,34.469,2.74121842961454e-10
4,1349.0,1254.0,34.459,3.047217783940415e-10
4,1350.0,1255.0,34.45,2.7437724606953747e-10
4,1351.0,1256.0,34.44,3.050053105623217e-10
4,1352.0,1257.0,34.432,2.4412105644068256e-10
4,1353.0,1258.0,34.424,2.442448644170859e-10
4,1354.0,1259.0,34.417,2.1382562101542562e-10
4,1355.0,1260.0,34.408,2.7505775375035313e-10
4,1356.0,1261.0,34.399,2.7518875866815046e-10
4,1357.0,1262.0,34.39,2.7531965740639853e-10
4,1358.0,1263.0,34.38,3.0605160515164264e-10
4,1359.0,1264.0,34.372,2.4495744717008243e-10
4,1360.0,1265.0,34.363,2.7571171654384696e-10
4,1361.0,1266.0,34.355,2.4519662643629243e-10
4,1362.0,1267.0,34.345,3.0664063947846164e-10
4,1363.0,1268.0,34.337,2.454283023474681e-10
4,1364.0,1269.0,34.327,3.069299984133677e-10
4,1365.0,1270.0,34.32,2.1495528195374285e-10
4,1366.0,1271.0,34.311,2.7650908366694935e-10
4,1367.0,1272.0,34.303,2.459048571386268e-10
4,1368.0,1273.0,34.293,3.075252331013035e-10
4,1369.0,1274.0,34.284,2.768983113497501e-10
4,1370.0,1275.0,34.275,2.770278415515851e-10
4,1371.0,1276.0,34.265,3.079480243362628e-10
4,1372.0,1277.0,34.256,2.77278490175406e-10
4,1373.0,1278.0,34.247,2.7740769593972934e-10
4,1374.0,1279.0,34.239,2.467029760391555e-10
4,1375.0,1280.0,34.23,2.7767389986752086e-10
4,1376.0,1281.0,34.221,2.778027929920601e-10
4,1377.0,1282.0,34.213,2.470539033819074e-10
4,1378.0,1283.0,34.204,2.780683893368752e-10
4,1379.0,1284.0,34.193,3.4000857646365154e-10
4,1380.0,1285.0,34.183,3.0922788116276716e-10
4,1381.0,1286.0,34.173,3.093614445489018e-10
4,1382.0,1287.0,34.163,3.09494876849393e-10
4,1383.0,1288.0,34.155,2.477097941207356e-10
4,1384.0,1289.0,34.146,2.788056234418978e-10
4,1385.0,1290.0,34.137,2.789335432539019e-10
4,1386.0,1291.0,34.128,2.790613568863568e-10
4,1387.0,1292.0,34.119,2.7918906433926236e-10
4,1388.0,1293.0,34.11,2.7931666561261865e-10
4,1389.0,1294.0,34.102,2.4839845108217926e-10
4,1390.0,1295.0,34.094,2.4851897666812765e-10
4,1391.0,1296.0,34.084,3.107901559274968e-10
4,1392.0,1297.0,34.073,3.4200956644630257e-10
4,1393.0,1298.0,34.062,3.421447883963228e-10
4,1394.0,1299.0,34.052,3.1116806991714913e-10
4,1395.0,1300.0,34.043,2.801739858384535e-10
4,1396.0,1301.0,34.036,2.1801807136184356e-10
4,1397.0,1302.0,34.026,3.115996635678302e-10
4,1398.0,1303.0,34.016,3.1173108370032104e-10
4,1399.0,1304.0,34.006,3.118623727465056e-10
4,1400.0,1305.0,33.993,4.0557369669884213e-10
4,1401.0,1306.0,33.984,2.8089144105298934e-10
4,1402.0,1307.0,33.972,3.7467346321627444e-10
4,1403.0,1308.0,33.963,2.811186298952815e-10
4,1404.0,1309.0,33.954,2.8124446150948304e-10
4,1405.0,1310.0,33.943,3.438867654939292e-10
4,1406.0,1311.0,33.933,3.127500796586013e-10
4,1407.0,1312.0,33.921,3.754452941577732e-10
4,1408.0,1313.0,33.911,3.129919330764228e-10
4,1409.0,1314.0,33.901,3.131218784927299e-10
4,1410.0,1315.0,33.89,3.445717792512966e-10
4,1411.0,1316.0,33.882,2.507051008543368e-10
4,1412.0,1317.0,33.873,2.821723291975236e-10
4,1413.0,1318.0,33.863,3.1365887173181166e-10
4,1414.0,1319.0,33.852,3.451618950364882e-10
4,1415.0,1320.0,33.84,3.766785578247971e-10
4,1416.0,1321.0,33.829,3.454152951525803e-10
4,1417.0,1322.0,33.819,3.141381478652746e-10
4,1418.0,1323.0,33.81,2.828443926547391e-10
4,1419.0,1324.0,33.801,2.8296852539615194e-10
4,1420.0,1325.0,33.792,2.8309255195801554e-10
4,1421.0,1326.0,33.782,3.1468031244188786e-10
4,1422.0,1327.0,33.771,3.4628429021289334e-10
4,1423.0,1328.0,33.763,2.5194934165177835e-10
4,1424.0,1329.0,33.754,2.8357079644573424e-10
4,1425.0,1330.0,33.745,2.8369428031212375e-10
4,1426.0,1331.0,33.736,2.838176579989639e-10
4,1427.0,1332.0,33.726,3.154852451853679e-10
4,1428.0,1333.0,33.717,2.840556712564196e-10
4,1429.0,1334.0,33.707,3.157494552971783e-10
4,1430.0,1335.0,33.698,2.842932362002228e-10
4,1431.0,1336.0,33.69,2.5281803718111754e-10
4,1432.0,1337.0,33.683,2.2132109560506844e-10
4,1433.0,1338.0,33.675,2.530586741221276e-10
4,1434.0,1339.0,33.667,2.5317511507257083e-10
4,1435.0,1340.0,33.656,3.482602552490313e-10
4,1436.0,1341.0,33.647,2.8505406576064254e-10
4,1437.0,1342.0,33.64,2.2181036736332398e-10
4,1438.0,1343.0,33.634,1.9021871985611372e-10
4,1439.0,1344.0,33.627,2.220332526567234e-10
4,1440.0,1345.0,33.62,2.2214130247379125e-10
4,1441.0,1346.0,33.613,2.2224928805833511e-10
4,1465.0,1370.0,33.612,3.227485522909425e-11
4,1466.0,1371.0,33.604,2.583404958390607e-10
4,1467.0,1372.0,33.598,1.9384715426815746e-10
4,1468.0,1373.0,33.595,9.697665707728273e-11
4,1478.0,1383.0,33.593,6.508666371608084e-11
4,1479.0,1384.0,33.585,2.604840276063398e-10
4,1480.0,1385.0,33.576,2.931684602876556e-10
4,1481.0,1386.0,33.568,2.607042571001485e-10
4,1482.0,1387.0,33.562,1.9561942072077098e-10
4,1483.0,1388.0,33.557,1.6309945131277416e-10
4,1484.0,1389.0,33.555,6.527696368580823e-11
4,1485.0,1390.0,33.554,3.265901546013289e-11
4,1498.0,1403.0,33.55,1.3176985886601693e-10
4,1499.0,1404.0,33.546,1.318421029067746e-10
4,1500.0,1405.0,33.545,3.2980056209410794e-11
4,1516.0,1421.0,33.542,9.998956864210667e-11
4,1517.0,1422.0,33.536,2.000842039145213e-10
4,1518.0,1423.0,33.528,2.6689908136822225e-10
4,1519.0,1424.0,33.522,2.0026436308163092e-10
4,1520.0,1425.0,33.515,2.3375024031182567e-10
4,1521.0,1426.0,33.513,6.682074878951907e-11
4,1533.0,1438.0,33.512,3.367245993232095e-11
4,1534.0,1439.0,33.506,2.021454360442329e-10
4,1535.0,1440.0,33.497,3.033479084250106e-10
4,1536.0,1441.0,33.486,3.7088934992217554e-10
4,1537.0,1442.0,33.475,3.710089195644467e-10
4,1538.0,1443.0,33.466,3.036595247561461e-10
4,1539.0,1444.0,33.46,2.0252591669508912e-10
4,1540.0,1445.0,33.452,2.7015349241903777e-10
4,1541.0,1446.0,33.445,2.364847762987334e-10
4,1542.0,1447.0,33.435,3.3796871886694465e-10
4,1543.0,1448.0,33.426,3.04282636491708e-10
4,1544.0,1449.0,33.417,3.043978678475723e-10
4,1545.0,1450.0,33.407,3.3834270683523103e-10
4,1546.0,1451.0,33.398,3.0461889237690147e-10
4,1547.0,1452.0,33.39,2.708785440593531e-10
4,1548.0,1453.0,33.38,3.3872573972760557e-10
4,1549.0,1454.0,33.37,3.3884302880405e-10
4,1550.0,1455.0,33.359,3.7285061793856844e-10
4,1551.0,1456.0,33.351,2.712617709590459e-10
4,1552.0,1457.0,33.342,3.052884311206299e-10
4,1553.0,1458.0,33.335,2.3754255007732177e-10
4,1554.0,1459.0,33.327,2.7159089610123015e-10
4,1555.0,1460.0,33.318,3.056584049118265e-10
4,1556.0,1461.0,33.31,2.718017346035494e-10
4,1557.0,1462.0,33.3,3.398786726671939e-10
4,1558.0,1463.0,33.291,3.0599995797699716e-10
4,1559.0,1464.0,33.282,3.0611359663962214e-10
4,1560.0,1465.0,33.273,3.0622712912245605e-10
4,1561.0,1466.0,33.263,3.403732792923722e-10
4,1562.0,1467.0,33.255,2.7239934981098097e-10
4,1563.0,1468.0,33.246,3.065670894946292e-10
4,1564.0,1469.0,33.238,2.7260872015211437e-10
4,1565.0,1470.0,33.228,3.4088646078414044e-10
4,1566.0,1471.0,33.218,3.4100163937794475e-10
4,1567.0,1472.0,33.208,3.4111668688612806e-10
4,1568.0,1473.0,33.2,2.7299350435162095e-10
4,1569.0,1474.0,33.194,2.0483251403290061e-10
4,1570.0,1475.0,33.19,1.3662146202297925e-10
4,1571.0,1476.0,33.188,6.834806295426117e-11
4,1583.0,1488.0,33.187,3.443351168352193e-11
4,1584.0,1489.0,33.18,2.4115777660549097e-10
4,1585.0,1490.0,33.178,6.893637106564105e-11
4,1586.0,1491.0,33.177,3.448837275564898e-11
4,1653.0,1558.0,33.173,1.4377045242474366e-10
4,1654.0,1559.0,33.168,1.797973930669936e-10
4,1667.0,1572.0,33.161,2.5364888461669463e-10
4,1668.0,1573.0,33.15,3.98721978885247e-10
4,1669.0,1574.0,33.14,3.6257697641562767e-10
4,1670.0,1575.0,33.13,3.6268476176674084e-10
4,1671.0,1576.0,33.122,2.902426946048514e-10
4,1672.0,1577.0,33.114,2.9034625243687256e-10
4,1673.0,1578.0,33.108,2.1784387397987136e-10
4,1674.0,1579.0,33.099,3.268870680150934e-10
4,1675.0,1580.0,33.09,3.269934156817425e-10
4,1676.0,1581.0,33.078,4.3611310323418863e-10
4,1677.0,1582.0,33.068,3.6352352121773194e-10
4,1678.0,1583.0,33.06,2.9091304673586297e-10
4,1679.0,1584.0,33.054,2.182685921770215e-10
4,1680.0,1585.0,33.046,2.9113645899469146e-10
4,1681.0,1586.0,33.036,3.640380332309964e-10
4,1682.0,1587.0,33.028,2.913242997933916e-10
4,1683.0,1588.0,33.019,3.2785030234134253e-10
4,1684.0,1589.0,33.011,2.9152059300829953e-10
4,1685.0,1590.0,33.005,2.1872389401694232e-10
4,1686.0,1591.0,32.998,2.552790372802825e-10
4,1687.0,1592.0,32.991,2.553762685805661e-10
4,1688.0,1593.0,32.982,3.284558885524082e-10
4,1689.0,1594.0,32.973,3.2856080279540006e-10
4,1690.0,1595.0,32.964,3.286656108588426e-10
4,1691.0,1596.0,32.957,2.557180015610841e-10
4,1692.0,1597.0,32.951,2.19273227679197e-10
4,1693.0,1598.0,32.946,1.828051696708381e-10
4,1694.0,1599.0,32.938,2.926032993180907e-10
4,1695.0,1600.0,32.931,2.561206999551739e-10
4,1696.0,1601.0,32.922,3.2941228314602406e-10
4,1697.0,1602.0,32.913,3.295164187389878e-10
4,1698.0,1603.0,32.905,2.9300040558899123e-10
4,1699.0,1604.0,32.898,2.5646787889762344e-10
4,1700.0,1605.0,32.892,2.1991554316602036e-10
4,1701.0,1606.0,32.885,2.5666832884577653e-10
4,1702.0,1607.0,32.876,3.3011582294073935e-10
4,1703.0,1608.0,32.868,2.935327924708359e-10
4,1704.0,1609.0,32.859,3.30332859838347e-10
4,1705.0,1610.0,32.85,3.304361990846911e-10
4,1706.0,1611.0,32.842,2.9381730122884193e-10
4,1707.0,1612.0,32.835,2.57182098257623e-10
4,1708.0,1613.0,32.826,3.3077580552479145e-10
4,1709.0,1614.0,32.817,3.308787377495299e-10
4,1710.0,1615.0,32.807,3.677516891844995e-10
4,1711.0,1616.0,32.797,3.678546046960518e-10
4,1712.0,1617.0,32.787,3.6795738912121794e-10
4,1713.0,1618.0,32.78,2.5765381860192424e-10
4,1714.0,1619.0,32.772,2.945660007588998e-10
4,1715.0,1620.0,32.763,3.3149410132742576e-10
4,1716.0,1621.0,32.754,3.3159629029531924e-10
4,1717.0,1622.0,32.746,2.948474997849615e-10
4,1718.0,1623.0,32.74,2.2121712354179409e-10
4,1719.0,1624.0,32.732,2.9506475625165206e-10
4,1720.0,1625.0,32.726,2.2137995577949034e-10
4,1721.0,1626.0,32.72,2.214680572773677e-10
4,1722.0,1627.0,32.71,3.692376129881396e-10
4,1723.0,1628.0,32.7,3.6933910621781354e-10
4,1724.0,1629.0,32.69,3.694404683618866e-10
4,1725.0,1630.0,32.681,3.3259261724776297e-10
4,1726.0,1631.0,32.671,3.696541121016596e-10
4,1727.0,1632.0,32.66,4.06724370701211e-10
4,1728.0,1633.0,32.65,3.6984460607823316e-10
4,1729.0,1634.0,32.64,3.699453127927272e-10
4,1730.0,1635.0,32.63,3.700458884213579e-10
4,1731.0,1636.0,32.619,4.0715472624591323e-10
4,1732.0,1637.0,32.61,3.332168733629117e-10
4,1733.0,1638.0,32.603,2.59254706673982e-10
4,1734.0,1639.0,32.593,3.7048097551029635e-10
4,1735.0,1640.0,32.583,3.705809153727532e-10
4,1736.0,1641.0,32.572,4.0774253852450833e-10
4,1737.0,1642.0,32.563,3.336972384921843e-10
4,1738.0,1643.0,32.554,3.3379707971226574e-10
4,1739.0,1644.0,32.545,3.338968147527979e-10
4,1740.0,1645.0,32.536,3.3399644361378076e-10
4,1741.0,1646.0,32.527,3.340959662952144e-10
4,1742.0,1647.0,32.516,4.084484640821996e-10
4,1743.0,1648.0,32.507,3.3427412968005493e-10
4,1744.0,1649.0,32.497,3.71520198017508e-10
4,1745.0,1650.0,32.488,3.344621146732047e-10
4,1746.0,1651.0,32.479,3.345610887603003e-10
4,1747.0,1652.0,32.47,3.346599566678466e-10
4,1748.0,1653.0,32.461,3.347587183958436e-10
4,1749.0,1654.0,32.451,3.720580170975287e-10
4,1750.0,1655.0,32.442,3.349456003014535e-10
4,1751.0,1656.0,32.432,3.7226541459617714e-10
4,1752.0,1657.0,32.424,2.978997344873263e-10
4,1753.0,1658.0,32.415,3.352405936342616e-10
4,1754.0,1659.0,32.406,3.3533871238609904e-10
4,1755.0,1660.0,32.396,3.7270172078364447e-10
4,1756.0,1661.0,32.386,3.7279899304851955e-10
4,1757.0,1662.0,32.376,3.728961342277962e-10
4,1758.0,1663.0,32.367,3.3569901499001474e-10
4,1759.0,1664.0,32.359,2.9849046506495185e-10
4,1760.0,1665.0,32.349,3.7322137791756766e-10
4,1761.0,1666.0,32.339,3.7331801441574037e-10
4,1762.0,1667.0,32.329,3.734145198283151e-10
4,1763.0,1668.0,32.319,3.735108941550264e-10
4,1764.0,1669.0,32.311,2.988949593353745e-10
4,1765.0,1670.0,32.302,3.363589533325879e-10
4,1766.0,1671.0,32.292,3.7383395526517335e-10
4,1767.0,1672.0,32.281,4.113164376128147e-10
4,1768.0,1673.0,32.271,3.7401397548126786e-10
4,1769.0,1674.0,32.26,4.1151415704217447e-10
4,1770.0,1675.0,32.251,3.3677932111764914e-10
4,1771.0,1676.0,32.242,3.3687556992964637e-10
4,1772.0,1677.0,32.233,3.369717125620943e-10
4,1773.0,1678.0,32.222,4.1195891040240806e-10
4,1774.0,1679.0,32.211,4.120505712094553e-10
4,1775.0,1680.0,32.2,4.121420734020756e-10
4,1776.0,1681.0,32.191,3.3729236300321497e-10
4,1777.0,1682.0,32.185,2.2493577517754912e-10
4,1778.0,1683.0,32.177,3.0001788278803255e-10
4,1779.0,1684.0,32.168,3.376207498042739e-10
4,1780.0,1685.0,32.157,4.12751204830581e-10
4,1781.0,1686.0,32.148,3.377901946680786e-10
4,1782.0,1687.0,32.137,4.1295801571999123e-10
4,1783.0,1688.0,32.127,3.755043430956745e-10
4,1784.0,1689.0,32.118,3.3804347713487497e-10
4,1785.0,1690.0,32.108,3.7570325933923313e-10
4,1786.0,1691.0,32.098,3.757966776794597e-10
4,1787.0,1692.0,32.087,4.134725195403807e-10
4,1788.0,1693.0,32.077,3.759714020269433e-10
4,1789.0,1694.0,32.066,4.1366441351397444e-10
4,1790.0,1695.0,32.056,3.761455758135339e-10
4,1791.0,1696.0,32.045,4.1385570187087966e-10
4,1792.0,1697.0,32.035,3.763191990394986e-10
4,1793.0,1698.0,32.024,4.140463846110964e-10
4,1794.0,1699.0,32.013,4.141350317541473e-10
4,1795.0,1700.0,32.001,4.5187314497129333e-10
4,1796.0,1701.0,31.991,3.7664125078823063e-10
4,1797.0,1702.0,31.981,3.767331813041755e-10
4,1798.0,1703.0,31.971,3.768249807343909e-10
4,1799.0,1704.0,31.962,3.392302901987405e-10
4,1800.0,1705.0,31.951,4.1471549372080094e-10
4,1801.0,1706.0,31.94,4.14803059405212e-10
4,1802.0,1707.0,31.931,3.3946646596010713e-10
4,1803.0,1708.0,31.92,4.1500371319162206e-10
4,1804.0,1709.0,31.912,3.018984196094541e-10
4,1805.0,1710.0,31.902,3.7747573683981925e-10
4,1806.0,1711.0,31.894,3.02062664952757e-10
4,1807.0,1712.0,31.887,2.643890010831871e-10
4,1808.0,1713.0,31.88,2.6447724906965094e-10
4,1809.0,1714.0,31.875,1.8898123751802577e-10
4,1810.0,1715.0,31.874,3.781358197050939e-11
4,1838.0,1743.0,31.87,1.5358212704711204e-10
4,1839.0,1744.0,31.866,1.5364640106775053e-10
4,1840.0,1745.0,31.865,3.8429472513576534e-11
4,1852.0,1757.0,31.861,1.547082594817031e-10
4,1853.0,1758.0,31.86,3.86949125384999e-11
4,1885.0,1790.0,31.855,1.9679719934689008e-10
4,1886.0,1791.0,31.847,3.1497828240674157e-10
4,1887.0,1792.0,31.837,3.9382030223932245e-10
4,1888.0,1793.0,31.828,3.545203016160367e-10
4,1889.0,1794.0,31.818,3.9400246570914225e-10
4,1890.0,1795.0,31.809,3.546840245821742e-10
4,1891.0,1796.0,31.799,3.941841310529614e-10
4,1892.0,1797.0,31.791,3.1542478183094053e-10
4,1893.0,1798.0,31.781,3.94377705547323e-10
4,1894.0,1799.0,31.771,3.94461901997192e-10
4,1895.0,1800.0,31.762,3.550969597987853e-10
4,1896.0,1801.0,31.754,3.157238044154723e-10
4,1897.0,1802.0,31.746,3.1581075104703405e-10
4,1898.0,1803.0,31.738,3.158976137833628e-10
4,1899.0,1804.0,31.728,3.9496804417834196e-10
4,1900.0,1805.0,31.717,4.345498007563837e-10
4,1901.0,1806.0,31.706,4.3462774867086276e-10
4,1902.0,1807.0,31.695,4.3470553797158757e-10
4,1903.0,1808.0,31.685,3.9526366246314374e-10
4,1904.0,1809.0,31.676,3.558175325628655e-10
4,1905.0,1810.0,31.667,3.5590327549820663e-10
4,1906.0,1811.0,31.657,3.95536989596748e-10
4,1907.0,1812.0,31.646,4.3517459891143685e-10
4,1908.0,1813.0,31.636,3.9568941623861413e-10
4,1909.0,1814.0,31.626,3.957716791719987e-10
4,1910.0,1815.0,31.614,4.750095507837689e-10
4,1911.0,1816.0,31.604,3.9591076127311963e-10
4,1912.0,1817.0,31.594,3.9599261784032787e-10
4,1913.0,1818.0,31.582,4.75274165950897e-10
4,1914.0,1819.0,31.571,4.357370329671568e-10
4,1915.0,1820.0,31.561,3.9619974661309726e-10
4,1916.0,1821.0,31.549,4.755222013780327e-10
4,1917.0,1822.0,31.537,4.755894562910666e-10
4,1918.0,1823.0,31.525,4.756565224404573e-10
4,1919.0,1824.0,31.514,4.3608670090269613e-10
4,1920.0,1825.0,31.504,3.9651690885925417e-10
4,1921.0,1826.0,31.492,4.759019151765885e-10
4,1922.0,1827.0,31.482,3.966528055738967e-10
4,1923.0,1828.0,31.471,4.363995235514887e-10
4,1924.0,1829.0,31.459,4.761457506126635e-10
4,1925.0,1830.0,31.447,4.762115426074627e-10
4,1926.0,1831.0,31.435,4.762771458386188e-10
4,1927.0,1832.0,31.425,3.9696476371127977e-10
4,1928.0,1833.0,31.413,4.764381140353387e-10
4,1929.0,1834.0,31.402,4.3680152325766714e-10
4,1930.0,1835.0,31.39,4.76583210355728e-10
4,1931.0,1836.0,31.378,4.766478933641237e-10
4,1932.0,1837.0,31.366,4.767123876088761e-10
4,1933.0,1838.0,31.357,3.5759962357322007e-10
4,1934.0,1839.0,31.346,4.3715287826826734e-10
4,1935.0,1840.0,31.334,4.769656140361992e-10
4,1936.0,1841.0,31.323,4.3728391497438654e-10
4,1937.0,1842.0,31.311,4.771082013731647e-10
4,1938.0,1843.0,31.3,4.374142883860373e-10
4,1939.0,1844.0,31.289,4.3748621618238386e-10
4,1940.0,1845.0,31.279,3.9778634435976606e-10
4,1941.0,1846.0,31.268,4.3764359000473154e-10
4,1942.0,1847.0,31.256,4.774996893039636e-10
4,1943.0,1848.0,31.244,4.775621858001591e-10
4,1944.0,1849.0,31.231,5.174182526554987e-10
4,1945.0,1850.0,31.22,4.3787238333813215e-10
4,1946.0,1851.0,31.208,4.777485427068863e-10
4,1947.0,1852.0,31.195,5.176195130417411e-10
4,1948.0,1853.0,31.183,4.778565155107842e-10
4,1949.0,1854.0,31.17,5.177360575502413e-10
4,1950.0,1855.0,31.157,5.177857027162532e-10
4,1951.0,1856.0,31.145,4.780093275450884e-10
4,1952.0,1857.0,31.133,4.780701015730399e-10
4,1953.0,1858.0,31.123,3.984550395655821e-10
4,1954.0,1859.0,31.113,3.9853099071493007e-10
4,1955.0,1860.0,31.104,3.5875189583981605e-10
4,1956.0,1861.0,31.095,3.58831557046669e-10
4,1957.0,1862.0,31.087,3.1903723032195207e-10
4,1958.0,1863.0,31.077,3.988848176770562e-10
4,1959.0,1864.0,31.067,3.989601396142604e-10
4,1960.0,1865.0,31.055,4.788269808609685e-10
4,1961.0,1866.0,31.045,3.9908468429285696e-10
4,1962.0,1867.0,31.036,3.592494266628901e-10
4,1963.0,1868.0,31.026,3.992472504263925e-10
4,1964.0,1869.0,31.016,3.993219103798452e-10
4,1965.0,1870.0,31.005,4.3932899961973976e-10
4,1966.0,1871.0,30.995,3.994579512886547e-10
4,1967.0,1872.0,30.986,3.595847918198828e-10
4,1968.0,1873.0,30.978,3.1970571054709363e-10
4,1969.0,1874.0,30.969,3.597529566304989e-10
4,1970.0,1875.0,30.959,3.998058531700425e-10
4,1971.0,1876.0,30.95,3.598974669970792e-10
4,1972.0,1877.0,30.941,3.599753703425051e-10
4,1973.0,1878.0,30.932,3.600531675083816e-10
4,1974.0,1879.0,30.924,3.201214939317999e-10
4,1975.0,1880.0,30.917,2.801802451883321e-10
4,1976.0,1881.0,30.912,2.0019122372428754e-10
4,1977.0,1882.0,30.911,4.005461966307469e-11
4,1987.0,1892.0,30.909,8.05105383786735e-11
4,1988.0,1893.0,30.903,2.416218992132361e-10
4,1989.0,1894.0,30.897,2.416965080432021e-10
4,2001.0,1906.0,30.895,8.104107694970233e-11
4,2002.0,1907.0,30.889,2.432132396464396e-10
4,2003.0,1908.0,30.882,2.8383077871064204e-10
4,2004.0,1909.0,30.876,2.4335375844848187e-10
4,2005.0,1910.0,30.869,2.8399459802503317e-10
4,2006.0,1911.0,30.862,2.840718164468232e-10
4,2007.0,1912.0,30.856,2.435602068853357e-10
4,2008.0,1913.0,30.851,2.0303177573087057e-10
4,2009.0,1914.0,30.844,2.8433073822704856e-10
4,2010.0,1915.0,30.837,2.8440771348470646e-10
4,2011.0,1916.0,30.83,2.84484624510147e-10
4,2012.0,1917.0,30.823,2.845614713033701e-10
4,2013.0,1918.0,30.815,3.2529558404282147e-10
4,2014.0,1919.0,30.808,2.847057319515253e-10
4,2015.0,1920.0,30.8,3.254602960517977e-10
4,2016.0,1921.0,30.792,3.255372486969998e-10
4,2017.0,1922.0,30.784,3.2561411744739407e-10
4,2018.0,1923.0,30.777,2.849841688119371e-10
4,2019.0,1924.0,30.77,2.850605476289172e-10
4,2020.0,1925.0,30.764,2.444069966561998e-10
4,2021.0,1926.0,30.756,3.259631414234852e-10
4,2022.0,1927.0,30.748,3.2603961167271033e-10
4,2023.0,1928.0,30.74,3.261159980271278e-10
4,2024.0,1929.0,30.731,3.669603683967849e-10
4,2025.0,1930.0,30.723,3.2625790109588674e-10
4,2026.0,1931.0,30.714,3.6711980878791266e-10
4,2027.0,1932.0,30.706,3.2639944761095253e-10
4,2028.0,1933.0,30.696,4.080809628979152e-10
4,2029.0,1934.0,30.687,3.6734026407712094e-10
4,2030.0,1935.0,30.677,4.082306105196239e-10
4,2031.0,1936.0,30.667,4.082985916481956e-10
4,2032.0,1937.0,30.657,4.08366441691194e-10
4,2033.0,1938.0,30.648,3.6759674077842494e-10
4,2034.0,1939.0,30.639,3.676695711009404e-10
4,2035.0,1940.0,30.63,3.6774229524390656e-10
4,2036.0,1941.0,30.621,3.678149132073235e-10
4,2037.0,1942.0,30.61,4.4962549989559946e-10
4,2038.0,1943.0,30.603,2.8618162899733556e-10
4,2039.0,1944.0,30.593,4.089179068095863e-10
4,2040.0,1945.0,30.586,2.8630336253988036e-10
4,2041.0,1946.0,30.578,3.272839730691456e-10
4,2042.0,1947.0,30.57,3.273586710374987e-10
4,2043.0,1948.0,30.561,3.683564200603941e-10
4,2044.0,1949.0,30.552,3.684282062840083e-10
4,2045.0,1950.0,30.543,3.684998863280731e-10
4,2046.0,1951.0,30.534,3.685714601925887e-10
4,2047.0,1952.0,30.526,3.2768796921302237e-10
4,2048.0,1953.0,30.516,4.096892553551081e-10
4,2049.0,1954.0,30.506,4.0975500146970964e-10
4,2050.0,1955.0,30.495,4.507952881829665e-10
4,2051.0,1956.0,30.486,3.688914411126624e-10
4,2052.0,1957.0,30.478,3.279719221667071e-10
4,2053.0,1958.0,30.47,3.280456343695137e-10
4,2054.0,1959.0,30.464,2.460975245187414e-10
4,2055.0,1960.0,30.456,3.282143576057618e-10
4,2056.0,1961.0,30.449,2.8725656650343747e-10
4,2057.0,1962.0,30.442,2.873302200453204e-10
4,2058.0,1963.0,30.434,3.284561009114582e-10
4,2059.0,1964.0,30.426,3.28529330718288e-10
4,2060.0,1965.0,30.419,2.875318926964572e-10
4,2061.0,1966.0,30.413,2.4652286406288366e-10
4,2062.0,1967.0,30.406,2.876880638061549e-10
4,2063.0,1968.0,30.4,2.4665662276695466e-10
4,2064.0,1969.0,30.392,3.28959156020527e-10
4,2065.0,1970.0,30.384,3.2903191391810297e-10
4,2066.0,1971.0,30.377,2.8797125384011524e-10
4,2067.0,1972.0,30.369,3.291880162075765e-10
4,2068.0,1973.0,30.364,2.0579799549851292e-10
4,2069.0,1974.0,30.357,2.881995598616776e-10
4,2070.0,1975.0,30.352,2.0591562212081466e-10
4,2071.0,1976.0,30.345,2.8836412702077494e-10
4,2072.0,1977.0,30.339,2.472356355795231e-10
4,2073.0,1978.0,30.333,2.4730604441842845e-10
4,2074.0,1979.0,30.327,2.4737640606627654e-10
4,2075.0,1980.0,30.322,2.0620900047593312e-10
4,2076.0,1981.0,30.316,2.4752515181724713e-10
4,2077.0,1982.0,30.31,2.475953758250852e-10
4,2078.0,1983.0,30.303,2.889383778114972e-10
4,2079.0,1984.0,30.297,2.4772750644273377e-10
4,2080.0,1985.0,30.29,2.890924109107649e-10
4,2081.0,1986.0,30.284,2.4785943256643554e-10
4,2082.0,1987.0,30.278,2.4792941275456784e-10
4,2083.0,1988.0,30.271,2.8932779163622374e-10
4,2084.0,1989.0,30.264,2.8939976138019337e-10
4,2085.0,1990.0,30.257,2.8947166689179624e-10
4,2086.0,1991.0,30.251,2.481842515380097e-10
4,2087.0,1992.0,30.245,2.4825398397386034e-10
4,2088.0,1993.0,30.239,2.4832366921880017e-10
4,2089.0,1994.0,30.232,2.8978739964690145e-10
4,2090.0,1995.0,30.225,2.898589977621547e-10
4,2091.0,1996.0,30.218,2.89930531645629e-10
4,2092.0,1997.0,30.21,3.314253739923831e-10
4,2093.0,1998.0,30.206,1.6575897603631998e-10
4,2094.0,1999.0,30.199,2.901639624688706e-10
4,2095.0,2000.0,30.192,2.9023524860006346e-10
4,2096.0,2001.0,30.185,2.90306470499036e-10
4,2097.0,2002.0,30.177,3.3185464873414207e-10
4,2098.0,2003.0,30.169,3.319248950265769e-10
4,2099.0,2004.0,30.163,2.4900454754489436e-10
4,2100.0,2005.0,30.157,2.4907362717314566e-10
4,2101.0,2006.0,30.15,2.9066161651280344e-10
4,2102.0,2007.0,30.143,2.9073245301919036e-10
4,2103.0,2008.0,30.135,3.323410297213969e-10
4,2104.0,2009.0,30.129,2.493163772182724e-10
4,2105.0,2010.0,30.121,3.325025694526285e-10
4,2106.0,2011.0,30.114,2.9100549438561243e-10
4,2107.0,2012.0,30.107,2.910760051439242e-10
4,2108.0,2013.0,30.101,2.4955824636639753e-10
4,2109.0,2014.0,30.096,2.080258472642262e-10
4,2110.0,2015.0,30.088,3.3292726143245824e-10
4,2111.0,2016.0,30.081,2.913767764138727e-10
4,2112.0,2017.0,30.075,2.498158458181209e-10
4,2113.0,2018.0,30.069,2.4988427263877286e-10
4,2114.0,2019.0,30.062,2.916065781249876e-10
4,2115.0,2020.0,30.055,2.916765933787363e-10
4,2116.0,2021.0,30.047,3.334190746178889e-10
4,2117.0,2022.0,30.041,2.501242069595555e-10
4,2118.0,2023.0,30.036,2.0849712224430685e-10
4,2119.0,2024.0,30.03,2.502688431685646e-10
4,2120.0,2025.0,30.025,2.086175803214045e-10
4,2121.0,2026.0,30.017,3.338732871342855e-10
4,2122.0,2027.0,30.01,2.922038446440229e-10
4,2123.0,2028.0,30.004,2.505242010520252e-10
4,2124.0,2029.0,29.998,2.5059208910977893e-10
4,2125.0,2030.0,29.991,2.9243171021723284e-10
4,2126.0,2031.0,29.985,2.5071936299619157e-10
4,2127.0,2032.0,29.979,2.50787105548637e-10
4,2128.0,2033.0,29.973,2.5085480091017164e-10
4,2129.0,2034.0,29.966,2.9273797332927646e-10
4,2130.0,2035.0,29.959,2.9280706639397733e-10
4,2131.0,2036.0,29.952,2.92876095226308e-10
4,2132.0,2037.0,29.945,2.9294505982686285e-10
4,2133.0,2038.0,29.939,2.5115901711660815e-10
4,2134.0,2039.0,29.932,2.9309258713458745e-10
4,2135.0,2040.0,29.925,2.93161363626631e-10
4,2136.0,2041.0,29.918,2.932300758868992e-10
4,2137.0,2042.0,29.911,2.9329872391479665e-10
4,2138.0,2043.0,29.903,3.3527131786672e-10
4,2139.0,2044.0,29.898,2.0959701948192853e-10
4,2140.0,2045.0,29.891,2.9351410093780885e-10
4,2141.0,2046.0,29.885,2.5164634978708167e-10
4,2142.0,2047.0,29.878,2.936606555884276e-10
4,2143.0,2048.0,29.87,3.356845844027017e-10
4,2144.0,2049.0,29.864,2.5182189997538605e-10
4,2145.0,2050.0,29.857,2.9386527832706434e-10
4,2146.0,2051.0,29.85,2.939333574423147e-10
4,2147.0,2052.0,29.842,3.359959395454036e-10
4,2148.0,2053.0,29.834,3.3606233191330765e-10
4,2149.0,2054.0,29.827,2.941174901496561e-10
4,2150.0,2055.0,29.82,2.941853031609024e-10
4,2151.0,2056.0,29.812,3.3628356290311205e-10
4,2152.0,2057.0,29.805,2.943108630996522e-10
4,2153.0,2058.0,29.798,2.9437847882652485e-10
4,2154.0,2059.0,29.792,2.523865470880441e-10
4,2155.0,2060.0,29.785,2.945234047352919e-10
4,2156.0,2061.0,29.779,2.525106670487348e-10
4,2157.0,2062.0,29.771,3.3675787874750705e-10
4,2158.0,2063.0,29.764,2.9472549489504936e-10
4,2159.0,2064.0,29.756,3.369003166465883e-10
4,2160.0,2065.0,29.749,2.9484999041658897e-10
4,2161.0,2066.0,29.742,2.949170922867278e-10
4,2162.0,2067.0,29.735,2.9498412992509295e-10
4,2163.0,2068.0,29.726,3.7933865932616097e-10
4,2164.0,2069.0,29.717,3.793991492255037e-10
4,2165.0,2070.0,29.709,3.373030386358736e-10
4,2166.0,2071.0,29.7,3.7953258742463886e-10
4,2167.0,2072.0,29.693,2.9524875918380155e-10
4,2168.0,2073.0,29.686,2.953153793136922e-10
4,2169.0,2074.0,29.676,4.21952868766249e-10
4,2170.0,2075.0,29.668,3.3761552111685085e-10
4,2171.0,2076.0,29.659,3.798836376606069e-10
4,2172.0,2077.0,29.652,2.9552142662779856e-10
4,2173.0,2078.0,29.643,3.8002850785788207e-10
4,2174.0,2079.0,29.633,4.223128502097996e-10
4,2175.0,2080.0,29.625,3.379030448494524e-10
4,2176.0,2081.0,29.615,4.2244464393677947e-10
4,2177.0,2082.0,29.605,4.2249609513798165e-10
4,2178.0,2083.0,29.597,3.380493524032188e-10
4,2179.0,2084.0,29.588,3.803708779156959e-10
4,2180.0,2085.0,29.578,4.2269252730431373e-10
4,2181.0,2086.0,29.569,3.8047555915356566e-10
4,2182.0,2087.0,29.557,5.073531471119488e-10
4,2183.0,2088.0,29.547,4.2283066558692796e-10
4,2184.0,2089.0,29.539,3.383164214977082e-10
4,2185.0,2090.0,29.53,3.806706876708369e-10
4,2186.0,2091.0,29.521,3.8072885341782295e-10
4,2187.0,2092.0,29.513,3.38482989682509e-10
4,2188.0,2093.0,29.504,3.808577730872496e-10
4,2189.0,2094.0,29.494,4.232324109866819e-10
4,2190.0,2095.0,29.484,4.232822170602992e-10
4,2191.0,2096.0,29.475,3.810051650488203e-10
4,2192.0,2097.0,29.467,3.3872813597736755e-10
4,2193.0,2098.0,29.458,3.8113304061934554e-10
4,2194.0,2099.0,29.449,3.8119035692978686e-10
4,2195.0,2100.0,29.437,5.083041934023414e-10
4,2196.0,2101.0,29.427,4.2362148038330273e-10
4,2197.0,2102.0,29.415,5.083871864841252e-10
4,2198.0,2103.0,29.406,3.813278004576262e-10
4,2199.0,2104.0,29.395,4.661208114160631e-10
4,2200.0,2105.0,29.386,3.814152275187368e-10
4,2201.0,2106.0,29.376,4.238502842032805e-10
4,2202.0,2107.0,29.366,4.238985303554252e-10
4,2203.0,2108.0,29.356,4.2394664542140547e-10
4,2204.0,2109.0,29.347,3.8160166700955804e-10
4,2205.0,2110.0,29.337,4.2405693451265866e-10
4,2206.0,2111.0,29.327,4.2410466287534204e-10
4,2207.0,2112.0,29.318,3.8174354353342965e-10
4,2208.0,2113.0,29.308,4.242141982228812e-10
4,2209.0,2114.0,29.297,4.666797307320729e-10
4,2210.0,2115.0,29.287,4.2429426546819577e-10
4,2211.0,2116.0,29.276,4.667675018935747e-10
4,2212.0,2117.0,29.265,4.668031864150017e-10
4,2213.0,2118.0,29.256,3.8197200063144946e-10
4,2214.0,2119.0,29.245,4.669060042673244e-10
4,2215.0,2120.0,29.234,4.669412273665127e-10
4,2216.0,2121.0,29.224,4.2453116384038403e-10
4,2217.0,2122.0,29.213,4.670271816779488e-10
4,2218.0,2123.0,29.205,3.396988530124098e-10
4,2219.0,2124.0,29.195,4.2468411482555247e-10
4,2220.0,2125.0,29.188,2.9732627447189005e-10
4,2221.0,2126.0,29.182,2.5490911756183175e-10
4,2222.0,2127.0,29.178,1.6998679924737663e-10
4,2223.0,2128.0,29.174,1.700399886474275e-10
4,2224.0,2129.0,29.168,2.5513098956150783e-10
4,2273.0,2178.0,29.167,4.3453474226671235e-11
4,2274.0,2179.0,29.158,3.9118625307032545e-10
4,2275.0,2180.0,29.15,3.477726305846762e-10
4,2276.0,2181.0,29.142,3.4783002521891685e-10
4,2277.0,2182.0,29.132,4.3484424582237196e-10
4,2278.0,2183.0,29.125,3.044358152387664e-10
4,2279.0,2184.0,29.117,3.47989755965087e-10
4,2280.0,2185.0,29.11,3.045461888802508e-10
4,2281.0,2186.0,29.103,3.0460650509067005e-10
4,2282.0,2187.0,29.097,2.6114742169990756e-10
4,2283.0,2188.0,29.089,3.4826535088428125e-10
4,2284.0,2189.0,29.082,3.047870683299533e-10
4,2285.0,2190.0,29.074,3.4839072664723837e-10
4,2286.0,2191.0,29.067,3.048966344826743e-10
4,2287.0,2192.0,29.061,2.613958346543296e-10
4,2288.0,2193.0,29.057,1.7431009491470698e-10
4,2289.0,2194.0,29.052,2.1794909299744383e-10
4,2290.0,2195.0,29.046,2.61603639830013e-10
4,2291.0,2196.0,29.041,2.1805693733719545e-10
4,2292.0,2197.0,29.036,2.1811456104413673e-10
4,2293.0,2198.0,29.03,2.6180207367732776e-10
4,2294.0,2199.0,29.022,3.4913746513293576e-10
4,2295.0,2200.0,29.016,2.6190406896585816e-10
4,2296.0,2201.0,29.008,3.492733120346543e-10
4,2297.0,2202.0,29.0,3.4932908120434427e-10
4,2298.0,2203.0,28.992,3.493847664790817e-10
4,2299.0,2204.0,28.984,3.494403678588667e-10
4,2300.0,2205.0,28.979,2.1844623449565892e-10
4,2301.0,2206.0,28.971,3.495875143621583e-10
4,2302.0,2207.0,28.963,3.4964287978738925e-10
4,2303.0,2208.0,28.954,3.9340363894071193e-10
4,2304.0,2209.0,28.945,3.9345214234871286e-10
4,2305.0,2210.0,28.937,3.4978430046017115e-10
4,2306.0,2211.0,28.93,3.061146948114939e-10
4,2307.0,2212.0,28.922,3.499063518857892e-10
4,2308.0,2213.0,28.914,3.499612086978705e-10
4,2309.0,2214.0,28.904,4.375048431559456e-10
4,2310.0,2215.0,28.894,4.3754291704494627e-10
4,2311.0,2216.0,28.884,4.375808598479282e-10
4,2312.0,2217.0,28.877,3.0634898129785547e-10
4,2313.0,2218.0,28.868,3.93938471229337e-10
4,2314.0,2219.0,28.86,3.5021578793130294e-10
4,2315.0,2220.0,28.85,4.3782235933391877e-10
4,2316.0,2221.0,28.843,3.0651771895369425e-10
4,2317.0,2222.0,28.837,2.627836878801874e-10
4,2318.0,2223.0,28.831,2.6284240910351926e-10
4,2319.0,2224.0,28.824,3.067126105331119e-10
4,2320.0,2225.0,28.819,2.1912929015794317e-10
4,2321.0,2226.0,28.815,1.7535161142437155e-10
4,2340.0,2245.0,28.806,3.9768116761728583e-10
4,2341.0,2246.0,28.798,3.535411007040254e-10
4,2342.0,2247.0,28.79,3.5359388111587474e-10
4,2343.0,2248.0,28.782,3.5364657763292856e-10
4,2344.0,2249.0,28.773,3.9790467556853605e-10
4,2345.0,2250.0,28.764,3.979499346014199e-10
4,2346.0,2251.0,28.755,3.979950874547544e-10
4,2347.0,2252.0,28.745,4.4225912423524243e-10
4,2348.0,2253.0,28.738,3.0962172470665564e-10
4,2349.0,2254.0,28.73,3.53911727630379e-10
4,2350.0,2255.0,28.722,3.53963815909027e-10
4,2351.0,2256.0,28.712,4.42504366222788e-10
4,2352.0,2257.0,28.703,3.9829152305977363e-10
4,2353.0,2258.0,28.695,3.540825639708894e-10
4,2354.0,2259.0,28.687,3.541343009394237e-10
4,2355.0,2260.0,28.682,2.2137779777857034e-10
4,2356.0,2261.0,28.675,3.099956654836336e-10
4,2357.0,2262.0,28.668,3.100515450933208e-10
4,2358.0,2263.0,28.662,2.658109454818928e-10
4,2359.0,2264.0,28.655,3.101739347203088e-10
4,2360.0,2265.0,28.65,2.216003242244191e-10
4,2361.0,2266.0,28.643,3.1030691805149823e-10
4,2362.0,2267.0,28.635,3.5469379637780274e-10
4,2363.0,2268.0,28.628,3.104071567896177e-10
4,2364.0,2269.0,28.623,2.217667442820369e-10
4,2365.0,2270.0,28.618,2.2182180198336132e-10
4,2366.0,2271.0,28.612,2.662475400582595e-10
4,2367.0,2272.0,28.605,3.106828270828711e-10
4,2368.0,2273.0,28.597,3.551229714943056e-10
4,2369.0,2274.0,28.59,3.107823042121249e-10
4,2370.0,2275.0,28.581,3.996340749775567e-10
4,2371.0,2276.0,28.574,3.108706279003828e-10
4,2372.0,2277.0,28.565,3.9974744524187654e-10
4,2373.0,2278.0,28.558,3.1095865795662246e-10
4,2374.0,2279.0,28.548,4.4428159558618693e-10
4,2375.0,2280.0,28.54,3.5546291384193064e-10
4,2376.0,2281.0,28.532,3.555129152336347e-10
4,2377.0,2282.0,28.524,3.5556283273038615e-10
4,2378.0,2283.0,28.516,3.5561266633234297e-10
4,2379.0,2284.0,28.508,3.556624160390315e-10
4,2380.0,2285.0,28.5,3.5571208185092536e-10
4,2381.0,2286.0,28.493,3.1129691781719194e-10
4,2382.0,2287.0,28.484,4.0029458256033333e-10
4,2383.0,2288.0,28.476,3.5586057591704994e-10
4,2384.0,2289.0,28.469,3.114266367825121e-10
4,2385.0,2290.0,28.462,3.1148067201410314e-10
4,2386.0,2291.0,28.454,3.560333365978759e-10
4,2387.0,2292.0,28.446,3.560824256319712e-10
4,2388.0,2293.0,28.437,4.0064081637412643e-10
4,2389.0,2294.0,28.43,3.1165232764125937e-10
4,2390.0,2295.0,28.424,2.6718129087984587e-10
4,2391.0,2296.0,28.417,3.117706247675938e-10
4,2392.0,2297.0,28.41,3.1182419661065816e-10
4,2393.0,2298.0,28.403,3.1187770422149124e-10
4,2394.0,2299.0,28.397,2.6737426237923617e-10
4,2395.0,2300.0,28.39,3.119955150192726e-10
4,2396.0,2301.0,28.383,3.1204883452205024e-10
4,2397.0,2302.0,28.376,3.1210208979243804e-10
4,2398.0,2303.0,28.368,3.5674260550040583e-10
4,2399.0,2304.0,28.36,3.567907402292577e-10
4,2400.0,2305.0,28.352,3.568387910633155e-10
4,2401.0,2306.0,28.345,3.1228142115247926e-10
4,2402.0,2307.0,28.336,4.0155855571293775e-10
4,2403.0,2308.0,28.327,4.0159815773523156e-10
4,2404.0,2309.0,28.32,3.123958712365982e-10
4,2405.0,2310.0,28.313,3.1244858053452367e-10
4,2406.0,2311.0,28.307,2.678629242605128e-10
4,2407.0,2312.0,28.299,3.5721066068381035e-10
4,2408.0,2313.0,28.291,3.572580560885516e-10
4,2409.0,2314.0,28.285,2.6798849927413687e-10
4,2410.0,2315.0,28.278,3.1271116354305573e-10
4,2411.0,2316.0,28.271,3.1276348744838433e-10
4,2412.0,2317.0,28.265,2.6813252593388155e-10
4,2413.0,2318.0,28.258,3.1287901341988523e-10
4,2414.0,2319.0,28.251,3.1293114921699986e-10
4,2415.0,2320.0,28.243,3.576887780184004e-10
4,2416.0,2321.0,28.236,3.1302414349472555e-10
4,2417.0,2322.0,28.229,3.1307608200793356e-10
4,2418.0,2323.0,28.22,4.0257882320431394e-10
4,2419.0,2324.0,28.213,3.131575695684183e-10
4,2420.0,2325.0,28.204,4.026834041614983e-10
4,2421.0,2326.0,28.197,3.1323876349688707e-10
4,2422.0,2327.0,28.188,4.027876075913963e-10
4,2423.0,2328.0,28.18,3.580732633422221e-10
4,2424.0,2329.0,28.171,4.0287713464803725e-10
4,2425.0,2330.0,28.164,3.1338914454369704e-10
4,2426.0,2331.0,28.157,3.1344046367620115e-10
4,2427.0,2332.0,28.149,3.5826988689376446e-10
4,2428.0,2333.0,28.141,3.5831565683395965e-10
4,2429.0,2334.0,28.131,4.4793575822046535e-10
4,2430.0,2335.0,28.126,2.2400035891001628e-10
4,2431.0,2336.0,28.119,3.1366263553478957e-10
4,2432.0,2337.0,28.112,3.1371355551068075e-10
4,2433.0,2338.0,28.108,1.7930351724531217e-10
4,2434.0,2339.0,28.101,3.1384870438033225e-10
4,2435.0,2340.0,28.097,1.7938068749304738e-10
4,2436.0,2341.0,28.092,2.2428201982754024e-10
4,2437.0,2342.0,28.089,1.3460528639833083e-10
4,2438.0,2343.0,28.085,1.7952498943310497e-10
4,2439.0,2344.0,28.081,1.7957304813247404e-10
4,2440.0,2345.0,28.078,1.34718213264718e-10
4,2441.0,2346.0,28.073,2.2459037801938347e-10
4,2442.0,2347.0,28.07,1.3479022462830239e-10
4,2443.0,2348.0,28.065,2.2471034452434543e-10
4,2444.0,2349.0,28.061,1.7981302702245027e-10
4,2445.0,2350.0,28.055,2.697818246706924e-10
4,2446.0,2351.0,28.054,4.4976416350554214e-11
4,2447.0,2352.0,28.051,1.349747892635635e-10
4,2448.0,2353.0,28.049,9.001194324929457e-11
5,2449.0,2354.0,27.952,4.359655462027179e-9
5,2465.0,2370.0,27.947,2.257807097556953e-10
5,2466.0,2371.0,27.936,4.967768361956306e-10
5,2467.0,2372.0,27.927,4.064730732022791e-10
5,2468.0,2373.0,27.916,4.968238652153839e-10
5,2469.0,2374.0,27.906,4.5167114821026706e-10
5,2470.0,2375.0,27.895,4.968525094428068e-10
5,2471.0,2376.0,27.887,3.613704870359958e-10
5,2472.0,2377.0,27.879,3.614130375072288e-10
5,2473.0,2378.0,27.872,3.162792391416207e-10
5,2474.0,2379.0,27.864,3.6151085902187116e-10
5,2475.0,2380.0,27.86,1.8078955902638932e-10
5,2476.0,2381.0,27.859,4.5211594220626e-11
5,2492.0,2397.0,27.853,2.729882189697736e-10
5,2493.0,2398.0,27.847,2.730389413337259e-10
5,2494.0,2399.0,27.843,1.8206628290076108e-10
5,2505.0,2410.0,27.837,2.742546971730681e-10
5,2506.0,2411.0,27.83,3.2001680941688503e-10
5,2507.0,2412.0,27.825,2.28625354918198e-10
5,2519.0,2424.0,27.822,1.378120031686358e-10
5,2520.0,2425.0,27.819,1.3785184704450594e-10
5,2521.0,2426.0,27.817,9.192943841901829e-11
5,2587.0,2492.0,27.816,4.716553617623605e-11
5,2588.0,2493.0,27.812,1.8871810919223536e-10
5,2606.0,2511.0,27.809,1.4250507337649826e-10
5,2607.0,2512.0,27.801,3.8008416855413266e-10
5,2608.0,2513.0,27.794,3.3261147558766205e-10
5,2609.0,2514.0,27.785,4.276841783372986e-10
5,2610.0,2515.0,27.779,2.851550897029258e-10
5,2611.0,2516.0,27.772,3.32730536617192e-10
5,2612.0,2517.0,27.764,3.803063905528949e-10
5,2613.0,2518.0,27.756,3.803423814875275e-10
5,2614.0,2519.0,27.75,2.852939961488493e-10
5,2615.0,2520.0,27.743,3.328923417971492e-10
5,2616.0,2521.0,27.735,3.804910013959228e-10
5,2617.0,2522.0,27.729,2.85405295911958e-10
5,2618.0,2523.0,27.722,3.330220057063958e-10
5,2619.0,2524.0,27.713,4.2821110614836567e-10
5,2620.0,2525.0,27.706,3.330840860051443e-10
5,2621.0,2526.0,27.7,2.8554261752979397e-10
5,2622.0,2527.0,27.694,2.8558969439588733e-10
5,2623.0,2528.0,27.689,2.3803490137024543e-10
5,2624.0,2529.0,27.683,2.856940256345021e-10
5,2625.0,2530.0,27.676,3.333584372470557e-10
5,2626.0,2531.0,27.669,3.3340109422538343e-10
5,2627.0,2532.0,27.664,2.3818267118681713e-10
5,2628.0,2533.0,27.658,2.8587116458332093e-10
5,2629.0,2534.0,27.651,3.33564865365745e-10
5,2630.0,2535.0,27.644,3.336072791799655e-10
5,2631.0,2536.0,27.636,3.8130696370416607e-10
5,2632.0,2537.0,27.628,3.8134148647712945e-10
5,2633.0,2538.0,27.62,3.8137592535514035e-10
5,2634.0,2539.0,27.615,2.3839437321767165e-10
5,2635.0,2540.0,27.609,2.861248629195825e-10
5,2636.0,2541.0,27.601,3.815478470867685e-10
5,2637.0,2542.0,27.594,3.3389027881153986e-10
5,2638.0,2543.0,27.588,2.8623276493728344e-10
5,2639.0,2544.0,27.581,3.3398611306466384e-10
5,2640.0,2545.0,27.575,2.863148063356996e-10
5,2641.0,2546.0,27.567,3.8180074317754655e-10
5,2642.0,2547.0,27.56,3.341112348489155e-10
5,2643.0,2548.0,27.555,2.386892426741694e-10
5,2644.0,2549.0,27.55,2.3873622876330243e-10
5,2645.0,2550.0,27.546,1.9103001288596226e-10
5,2646.0,2551.0,27.541,2.3883877395702947e-10
5,2647.0,2552.0,27.535,2.8665759324655873e-10
5,2648.0,2553.0,27.529,2.8670340775578837e-10
5,2649.0,2554.0,27.524,2.389619864756818e-10
5,2650.0,2555.0,27.521,1.4341047425842482e-10
5,2651.0,2556.0,27.515,2.8688226917285116e-10
5,2652.0,2557.0,27.509,2.8692791064874117e-10
5,2653.0,2558.0,27.503,2.8697350493372044e-10
5,2654.0,2559.0,27.497,2.870190520277889e-10
5,2655.0,2560.0,27.493,1.9138332861336318e-10
5,2656.0,2561.0,27.488,2.3928009745591525e-10
5,2657.0,2562.0,27.483,2.393266509616993e-10
5,2658.0,2563.0,27.478,2.3937317169601755e-10
5,2659.0,2564.0,27.471,3.351753240166844e-10
5,2660.0,2565.0,27.465,2.87333186190644e-10
5,2661.0,2566.0,27.459,2.873784186786405e-10
5,2662.0,2567.0,27.455,1.916227149952372e-10
5,2663.0,2568.0,27.45,2.3957910267157013e-10
5,2664.0,2569.0,27.443,3.354633612779853e-10
5,2665.0,2570.0,27.435,3.834258093818345e-10
5,2666.0,2571.0,27.426,4.3138222032590805e-10
5,2667.0,2572.0,27.418,3.834758265036718e-10
5,2668.0,2573.0,27.412,2.8764126418661376e-10
5,2669.0,2574.0,27.406,2.876860994844444e-10
5,2670.0,2575.0,27.399,3.356799105361812e-10
5,2671.0,2576.0,27.392,3.3571985141576057e-10
5,2672.0,2577.0,27.382,4.796304847686486e-10
5,2673.0,2578.0,27.373,4.3167919567696956e-10
5,2674.0,2579.0,27.364,4.316987297646065e-10
5,2675.0,2580.0,27.357,3.3579306221499433e-10
5,2676.0,2581.0,27.347,4.797346193784683e-10
5,2677.0,2582.0,27.339,3.838047838561213e-10
5,2678.0,2583.0,27.329,4.797772222840467e-10
5,2679.0,2584.0,27.32,4.318106105658044e-10
5,2680.0,2585.0,27.31,4.798017877750029e-10
5,2681.0,2586.0,27.303,3.358820190479594e-10
5,2682.0,2587.0,27.294,4.318828215076157e-10
5,2683.0,2588.0,27.285,4.319014117770368e-10
5,2684.0,2589.0,27.276,4.319198958669086e-10
5,2685.0,2590.0,27.267,4.319382737772311e-10
5,2686.0,2591.0,27.259,3.8396841571741337e-10
5,2687.0,2592.0,27.251,3.839986546043635e-10
5,2688.0,2593.0,27.245,2.8803217796133147e-10
5,2689.0,2594.0,27.239,2.8807588460987895e-10
5,2690.0,2595.0,27.23,4.321555141856415e-10
5,2691.0,2596.0,27.221,4.3217330220957905e-10
5,2692.0,2597.0,27.213,3.841768212663507e-10
5,2693.0,2598.0,27.204,4.3222444535915255e-10
5,2694.0,2599.0,27.195,4.322419207433061e-10
5,2695.0,2600.0,27.184,5.282974797341878e-10
5,2696.0,2601.0,27.176,3.842246204157216e-10
5,2697.0,2602.0,27.166,4.802998288496293e-10
5,2698.0,2603.0,27.159,3.36229324160983e-10
5,2699.0,2604.0,27.153,2.882343910140857e-10
5,2700.0,2605.0,27.148,2.402356544108643e-10
5,2701.0,2606.0,27.142,2.8833113631379025e-10
5,2702.0,2607.0,27.138,1.9225650465733982e-10
5,2703.0,2608.0,27.131,3.3650519403262097e-10
5,2704.0,2609.0,27.125,2.884706129832192e-10
5,2705.0,2610.0,27.12,2.404323241701735e-10
5,2718.0,2623.0,27.114,2.898465976950122e-10
5,2719.0,2624.0,27.108,2.898890813124549e-10
5,2720.0,2625.0,27.101,3.3824719767511457e-10
5,2721.0,2626.0,27.095,2.8996320643558525e-10
5,2722.0,2627.0,27.09,2.416757473195419e-10
5,2723.0,2628.0,27.082,3.867304472918672e-10
5,2724.0,2629.0,27.074,3.867582060342834e-10
5,2725.0,2630.0,27.07,1.934072288000611e-10
5,2742.0,2647.0,27.069,4.8648958533891513e-11
5,2743.0,2648.0,27.063,2.9196244937139247e-10
5,2744.0,2649.0,27.058,2.4334128169595365e-10
5,2745.0,2650.0,27.051,3.407263836437148e-10
5,2746.0,2651.0,27.044,3.407623191943972e-10
5,2747.0,2652.0,27.038,2.9211813611867925e-10
5,2748.0,2653.0,27.033,2.4347086662613655e-10
5,2749.0,2654.0,27.027,2.9221190052585195e-10
5,2750.0,2655.0,27.02,3.4095588713463863e-10
5,2751.0,2656.0,27.013,3.409915198769766e-10
5,2752.0,2657.0,27.007,2.9231434412803497e-10
5,2753.0,2658.0,27.001,2.923556047143729e-10
5,2754.0,2659.0,26.993,3.8984798372781237e-10
5,2755.0,2660.0,26.986,3.4114604848066095e-10
5,2756.0,2661.0,26.978,3.8991433414821627e-10
5,2757.0,2662.0,26.97,3.899401633068976e-10
5,2758.0,2663.0,26.963,3.4122649685812313e-10
5,2759.0,2664.0,26.959,1.9501748492334184e-10
5,2760.0,2665.0,26.955,1.9505922528393952e-10
5,2761.0,2666.0,26.946,4.3893640860127493e-10
5,2762.0,2667.0,26.937,4.389487519740529e-10
5,2763.0,2668.0,26.928,4.389609891671083e-10
5,2764.0,2669.0,26.92,3.902055754759015e-10
5,2765.0,2670.0,26.911,4.3900145537311455e-10
5,2766.0,2671.0,26.904,3.4146754147634127e-10
5,2767.0,2672.0,26.896,3.902808921695294e-10
5,2768.0,2673.0,26.888,3.90305829944167e-10
5,2769.0,2674.0,26.881,3.4154570043920064e-10
5,2770.0,2675.0,26.873,3.903699781222403e-10
5,2771.0,2676.0,26.867,2.9280689925945207e-10
5,2772.0,2677.0,26.86,3.416486621582584e-10
5,2773.0,2678.0,26.853,3.416828542669582e-10
5,2774.0,2679.0,26.847,2.9290572489180747e-10
5,2775.0,2680.0,26.84,3.4176377750313366e-10
5,2776.0,2681.0,26.833,3.41797781503793e-10
5,2777.0,2682.0,26.825,3.90657543802318e-10
5,2778.0,2683.0,26.818,3.418528513302287e-10
5,2779.0,2684.0,26.811,3.4188665804683726e-10
5,2780.0,2685.0,26.802,4.3959554469853787e-10
5,2781.0,2686.0,26.795,3.419285602983026e-10
5,2782.0,2687.0,26.788,3.419621651426817e-10
5,2783.0,2688.0,26.781,3.4199570575481415e-10
5,2784.0,2689.0,26.772,4.3973538316494954e-10
5,2785.0,2690.0,26.763,4.3974547907025404e-10
5,2786.0,2691.0,26.756,3.42044813468645e-10
5,2787.0,2692.0,26.749,3.4207807880046455e-10
5,2788.0,2693.0,26.74,4.398409138392136e-10
5,2789.0,2694.0,26.731,4.3985060862177634e-10
5,2790.0,2695.0,26.725,2.9325658931356426e-10
5,2791.0,2696.0,26.716,4.3991907083578506e-10
5,2792.0,2697.0,26.706,4.888002555139817e-10
5,2793.0,2698.0,26.698,3.9104845757703565e-10
5,2794.0,2699.0,26.689,4.3994693411917725e-10
5,2795.0,2700.0,26.682,3.4220083088002204e-10
5,2796.0,2701.0,26.674,3.9111663271283004e-10
5,2797.0,2702.0,26.666,3.911391899681898e-10
5,2798.0,2703.0,26.658,3.9116166332859704e-10
5,2799.0,2704.0,26.651,3.4229246710820383e-10
5,2800.0,2705.0,26.644,3.4232483319100097e-10
5,2801.0,2706.0,26.637,3.4235713504155135e-10
5,2802.0,2707.0,26.628,4.401983790896178e-10
5,2803.0,2708.0,26.619,4.4020666994275804e-10
5,2804.0,2709.0,26.609,4.891184271212533e-10
5,2805.0,2710.0,26.599,4.891090151564408e-10
5,2806.0,2711.0,26.591,3.912942907616676e-10
5,2807.0,2712.0,26.582,4.4022221344900094e-10
5,2808.0,2713.0,26.574,3.91322888453609e-10
5,2809.0,2714.0,26.564,4.891621114853777e-10
5,2810.0,2715.0,26.555,4.4024515707994284e-10
5,2811.0,2716.0,26.545,4.891603352717561e-10
5,2812.0,2717.0,26.538,3.4242438372818053e-10
5,2813.0,2718.0,26.532,2.935390859033076e-10
5,2814.0,2719.0,26.527,2.4465214360627927e-10
5,2815.0,2720.0,26.519,3.914865937233288e-10
5,2816.0,2721.0,26.512,3.425755584998781e-10
5,2817.0,2722.0,26.501,5.383414018023186e-10
5,2818.0,2723.0,26.493,3.9151963260431944e-10
5,2819.0,2724.0,26.486,3.426042450024919e-10
5,2820.0,2725.0,26.479,3.4263521174387207e-10
5,2821.0,2726.0,26.471,3.916110204246163e-10
5,2822.0,2727.0,26.467,1.9583052926026798e-10
5,2823.0,2728.0,26.461,2.9379437693297786e-10
5,2824.0,2729.0,26.455,2.938318150555415e-10
5,2825.0,2730.0,26.451,1.9592021034262432e-10
5,2826.0,2731.0,26.446,2.449452778138308e-10
5,2827.0,2732.0,26.444,9.799981107948523e-11
5,2828.0,2733.0,26.442,9.802706251943629e-11
5,2829.0,2734.0,26.441,4.902808146291886e-11
5,2830.0,2735.0,26.439,9.808525939931489e-11
5,2831.0,2736.0,26.438,4.905717597028231e-11
5,2832.0,2737.0,26.435,1.4721237655968511e-10
5,2833.0,2738.0,26.433,9.816695473105184e-11
5,2834.0,2739.0,26.428,2.454715089035342e-10
5,2835.0,2740.0,26.426,9.821024321586976e-11
5,2836.0,2741.0,26.425,4.911965444199713e-11
5,2837.0,2742.0,26.424,4.9135115036606033e-11
5,2838.0,2743.0,26.421,1.4744614263516932e-10
5,2839.0,2744.0,26.417,1.9663807847762918e-10
5,2840.0,2745.0,26.413,1.9667755891811794e-10
5,2841.0,2746.0,26.409,1.967170183846939e-10
5,2842.0,2747.0,26.405,1.9675645687735702e-10
5,2843.0,2748.0,26.402,1.475997008757505e-10
5,2844.0,2749.0,26.4,9.842509163498948e-11
5,2845.0,2750.0,26.399,4.92270527620986e-11
5,2846.0,2751.0,26.398,4.924249041668181e-11
5,2848.0,2753.0,26.396,9.854859024836367e-11
5,2849.0,2754.0,26.395,4.928879551475495e-11
5,2861.0,2766.0,26.394,4.9494524945792945e-11
5,2862.0,2767.0,26.389,2.4753098579353547e-10
5,2863.0,2768.0,26.385,1.9806020279159198e-10
5,2864.0,2769.0,26.381,1.980993476522719e-10
5,2865.0,2770.0,26.378,1.4860667036172238e-10
5,2866.0,2771.0,26.374,1.981850882937509e-10
5,2867.0,2772.0,26.368,2.973249845869447e-10
5,2868.0,2773.0,26.364,1.9824819827161064e-10
5,2869.0,2774.0,26.36,1.9828723564188283e-10
5,2870.0,2775.0,26.357,1.4874751065184446e-10
5,2871.0,2776.0,26.351,2.9754787119120284e-10
5,2872.0,2777.0,26.344,3.47174446464377e-10
5,2873.0,2778.0,26.34,1.9841304661006088e-10
5,2874.0,2779.0,26.335,2.480602515209747e-10
5,2875.0,2780.0,26.331,1.984833322282547e-10
5,2876.0,2781.0,26.327,1.9852220967342124e-10
5,2877.0,2782.0,26.324,1.4892362811407337e-10
5,2878.0,2783.0,26.32,1.9860744694536144e-10
5,2879.0,2784.0,26.318,9.932690600752029e-11
5,2880.0,2785.0,26.312,2.980389162134746e-10
5,2881.0,2786.0,26.306,2.980744234412715e-10
5,2882.0,2787.0,26.299,3.4778825274239294e-10
5,2883.0,2788.0,26.294,2.48449689596586e-10
5,2884.0,2789.0,26.287,3.4787082307226764e-10
5,2885.0,2790.0,26.281,2.9820463496188107e-10
5,2886.0,2791.0,26.273,3.976380705179439e-10
5,2887.0,2792.0,26.265,3.976547498831925e-10
5,2888.0,2793.0,26.256,4.4737174556334246e-10
5,2889.0,2794.0,26.248,3.9767270864646705e-10
5,2890.0,2795.0,26.244,1.9885971906759963e-10
5,2891.0,2796.0,26.24,1.988982111205043e-10
5,2892.0,2797.0,26.239,4.973701380216056e-11
5,2893.0,2798.0,26.238,4.975231578287704e-11
5,2920.0,2825.0,26.235,1.5063846027881813e-10
5,2921.0,2826.0,26.228,3.515431060331281e-10
5,2922.0,2827.0,26.221,3.515696132334427e-10
5,2923.0,2828.0,26.214,3.515960562015058e-10
5,2924.0,2829.0,26.206,4.018465454557239e-10
5,2925.0,2830.0,26.201,2.511776781723359e-10
5,2926.0,2831.0,26.191,5.023832678022973e-10
5,2927.0,2832.0,26.184,3.516743275703145e-10
5,2928.0,2833.0,26.176,4.019356838429586e-10
5,2929.0,2834.0,26.17,3.014740881153329e-10
5,2930.0,2835.0,26.162,4.0199514439055963e-10
5,2931.0,2836.0,26.154,4.0200939604544104e-10
5,2932.0,2837.0,26.145,4.5226786154690587e-10
5,2933.0,2838.0,26.137,4.020222686772189e-10
5,2934.0,2839.0,26.13,3.51788461082252e-10
5,2935.0,2840.0,26.122,4.020655637161555e-10
5,2936.0,2841.0,26.115,3.518262066011651e-10
5,2937.0,2842.0,26.106,4.523634496859734e-10
5,2938.0,2843.0,26.098,4.0210680857236844e-10
5,2939.0,2844.0,26.09,4.021203890676296e-10
5,2940.0,2845.0,26.083,3.518738943273815e-10
5,2941.0,2846.0,26.074,4.5242438494953673e-10
5,2942.0,2847.0,26.067,3.51897297741989e-10
5,2943.0,2848.0,26.058,4.5245428629056743e-10
5,2944.0,2849.0,26.049,4.524517291330888e-10
5,2945.0,2850.0,26.041,4.021846683315662e-10
5,2946.0,2851.0,26.03,5.529899176748648e-10
5,2947.0,2852.0,26.022,4.021642032067636e-10
5,2948.0,2853.0,26.011,5.529615041585613e-10
5,2949.0,2854.0,26.003,4.021433395805793e-10
5,2950.0,2855.0,25.997,3.0162857149457295e-10
5,2951.0,2856.0,25.987,5.027299636936006e-10
5,2952.0,2857.0,25.976,5.529668826115332e-10
5,2953.0,2858.0,25.964,6.031738510315937e-10
5,2954.0,2859.0,25.954,5.026021156509281e-10
5,2955.0,2860.0,25.945,4.523294368371969e-10
5,2956.0,2861.0,25.936,4.523255760308075e-10
5,2957.0,2862.0,25.928,4.0207140490222497e-10
5,2958.0,2863.0,25.918,5.025847336656306e-10
5,2959.0,2864.0,25.909,4.5231335653434364e-10
5,2960.0,2865.0,25.898,5.528008571222066e-10
5,2961.0,2866.0,25.888,5.025122366287441e-10
5,2962.0,2867.0,25.879,4.5224776411777133e-10
5,2963.0,2868.0,25.869,5.024826702124513e-10
5,2964.0,2869.0,25.859,5.024579867442101e-10
5,2965.0,2870.0,25.85,4.5219860003701925e-10
5,2966.0,2871.0,25.839,5.526597412242354e-10
5,2967.0,2872.0,25.83,4.5215358580698513e-10
5,2968.0,2873.0,25.823,3.51684602407996e-10
5,2969.0,2874.0,25.814,4.5217815457491755e-10
5,2970.0,2875.0,25.806,4.019391445095717e-10
5,2971.0,2876.0,25.798,4.01949851603066e-10
5,2972.0,2877.0,25.789,4.521967684396155e-10
5,2973.0,2878.0,25.784,2.5123675529396523e-10
5,2974.0,2879.0,25.777,3.5176789764269476e-10
5,2975.0,2880.0,25.772,2.512887734416764e-10
5,2976.0,2881.0,25.768,2.0106348216717753e-10
5,2977.0,2882.0,25.763,2.5136990248230533e-10
5,2978.0,2883.0,25.759,2.0112833820909132e-10
5,2979.0,2884.0,25.754,2.5145091354583575e-10
5,2980.0,2885.0,25.75,2.0119309986900492e-10
5,2981.0,2886.0,25.748,1.0061858415717822e-10
5,2982.0,2887.0,25.746,1.0064451949541442e-10
5,2983.0,2888.0,25.745,5.033620236766556e-11
5,2984.0,2889.0,25.744,5.035112092223396e-11
5,2985.0,2890.0,25.742,1.0073011987484084e-10
5,2991.0,2896.0,25.741,5.046335565526293e-11
5,2992.0,2897.0,25.74,5.047826634450071e-11
5,2993.0,2898.0,25.737,1.514736420686265e-10
5,2995.0,2900.0,25.736,5.0521027536079556e-11
5,2997.0,2902.0,25.734,1.0110363593377876e-10
5,3000.0,2905.0,25.731,1.5179251400229658e-10
5,3001.0,2906.0,25.73,5.06104366156231e-11
5,3002.0,2907.0,25.728,1.012486994827022e-10
5,3003.0,2908.0,25.726,1.0127455354770428e-10
5,3004.0,2909.0,25.724,1.0130040236891202e-10
5,3005.0,2910.0,25.719,2.533008431290302e-10
5,3006.0,2911.0,25.717,1.0134026295840973e-10
5,3007.0,2912.0,25.714,1.5204618186126435e-10
5,3008.0,2913.0,25.711,1.520790021565779e-10
5,3009.0,2914.0,25.709,1.014098459561961e-10
5,3010.0,2915.0,25.705,2.0286342215657522e-10
5,3011.0,2916.0,25.703,1.0145356833504714e-10
5,3012.0,2917.0,25.699,2.0295083545348994e-10
5,3013.0,2918.0,25.697,1.0149725925347129e-10
5,3014.0,2919.0,25.693,2.0303818582937043e-10
5,3015.0,2920.0,25.691,1.0154091871110801e-10
5,3016.0,2921.0,25.687,2.0312547328403652e-10
5,3017.0,2922.0,25.684,1.5237385391665362e-10
5,3018.0,2923.0,25.68,2.0320478547495883e-10
5,3019.0,2924.0,25.676,2.0324045656008492e-10
5,3020.0,2925.0,25.672,2.0327610667129233e-10
5,3021.0,2926.0,25.666,3.0495572340180127e-10
5,3022.0,2927.0,25.662,2.033314983138765e-10
5,3023.0,2928.0,25.657,2.542038969185738e-10
5,3024.0,2929.0,25.654,1.5254900789778713e-10
5,3025.0,2930.0,25.652,1.0172305596371463e-10
5,3026.0,2931.0,25.647,2.5435700029139e-10
5,3027.0,2932.0,25.644,1.526408266630335e-10
5,3028.0,2933.0,25.642,1.0178424553385277e-10
5,3029.0,2934.0,25.639,1.5271190010726585e-10
5,3030.0,2935.0,25.636,1.5274444315597852e-10
5,3031.0,2936.0,25.633,1.5277697440696346e-10
5,3032.0,2937.0,25.626,3.5652766401009714e-10
5,3033.0,2938.0,25.618,4.074752990186928e-10
5,3034.0,2939.0,25.613,2.5469140032853325e-10
5,3061.0,2966.0,25.611,1.0276913032900159e-10
5,3062.0,2967.0,25.605,3.0835994593150874e-10
5,3063.0,2968.0,25.599,3.083883784552624e-10
5,3064.0,2969.0,25.594,2.5701899041192525e-10
5,3065.0,2970.0,25.588,3.084571552751694e-10
5,3066.0,2971.0,25.581,3.598926584399589e-10
5,3067.0,2972.0,25.576,2.570897227051983e-10
5,3068.0,2973.0,25.568,4.113731109470975e-10
5,3069.0,2974.0,25.562,3.08545913513222e-10
5,3070.0,2975.0,25.555,3.599959711414157e-10
5,3071.0,2976.0,25.548,3.60014605324601e-10
5,3072.0,2977.0,25.539,4.628816754730538e-10
5,3073.0,2978.0,25.532,3.600234831146942e-10
5,3074.0,2979.0,25.526,3.0861340044823395e-10
5,3075.0,2980.0,25.519,3.600743916205724e-10
5,3076.0,2981.0,25.512,3.6009270005520456e-10
5,3077.0,2982.0,25.506,3.086725739177943e-10
5,3078.0,2983.0,25.497,4.630231597226622e-10
5,3079.0,2984.0,25.488,4.6301012618298716e-10
5,3080.0,2985.0,25.479,4.629969864637628e-10
5,3081.0,2986.0,25.472,3.6011260052782954e-10
5,3082.0,2987.0,25.465,3.6013050063036305e-10
5,3083.0,2988.0,25.458,3.601483365006407e-10
5,3084.0,2989.0,25.452,3.0871987100795523e-10
5,3085.0,2990.0,25.445,3.6019796954106883e-10
5,3086.0,2991.0,25.437,4.116669005839656e-10
5,3087.0,2992.0,25.43,3.602190376610213e-10
5,3088.0,2993.0,25.424,3.087802596436514e-10
5,3089.0,2994.0,25.417,3.6026817519670316e-10
5,3090.0,2995.0,25.411,3.0882227528456205e-10
5,3091.0,2996.0,25.404,3.603170741564795e-10
5,3092.0,2997.0,25.4,2.0591749730419915e-10
5,3093.0,2998.0,25.397,1.5446678457440343e-10
5,3121.0,3026.0,25.392,2.5973429806897247e-10
5,3122.0,3027.0,25.386,3.117134972207506e-10
5,3123.0,3028.0,25.38,3.1173965278305847e-10
5,3124.0,3029.0,25.373,3.637195548825941e-10
5,3125.0,3030.0,25.367,3.117795330352557e-10
5,3126.0,3031.0,25.362,2.598430747571116e-10
5,3127.0,3032.0,25.352,5.196986813223872e-10
5,3128.0,3033.0,25.347,2.598555574082614e-10
5,3129.0,3034.0,25.339,4.157951667038833e-10
5,3130.0,3035.0,25.334,2.5988835836841013e-10
5,3131.0,3036.0,25.33,2.0794017314893363e-10
5,3132.0,3037.0,25.323,3.639324933806849e-10
5,3133.0,3038.0,25.318,2.5997317583769673e-10
5,3134.0,3039.0,25.31,4.159830337197561e-10
5,3135.0,3040.0,25.305,2.6000557370881573e-10
5,3136.0,3041.0,25.3,2.6003712443754306e-10
5,3137.0,3042.0,25.292,4.1608515485053057e-10
5,3138.0,3043.0,25.287,2.6006927652285314e-10
5,3139.0,3044.0,25.28,3.6412660499937143e-10
5,3140.0,3045.0,25.275,2.601115484366266e-10
5,3141.0,3046.0,25.27,2.6014291892210707e-10
5,3142.0,3047.0,25.265,2.601742566363065e-10
5,3143.0,3048.0,25.26,2.602055615790401e-10
5,3144.0,3049.0,25.253,3.6431714256217945e-10
5,3145.0,3050.0,25.247,3.1229076790219566e-10
5,3146.0,3051.0,25.243,2.082188040165678e-10
5,3147.0,3052.0,25.24,1.561920842730488e-10
5,3148.0,3053.0,25.237,1.5622314670693528e-10
5,3149.0,3054.0,25.233,2.0833480189683286e-10
5,3150.0,3055.0,25.231,1.0418809285194115e-10
5,3151.0,3056.0,25.23,5.210748633191446e-11
5,3152.0,3057.0,25.229,5.21219572280808e-11
5,3154.0,3059.0,25.227,1.0430385739955441e-10
